id,country,name,iso3166_2,decision,before,after,basis,reason,sources
487,AD,Encamp,AD-03,changed,"{""level"": null}","{""level"": 1}",iso,ISO 3166-2 depth and parent,
488,AD,Andorra la Vella,AD-07,changed,"{""level"": null}","{""level"": 1}",iso,ISO 3166-2 depth and parent,
489,AD,Canillo,AD-02,changed,"{""level"": null}","{""level"": 1}",iso,ISO 3166-2 depth and parent,
490,AD,Sant Julià de Lòria,AD-06,changed,"{""level"": null}","{""level"": 1}",iso,ISO 3166-2 depth and parent,
491,AD,Ordino,AD-05,changed,"{""level"": null}","{""level"": 1}",iso,ISO 3166-2 depth and parent,
492,AD,Escaldes-Engordany,AD-08,changed,"{""level"": null}","{""level"": 1}",iso,ISO 3166-2 depth and parent,
493,AD,La Massana,AD-04,changed,"{""level"": null}","{""level"": 1}",iso,ISO 3166-2 depth and parent,
3390,AE,Sharjah,AE-SH,changed,"{""level"": null}","{""level"": 1}",iso,ISO 3166-2 depth and parent,
3391,AE,Dubai,AE-DU,changed,"{""level"": null}","{""level"": 1}",iso,ISO 3166-2 depth and parent,
3392,AE,Umm Al Quwain,AE-UQ,changed,"{""level"": null}","{""level"": 1}",iso,ISO 3166-2 depth and parent,
3393,AE,Fujairah,AE-FU,changed,"{""level"": null}","{""level"": 1}",iso,ISO 3166-2 depth and parent,
3394,AE,Ras Al Khaimah,AE-RK,changed,"{""level"": null}","{""level"": 1}",iso,ISO 3166-2 depth and parent,
3395,AE,Ajman,AE-AJ,changed,"{""level"": null}","{""level"": 1}",iso,ISO 3166-2 depth and parent,
3396,AE,Abu Dhabi,AE-AZ,changed,"{""level"": null}","{""level"": 1}",iso,ISO 3166-2 depth and parent,
3870,AF,Ghazni,AF-GHA,changed,"{""level"": null}","{""level"": 1}",iso,ISO 3166-2 depth and parent,
3871,AF,Badghis,AF-BDG,changed,"{""level"": null}","{""level"": 1}",iso,ISO 3166-2 depth and parent,
3872,AF,Bamyan,AF-BAM,changed,"{""level"": null}","{""level"": 1}",iso,ISO 3166-2 depth and parent,
3873,AF,Helmand,AF-HEL,changed,"{""level"": null}","{""level"": 1}",iso,ISO 3166-2 depth and parent,
3874,AF,Zabul,AF-ZAB,changed,"{""level"": null}","{""level"": 1}",iso,ISO 3166-2 depth and parent,
3875,AF,Baghlan,AF-BGL,changed,"{""level"": null}","{""level"": 1}",iso,ISO 3166-2 depth and parent,
3876,AF,Kunar,AF-KNR,changed,"{""level"": null}","{""level"": 1}",iso,ISO 3166-2 depth and parent,
3877,AF,Paktika,AF-PKA,changed,"{""level"": null}","{""level"": 1}",iso,ISO 3166-2 depth and parent,
3878,AF,Khost,AF-KHO,changed,"{""level"": null}","{""level"": 1}",iso,ISO 3166-2 depth and parent,
3879,AF,Kapisa,AF-KAP,changed,"{""level"": null}","{""level"": 1}",iso,ISO 3166-2 depth and parent,
3880,AF,Nuristan,AF-NUR,changed,"{""level"": null}","{""level"": 1}",iso,ISO 3166-2 depth and parent,
3881,AF,Panjshir,AF-PAN,changed,"{""level"": null}","{""level"": 1}",iso,ISO 3166-2 depth and parent,
3882,AF,Nangarhar,AF-NAN,changed,"{""level"": null}","{""level"": 1}",iso,ISO 3166-2 depth and parent,
3883,AF,Samangan,AF-SAM,changed,"{""level"": null}","{""level"": 1}",iso,ISO 3166-2 depth and parent,
3884,AF,Balkh,AF-BAL,changed,"{""level"": null}","{""level"": 1}",iso,ISO 3166-2 depth and parent,
3885,AF,Sar-e Pol,AF-SAR,changed,"{""level"": null}","{""level"": 1}",iso,ISO 3166-2 depth and parent,
3886,AF,Jowzjan,AF-JOW,changed,"{""level"": null}","{""level"": 1}",iso,ISO 3166-2 depth and parent,
3887,AF,Herat,AF-HER,changed,"{""level"": null}","{""level"": 1}",iso,ISO 3166-2 depth and parent,
3888,AF,Ghōr,AF-GHO,changed,"{""level"": null}","{""level"": 1}",iso,ISO 3166-2 depth and parent,
3889,AF,Faryab,AF-FYB,changed,"{""level"": null}","{""level"": 1}",iso,ISO 3166-2 depth and parent,
3890,AF,Kandahar,AF-KAN,changed,"{""level"": null}","{""level"": 1}",iso,ISO 3166-2 depth and parent,
3891,AF,Laghman,AF-LAG,changed,"{""level"": null}","{""level"": 1}",iso,ISO 3166-2 depth and parent,
3892,AF,Daykundi,AF-DAY,changed,"{""level"": null}","{""level"": 1}",iso,ISO 3166-2 depth and parent,
3893,AF,Takhar,AF-TAK,changed,"{""level"": null}","{""level"": 1}",iso,ISO 3166-2 depth and parent,
3894,AF,Paktia,AF-PIA,changed,"{""level"": null}","{""level"": 1}",iso,ISO 3166-2 depth and parent,
3895,AF,Parwan,AF-PAR,changed,"{""level"": null}","{""level"": 1}",iso,ISO 3166-2 depth and parent,
3896,AF,Nimruz,AF-NIM,changed,"{""level"": null}","{""level"": 1}",iso,ISO 3166-2 depth and parent,
3897,AF,Logar,AF-LOG,changed,"{""level"": null}","{""level"": 1}",iso,ISO 3166-2 depth and parent,
3898,AF,Urozgan,AF-URU,changed,"{""level"": null}","{""level"": 1}",iso,ISO 3166-2 depth and parent,
3899,AF,Farah,AF-FRA,changed,"{""level"": null}","{""level"": 1}",iso,ISO 3166-2 depth and parent,
3900,AF,Kunduz Province,AF-KDZ,changed,"{""level"": null}","{""level"": 1}",iso,ISO 3166-2 depth and parent,
3901,AF,Badakhshan,AF-BDS,changed,"{""level"": null}","{""level"": 1}",iso,ISO 3166-2 depth and parent,
3902,AF,Kabul,AF-KAB,changed,"{""level"": null}","{""level"": 1}",iso,ISO 3166-2 depth and parent,
5468,AF,Wardak,AF-WAR,changed,"{""level"": null}","{""level"": 1}",iso,ISO 3166-2 depth and parent,
3703,AG,Redonda,AG-11,changed,"{""level"": null}","{""level"": 1}",iso,ISO 3166-2 depth and parent,
3704,AG,Saint Peter,AG-07,changed,"{""level"": null}","{""level"": 1}",iso,ISO 3166-2 depth and parent,
3705,AG,Saint Paul,AG-06,changed,"{""level"": null}","{""level"": 1}",iso,ISO 3166-2 depth and parent,
3706,AG,Saint John,AG-04,changed,"{""level"": null}","{""level"": 1}",iso,ISO 3166-2 depth and parent,
3707,AG,Saint Mary,AG-05,changed,"{""level"": null}","{""level"": 1}",iso,ISO 3166-2 depth and parent,
3708,AG,Barbuda,AG-10,changed,"{""level"": null}","{""level"": 1}",iso,ISO 3166-2 depth and parent,
3709,AG,Saint George,AG-03,changed,"{""level"": null}","{""level"": 1}",iso,ISO 3166-2 depth and parent,
3710,AG,Saint Philip,AG-08,changed,"{""level"": null}","{""level"": 1}",iso,ISO 3166-2 depth and parent,
5273,AI,Blowing Point,AI-01,held,"{""level"": 2, ""parent_id"": null}",,held_unverified,No current official national source establishing this row's hierarchy was verified; absent from the supplied ISO mirror. Retain existing level and parent; code/identity review is outside this round.,https://github.com/dr5hn/countries-states-cities-database/blob/85fb8848193db488eb7156d5b7c4d70f395a1c9f/.github/fixes-docs/FIX_1643_SUMMARY.md
5274,AI,East End,AI-02,held,"{""level"": 2, ""parent_id"": null}",,held_unverified,No current official national source establishing this row's hierarchy was verified; absent from the supplied ISO mirror. Retain existing level and parent; code/identity review is outside this round.,https://github.com/dr5hn/countries-states-cities-database/blob/85fb8848193db488eb7156d5b7c4d70f395a1c9f/.github/fixes-docs/FIX_1643_SUMMARY.md
5275,AI,George Hill,AI-03,held,"{""level"": 2, ""parent_id"": null}",,held_unverified,No current official national source establishing this row's hierarchy was verified; absent from the supplied ISO mirror. Retain existing level and parent; code/identity review is outside this round.,https://github.com/dr5hn/countries-states-cities-database/blob/85fb8848193db488eb7156d5b7c4d70f395a1c9f/.github/fixes-docs/FIX_1643_SUMMARY.md
5276,AI,Island Harbour,AI-04,held,"{""level"": 2, ""parent_id"": null}",,held_unverified,No current official national source establishing this row's hierarchy was verified; absent from the supplied ISO mirror. Retain existing level and parent; code/identity review is outside this round.,https://github.com/dr5hn/countries-states-cities-database/blob/85fb8848193db488eb7156d5b7c4d70f395a1c9f/.github/fixes-docs/FIX_1643_SUMMARY.md
5277,AI,North Hill,AI-05,held,"{""level"": 2, ""parent_id"": null}",,held_unverified,No current official national source establishing this row's hierarchy was verified; absent from the supplied ISO mirror. Retain existing level and parent; code/identity review is outside this round.,https://github.com/dr5hn/countries-states-cities-database/blob/85fb8848193db488eb7156d5b7c4d70f395a1c9f/.github/fixes-docs/FIX_1643_SUMMARY.md
5278,AI,North Side,AI-06,held,"{""level"": 2, ""parent_id"": null}",,held_unverified,No current official national source establishing this row's hierarchy was verified; absent from the supplied ISO mirror. Retain existing level and parent; code/identity review is outside this round.,https://github.com/dr5hn/countries-states-cities-database/blob/85fb8848193db488eb7156d5b7c4d70f395a1c9f/.github/fixes-docs/FIX_1643_SUMMARY.md
5279,AI,Sandy Ground,AI-07,held,"{""level"": 2, ""parent_id"": null}",,held_unverified,No current official national source establishing this row's hierarchy was verified; absent from the supplied ISO mirror. Retain existing level and parent; code/identity review is outside this round.,https://github.com/dr5hn/countries-states-cities-database/blob/85fb8848193db488eb7156d5b7c4d70f395a1c9f/.github/fixes-docs/FIX_1643_SUMMARY.md
5280,AI,Sandy Hill,AI-08,held,"{""level"": 2, ""parent_id"": null}",,held_unverified,No current official national source establishing this row's hierarchy was verified; absent from the supplied ISO mirror. Retain existing level and parent; code/identity review is outside this round.,https://github.com/dr5hn/countries-states-cities-database/blob/85fb8848193db488eb7156d5b7c4d70f395a1c9f/.github/fixes-docs/FIX_1643_SUMMARY.md
5281,AI,South Hill,AI-09,held,"{""level"": 2, ""parent_id"": null}",,held_unverified,No current official national source establishing this row's hierarchy was verified; absent from the supplied ISO mirror. Retain existing level and parent; code/identity review is outside this round.,https://github.com/dr5hn/countries-states-cities-database/blob/85fb8848193db488eb7156d5b7c4d70f395a1c9f/.github/fixes-docs/FIX_1643_SUMMARY.md
5282,AI,Stoney Ground,AI-10,held,"{""level"": 2, ""parent_id"": null}",,held_unverified,No current official national source establishing this row's hierarchy was verified; absent from the supplied ISO mirror. Retain existing level and parent; code/identity review is outside this round.,https://github.com/dr5hn/countries-states-cities-database/blob/85fb8848193db488eb7156d5b7c4d70f395a1c9f/.github/fixes-docs/FIX_1643_SUMMARY.md
5283,AI,The Farrington,AI-11,held,"{""level"": 2, ""parent_id"": null}",,held_unverified,No current official national source establishing this row's hierarchy was verified; absent from the supplied ISO mirror. Retain existing level and parent; code/identity review is outside this round.,https://github.com/dr5hn/countries-states-cities-database/blob/85fb8848193db488eb7156d5b7c4d70f395a1c9f/.github/fixes-docs/FIX_1643_SUMMARY.md
5284,AI,The Quarter,AI-12,held,"{""level"": 2, ""parent_id"": null}",,held_unverified,No current official national source establishing this row's hierarchy was verified; absent from the supplied ISO mirror. Retain existing level and parent; code/identity review is outside this round.,https://github.com/dr5hn/countries-states-cities-database/blob/85fb8848193db488eb7156d5b7c4d70f395a1c9f/.github/fixes-docs/FIX_1643_SUMMARY.md
5285,AI,The Valley,AI-13,held,"{""level"": 2, ""parent_id"": null}",,held_unverified,No current official national source establishing this row's hierarchy was verified; absent from the supplied ISO mirror. Retain existing level and parent; code/identity review is outside this round.,https://github.com/dr5hn/countries-states-cities-database/blob/85fb8848193db488eb7156d5b7c4d70f395a1c9f/.github/fixes-docs/FIX_1643_SUMMARY.md
5286,AI,West End,AI-14,held,"{""level"": 2, ""parent_id"": null}",,held_unverified,No current official national source establishing this row's hierarchy was verified; absent from the supplied ISO mirror. Retain existing level and parent; code/identity review is outside this round.,https://github.com/dr5hn/countries-states-cities-database/blob/85fb8848193db488eb7156d5b7c4d70f395a1c9f/.github/fixes-docs/FIX_1643_SUMMARY.md
598,AL,Elbasan,AL-03,changed,"{""level"": null}","{""level"": 1}",iso,ISO 3166-2 depth and parent,
601,AL,Kukës,AL-07,changed,"{""level"": null}","{""level"": 1}",iso,ISO 3166-2 depth and parent,
603,AL,Berat,AL-01,changed,"{""level"": null}","{""level"": 1}",iso,ISO 3166-2 depth and parent,
604,AL,Gjirokastër,AL-05,changed,"{""level"": null}","{""level"": 1}",iso,ISO 3166-2 depth and parent,
609,AL,Lezhë,AL-08,changed,"{""level"": null}","{""level"": 1}",iso,ISO 3166-2 depth and parent,
610,AL,Dibër,AL-09,changed,"{""level"": null}","{""level"": 1}",iso,ISO 3166-2 depth and parent,
611,AL,Shkodër,AL-10,changed,"{""level"": null}","{""level"": 1}",iso,ISO 3166-2 depth and parent,
615,AL,Tirana,AL-11,changed,"{""level"": null}","{""level"": 1}",iso,ISO 3166-2 depth and parent,
630,AL,Korçë,AL-06,changed,"{""level"": null}","{""level"": 1}",iso,ISO 3166-2 depth and parent,
631,AL,Fier,AL-04,changed,"{""level"": null}","{""level"": 1}",iso,ISO 3166-2 depth and parent,
632,AL,Durrës,AL-02,changed,"{""level"": null}","{""level"": 1}",iso,ISO 3166-2 depth and parent,
634,AL,Vlorë,AL-12,changed,"{""level"": null}","{""level"": 1}",iso,ISO 3166-2 depth and parent,
2030,AM,Yerevan,AM-ER,changed,"{""level"": 3}","{""level"": 1}",iso,ISO 3166-2 depth and parent,
212,AO,Bié,AO-BIE,changed,"{""level"": null}","{""level"": 1}",iso,ISO 3166-2 depth and parent,
213,AO,Huambo,AO-HUA,changed,"{""level"": null}","{""level"": 1}",iso,ISO 3166-2 depth and parent,
214,AO,Zaire,AO-ZAI,changed,"{""level"": null}","{""level"": 1}",iso,ISO 3166-2 depth and parent,
215,AO,Cunene,AO-CNN,changed,"{""level"": null}","{""level"": 1}",iso,ISO 3166-2 depth and parent,
216,AO,Cuanza Sul,AO-CUS,changed,"{""level"": null}","{""level"": 1}",iso,ISO 3166-2 depth and parent,
217,AO,Cuanza Norte,AO-CNO,changed,"{""level"": null}","{""level"": 1}",iso,ISO 3166-2 depth and parent,
218,AO,Benguela,AO-BGU,changed,"{""level"": null}","{""level"": 1}",iso,ISO 3166-2 depth and parent,
219,AO,Moxico,AO-MOX,changed,"{""level"": null}","{""level"": 1}",iso,ISO 3166-2 depth and parent,
220,AO,Lunda Sul,AO-LSU,changed,"{""level"": null}","{""level"": 1}",iso,ISO 3166-2 depth and parent,
221,AO,Bengo,AO-BGO,changed,"{""level"": null}","{""level"": 1}",iso,ISO 3166-2 depth and parent,
222,AO,Luanda,AO-LUA,changed,"{""level"": null}","{""level"": 1}",iso,ISO 3166-2 depth and parent,
223,AO,Lunda Norte,AO-LNO,changed,"{""level"": null}","{""level"": 1}",iso,ISO 3166-2 depth and parent,
224,AO,Uíge,AO-UIG,changed,"{""level"": null}","{""level"": 1}",iso,ISO 3166-2 depth and parent,
225,AO,Huíla,AO-HUI,changed,"{""level"": null}","{""level"": 1}",iso,ISO 3166-2 depth and parent,
227,AO,Malanje,AO-MAL,changed,"{""level"": null}","{""level"": 1}",iso,ISO 3166-2 depth and parent,
228,AO,Cabinda,AO-CAB,changed,"{""level"": null}","{""level"": 1}",iso,ISO 3166-2 depth and parent,
5469,AO,Namibe,AO-NAM,changed,"{""level"": null}","{""level"": 1}",iso,ISO 3166-2 depth and parent,
226,AO,Cuando Cubango,AO-CCU,held,"{""level"": null, ""parent_id"": null}",,held_conflict,Official 2025 province structure splits former Cuando Cubango into Cuando and Cubango. The old CSC row has unresolved successor identity; do not certify its level solely from the stale ISO row.,https://governo.gov.ao/angola/provincias https://scm.gov.ao/web/noticias/estao-criadas-as-condicoes-para-o-funcionamento-das-tres-provincias
3634,AR,San Juan,AR-J,changed,"{""level"": null}","{""level"": 1}",iso,ISO 3166-2 depth and parent,
3635,AR,Santiago del Estero,AR-G,changed,"{""level"": null}","{""level"": 1}",iso,ISO 3166-2 depth and parent,
3636,AR,San Luis,AR-D,changed,"{""level"": null}","{""level"": 1}",iso,ISO 3166-2 depth and parent,
3637,AR,Tucumán,AR-T,changed,"{""level"": null}","{""level"": 1}",iso,ISO 3166-2 depth and parent,
3638,AR,Corrientes,AR-W,changed,"{""level"": null}","{""level"": 1}",iso,ISO 3166-2 depth and parent,
3639,AR,Río Negro,AR-R,changed,"{""level"": null}","{""level"": 1}",iso,ISO 3166-2 depth and parent,
3640,AR,Chaco,AR-H,changed,"{""level"": null}","{""level"": 1}",iso,ISO 3166-2 depth and parent,
3641,AR,Santa Fe,AR-S,changed,"{""level"": null}","{""level"": 1}",iso,ISO 3166-2 depth and parent,
3642,AR,Córdoba,AR-X,changed,"{""level"": null}","{""level"": 1}",iso,ISO 3166-2 depth and parent,
3643,AR,Salta,AR-A,changed,"{""level"": null}","{""level"": 1}",iso,ISO 3166-2 depth and parent,
3644,AR,Misiones,AR-N,changed,"{""level"": null}","{""level"": 1}",iso,ISO 3166-2 depth and parent,
3645,AR,Jujuy,AR-Y,changed,"{""level"": null}","{""level"": 1}",iso,ISO 3166-2 depth and parent,
3646,AR,Mendoza,AR-M,changed,"{""level"": null}","{""level"": 1}",iso,ISO 3166-2 depth and parent,
3647,AR,Catamarca,AR-K,changed,"{""level"": null}","{""level"": 1}",iso,ISO 3166-2 depth and parent,
3648,AR,Neuquén,AR-Q,changed,"{""level"": null}","{""level"": 1}",iso,ISO 3166-2 depth and parent,
3649,AR,Santa Cruz,AR-Z,changed,"{""level"": null}","{""level"": 1}",iso,ISO 3166-2 depth and parent,
3650,AR,Tierra del Fuego,AR-V,changed,"{""level"": null}","{""level"": 1}",iso,ISO 3166-2 depth and parent,
3651,AR,Chubut,AR-U,changed,"{""level"": null}","{""level"": 1}",iso,ISO 3166-2 depth and parent,
3652,AR,Formosa,AR-P,changed,"{""level"": null}","{""level"": 1}",iso,ISO 3166-2 depth and parent,
3653,AR,La Rioja,AR-F,changed,"{""level"": null}","{""level"": 1}",iso,ISO 3166-2 depth and parent,
3654,AR,Entre Ríos,AR-E,changed,"{""level"": null}","{""level"": 1}",iso,ISO 3166-2 depth and parent,
3655,AR,La Pampa,AR-L,changed,"{""level"": null}","{""level"": 1}",iso,ISO 3166-2 depth and parent,
3656,AR,Buenos Aires,AR-B,changed,"{""level"": null}","{""level"": 1}",iso,ISO 3166-2 depth and parent,
4880,AR,Autonomous City of Buenos Aires,AR-C,changed,"{""level"": null}","{""level"": 1}",iso,ISO 3166-2 depth and parent,
5374,AS,Western,AS-01,held,"{""level"": null, ""parent_id"": null}",,held_unverified,No current official national source establishing this row's hierarchy was verified; absent from the supplied ISO mirror. Retain existing level and parent; code/identity review is outside this round.,https://github.com/dr5hn/countries-states-cities-database/blob/85fb8848193db488eb7156d5b7c4d70f395a1c9f/.github/fixes-docs/FIX_1643_SUMMARY.md
5375,AS,Eastern,AS-02,held,"{""level"": null, ""parent_id"": null}",,held_unverified,No current official national source establishing this row's hierarchy was verified; absent from the supplied ISO mirror. Retain existing level and parent; code/identity review is outside this round.,https://github.com/dr5hn/countries-states-cities-database/blob/85fb8848193db488eb7156d5b7c4d70f395a1c9f/.github/fixes-docs/FIX_1643_SUMMARY.md
5376,AS,Manuʻa,AS-03,held,"{""level"": null, ""parent_id"": null}",,held_unverified,No current official national source establishing this row's hierarchy was verified; absent from the supplied ISO mirror. Retain existing level and parent; code/identity review is outside this round.,https://github.com/dr5hn/countries-states-cities-database/blob/85fb8848193db488eb7156d5b7c4d70f395a1c9f/.github/fixes-docs/FIX_1643_SUMMARY.md
5377,AS,Swains,AS-04,held,"{""level"": null, ""parent_id"": null}",,held_unverified,No current official national source establishing this row's hierarchy was verified; absent from the supplied ISO mirror. Retain existing level and parent; code/identity review is outside this round.,https://github.com/dr5hn/countries-states-cities-database/blob/85fb8848193db488eb7156d5b7c4d70f395a1c9f/.github/fixes-docs/FIX_1643_SUMMARY.md
5378,AS,Rose,AS-05,held,"{""level"": null, ""parent_id"": null}",,held_unverified,No current official national source establishing this row's hierarchy was verified; absent from the supplied ISO mirror. Retain existing level and parent; code/identity review is outside this round.,https://github.com/dr5hn/countries-states-cities-database/blob/85fb8848193db488eb7156d5b7c4d70f395a1c9f/.github/fixes-docs/FIX_1643_SUMMARY.md
3903,AU,Victoria,AU-VIC,changed,"{""level"": null}","{""level"": 1}",iso,ISO 3166-2 depth and parent,
3904,AU,South Australia,AU-SA,changed,"{""level"": null}","{""level"": 1}",iso,ISO 3166-2 depth and parent,
3905,AU,Queensland,AU-QLD,changed,"{""level"": null}","{""level"": 1}",iso,ISO 3166-2 depth and parent,
3906,AU,Western Australia,AU-WA,changed,"{""level"": null}","{""level"": 1}",iso,ISO 3166-2 depth and parent,
3907,AU,Australian Capital Territory,AU-ACT,changed,"{""level"": null}","{""level"": 1}",iso,ISO 3166-2 depth and parent,
3908,AU,Tasmania,AU-TAS,changed,"{""level"": null}","{""level"": 1}",iso,ISO 3166-2 depth and parent,
3909,AU,New South Wales,AU-NSW,changed,"{""level"": null}","{""level"": 1}",iso,ISO 3166-2 depth and parent,
3910,AU,Northern Territory,AU-NT,changed,"{""level"": null}","{""level"": 1}",iso,ISO 3166-2 depth and parent,
5243,AW,Noord,AW-01,held,"{""level"": 1, ""parent_id"": null}",,held_unverified,No current official national source establishing this row's hierarchy was verified; absent from the supplied ISO mirror. Retain existing level and parent; code/identity review is outside this round.,https://github.com/dr5hn/countries-states-cities-database/blob/85fb8848193db488eb7156d5b7c4d70f395a1c9f/.github/fixes-docs/FIX_1643_SUMMARY.md
5244,AW,Oranjestad West,AW-02,held,"{""level"": 1, ""parent_id"": null}",,held_unverified,No current official national source establishing this row's hierarchy was verified; absent from the supplied ISO mirror. Retain existing level and parent; code/identity review is outside this round.,https://github.com/dr5hn/countries-states-cities-database/blob/85fb8848193db488eb7156d5b7c4d70f395a1c9f/.github/fixes-docs/FIX_1643_SUMMARY.md
5245,AW,Oranjestad East,AW-03,held,"{""level"": 1, ""parent_id"": null}",,held_unverified,No current official national source establishing this row's hierarchy was verified; absent from the supplied ISO mirror. Retain existing level and parent; code/identity review is outside this round.,https://github.com/dr5hn/countries-states-cities-database/blob/85fb8848193db488eb7156d5b7c4d70f395a1c9f/.github/fixes-docs/FIX_1643_SUMMARY.md
5246,AW,Paradera,AW-04,held,"{""level"": 1, ""parent_id"": null}",,held_unverified,No current official national source establishing this row's hierarchy was verified; absent from the supplied ISO mirror. Retain existing level and parent; code/identity review is outside this round.,https://github.com/dr5hn/countries-states-cities-database/blob/85fb8848193db488eb7156d5b7c4d70f395a1c9f/.github/fixes-docs/FIX_1643_SUMMARY.md
5247,AW,San Nicolaas Noord,AW-05,held,"{""level"": 1, ""parent_id"": null}",,held_unverified,No current official national source establishing this row's hierarchy was verified; absent from the supplied ISO mirror. Retain existing level and parent; code/identity review is outside this round.,https://github.com/dr5hn/countries-states-cities-database/blob/85fb8848193db488eb7156d5b7c4d70f395a1c9f/.github/fixes-docs/FIX_1643_SUMMARY.md
5248,AW,San Nicolaas Zuid,AW-06,held,"{""level"": 1, ""parent_id"": null}",,held_unverified,No current official national source establishing this row's hierarchy was verified; absent from the supplied ISO mirror. Retain existing level and parent; code/identity review is outside this round.,https://github.com/dr5hn/countries-states-cities-database/blob/85fb8848193db488eb7156d5b7c4d70f395a1c9f/.github/fixes-docs/FIX_1643_SUMMARY.md
5249,AW,Santa Cruz,AW-07,held,"{""level"": 1, ""parent_id"": null}",,held_unverified,No current official national source establishing this row's hierarchy was verified; absent from the supplied ISO mirror. Retain existing level and parent; code/identity review is outside this round.,https://github.com/dr5hn/countries-states-cities-database/blob/85fb8848193db488eb7156d5b7c4d70f395a1c9f/.github/fixes-docs/FIX_1643_SUMMARY.md
5250,AW,Savaneta,AW-08,held,"{""level"": 1, ""parent_id"": null}",,held_unverified,No current official national source establishing this row's hierarchy was verified; absent from the supplied ISO mirror. Retain existing level and parent; code/identity review is outside this round.,https://github.com/dr5hn/countries-states-cities-database/blob/85fb8848193db488eb7156d5b7c4d70f395a1c9f/.github/fixes-docs/FIX_1643_SUMMARY.md
5341,AW,Oranjestad,AW-09,held,"{""level"": null, ""parent_id"": null}",,held_unverified,No current official national source establishing this row's hierarchy was verified; absent from the supplied ISO mirror. Retain existing level and parent; code/identity review is outside this round.,https://github.com/dr5hn/countries-states-cities-database/blob/85fb8848193db488eb7156d5b7c4d70f395a1c9f/.github/fixes-docs/FIX_1643_SUMMARY.md
5287,AX,Mariehamn,AX-01,changed,"{""level"": 3}","{""level"": 1}",national,"See national_evidence.AX; country-relative target {""level"": 1, ""parent_id"": null}",https://www.aland.ax/en/facts-about-aland
5288,AX,Jomala,AX-02,changed,"{""level"": 3}","{""level"": 1}",national,"See national_evidence.AX; country-relative target {""level"": 1, ""parent_id"": null}",https://www.aland.ax/en/facts-about-aland
5289,AX,Finström,AX-03,changed,"{""level"": 3}","{""level"": 1}",national,"See national_evidence.AX; country-relative target {""level"": 1, ""parent_id"": null}",https://www.aland.ax/en/facts-about-aland
5290,AX,Lemland,AX-04,changed,"{""level"": 3}","{""level"": 1}",national,"See national_evidence.AX; country-relative target {""level"": 1, ""parent_id"": null}",https://www.aland.ax/en/facts-about-aland
5291,AX,Saltvik,AX-05,changed,"{""level"": 3}","{""level"": 1}",national,"See national_evidence.AX; country-relative target {""level"": 1, ""parent_id"": null}",https://www.aland.ax/en/facts-about-aland
5292,AX,Hammarland,AX-06,changed,"{""level"": 3}","{""level"": 1}",national,"See national_evidence.AX; country-relative target {""level"": 1, ""parent_id"": null}",https://www.aland.ax/en/facts-about-aland
5293,AX,Sund,AX-07,changed,"{""level"": 3}","{""level"": 1}",national,"See national_evidence.AX; country-relative target {""level"": 1, ""parent_id"": null}",https://www.aland.ax/en/facts-about-aland
5294,AX,Eckerö,AX-08,changed,"{""level"": 3}","{""level"": 1}",national,"See national_evidence.AX; country-relative target {""level"": 1, ""parent_id"": null}",https://www.aland.ax/en/facts-about-aland
5295,AX,Föglö,AX-09,changed,"{""level"": 3}","{""level"": 1}",national,"See national_evidence.AX; country-relative target {""level"": 1, ""parent_id"": null}",https://www.aland.ax/en/facts-about-aland
5296,AX,Geta,AX-10,changed,"{""level"": 3}","{""level"": 1}",national,"See national_evidence.AX; country-relative target {""level"": 1, ""parent_id"": null}",https://www.aland.ax/en/facts-about-aland
5297,AX,Vårdö,AX-11,changed,"{""level"": 3}","{""level"": 1}",national,"See national_evidence.AX; country-relative target {""level"": 1, ""parent_id"": null}",https://www.aland.ax/en/facts-about-aland
5298,AX,Brändö,AX-12,changed,"{""level"": 3}","{""level"": 1}",national,"See national_evidence.AX; country-relative target {""level"": 1, ""parent_id"": null}",https://www.aland.ax/en/facts-about-aland
5299,AX,Lumparland,AX-13,changed,"{""level"": 3}","{""level"": 1}",national,"See national_evidence.AX; country-relative target {""level"": 1, ""parent_id"": null}",https://www.aland.ax/en/facts-about-aland
5300,AX,Kumlinge,AX-14,changed,"{""level"": 3}","{""level"": 1}",national,"See national_evidence.AX; country-relative target {""level"": 1, ""parent_id"": null}",https://www.aland.ax/en/facts-about-aland
5301,AX,Kökar,AX-15,changed,"{""level"": 3}","{""level"": 1}",national,"See national_evidence.AX; country-relative target {""level"": 1, ""parent_id"": null}",https://www.aland.ax/en/facts-about-aland
5302,AX,Sottunga,AX-16,changed,"{""level"": 3}","{""level"": 1}",national,"See national_evidence.AX; country-relative target {""level"": 1, ""parent_id"": null}",https://www.aland.ax/en/facts-about-aland
518,AZ,Shaki,AZ-SA,changed,"{""level"": null}","{""level"": 1}",iso,ISO 3166-2 depth and parent,
519,AZ,Tartar,AZ-TAR,changed,"{""level"": null}","{""level"": 1}",iso,ISO 3166-2 depth and parent,
520,AZ,Shirvan,AZ-SR,changed,"{""level"": null}","{""level"": 1}",iso,ISO 3166-2 depth and parent,
521,AZ,Qazakh,AZ-QAZ,changed,"{""level"": null}","{""level"": 1}",iso,ISO 3166-2 depth and parent,
522,AZ,Sadarak,AZ-SAD,changed,"{""level"": null}","{""level"": 2}",iso,ISO 3166-2 depth and parent,
523,AZ,Yevlakh,AZ-YEV,changed,"{""level"": null}","{""level"": 1}",iso,ISO 3166-2 depth and parent,
524,AZ,Khojali,AZ-XCI,changed,"{""level"": null}","{""level"": 1}",iso,ISO 3166-2 depth and parent,
525,AZ,Kalbajar,AZ-KAL,changed,"{""level"": null}","{""level"": 1}",iso,ISO 3166-2 depth and parent,
526,AZ,Qakh,AZ-QAX,changed,"{""level"": null}","{""level"": 1}",iso,ISO 3166-2 depth and parent,
527,AZ,Fizuli,AZ-FUZ,changed,"{""level"": null}","{""level"": 1}",iso,ISO 3166-2 depth and parent,
528,AZ,Astara,AZ-AST,changed,"{""level"": null}","{""level"": 1}",iso,ISO 3166-2 depth and parent,
529,AZ,Shamakhi,AZ-SMI,changed,"{""level"": null}","{""level"": 1}",iso,ISO 3166-2 depth and parent,
530,AZ,Neftchala,AZ-NEF,changed,"{""level"": null}","{""level"": 1}",iso,ISO 3166-2 depth and parent,
531,AZ,Goychay,AZ-GOY,changed,"{""level"": null}","{""level"": 1}",iso,ISO 3166-2 depth and parent,
532,AZ,Bilasuvar,AZ-BIL,changed,"{""level"": null}","{""level"": 1}",iso,ISO 3166-2 depth and parent,
533,AZ,Tovuz,AZ-TOV,changed,"{""level"": null}","{""level"": 1}",iso,ISO 3166-2 depth and parent,
534,AZ,Ordubad,AZ-ORD,changed,"{""level"": null}","{""level"": 2}",iso,ISO 3166-2 depth and parent,
535,AZ,Sharur,AZ-SAR,changed,"{""level"": null}","{""level"": 2}",iso,ISO 3166-2 depth and parent,
536,AZ,Samukh,AZ-SMX,changed,"{""level"": null}","{""level"": 1}",iso,ISO 3166-2 depth and parent,
537,AZ,Khizi,AZ-XIZ,changed,"{""level"": null}","{""level"": 1}",iso,ISO 3166-2 depth and parent,
538,AZ,Yevlakh,AZ-YE,changed,"{""level"": null}","{""level"": 1}",iso,ISO 3166-2 depth and parent,
539,AZ,Ujar,AZ-UCA,changed,"{""level"": null}","{""level"": 1}",iso,ISO 3166-2 depth and parent,
540,AZ,Absheron,AZ-ABS,changed,"{""level"": null}","{""level"": 1}",iso,ISO 3166-2 depth and parent,
541,AZ,Lachin,AZ-LAC,changed,"{""level"": null}","{""level"": 1}",iso,ISO 3166-2 depth and parent,
542,AZ,Qabala,AZ-QAB,changed,"{""level"": null}","{""level"": 1}",iso,ISO 3166-2 depth and parent,
543,AZ,Agstafa,AZ-AGA,changed,"{""level"": null}","{""level"": 1}",iso,ISO 3166-2 depth and parent,
544,AZ,Imishli,AZ-IMI,changed,"{""level"": null}","{""level"": 1}",iso,ISO 3166-2 depth and parent,
545,AZ,Salyan,AZ-SAL,changed,"{""level"": null}","{""level"": 1}",iso,ISO 3166-2 depth and parent,
546,AZ,Lerik,AZ-LER,changed,"{""level"": null}","{""level"": 1}",iso,ISO 3166-2 depth and parent,
547,AZ,Agsu,AZ-AGU,changed,"{""level"": null}","{""level"": 1}",iso,ISO 3166-2 depth and parent,
548,AZ,Qubadli,AZ-QBI,changed,"{""level"": null}","{""level"": 1}",iso,ISO 3166-2 depth and parent,
549,AZ,Kurdamir,AZ-KUR,changed,"{""level"": null}","{""level"": 1}",iso,ISO 3166-2 depth and parent,
550,AZ,Yardymli,AZ-YAR,changed,"{""level"": null}","{""level"": 1}",iso,ISO 3166-2 depth and parent,
551,AZ,Goranboy,AZ-GOR,changed,"{""level"": null}","{""level"": 1}",iso,ISO 3166-2 depth and parent,
552,AZ,Baku,AZ-BA,changed,"{""level"": null}","{""level"": 1}",iso,ISO 3166-2 depth and parent,
553,AZ,Agdash,AZ-AGS,changed,"{""level"": null}","{""level"": 1}",iso,ISO 3166-2 depth and parent,
554,AZ,Beylagan,AZ-BEY,changed,"{""level"": null}","{""level"": 1}",iso,ISO 3166-2 depth and parent,
555,AZ,Masally,AZ-MAS,changed,"{""level"": null}","{""level"": 1}",iso,ISO 3166-2 depth and parent,
556,AZ,Oghuz,AZ-OGU,changed,"{""level"": null}","{""level"": 1}",iso,ISO 3166-2 depth and parent,
557,AZ,Saatly,AZ-SAT,changed,"{""level"": null}","{""level"": 1}",iso,ISO 3166-2 depth and parent,
558,AZ,Lankaran,AZ-LA,changed,"{""level"": null}","{""level"": 1}",iso,ISO 3166-2 depth and parent,
559,AZ,Agdam,AZ-AGM,changed,"{""level"": null}","{""level"": 1}",iso,ISO 3166-2 depth and parent,
560,AZ,Balakan,AZ-BAL,changed,"{""level"": null}","{""level"": 1}",iso,ISO 3166-2 depth and parent,
561,AZ,Dashkasan,AZ-DAS,changed,"{""level"": null}","{""level"": 1}",iso,ISO 3166-2 depth and parent,
562,AZ,Nakhchivan,AZ-NX,changed,"{""level"": null}","{""level"": 1}",iso,ISO 3166-2 depth and parent,
563,AZ,Quba,AZ-QBA,changed,"{""level"": null}","{""level"": 1}",iso,ISO 3166-2 depth and parent,
564,AZ,Ismailli,AZ-ISM,changed,"{""level"": null}","{""level"": 1}",iso,ISO 3166-2 depth and parent,
565,AZ,Sabirabad,AZ-SAB,changed,"{""level"": null}","{""level"": 1}",iso,ISO 3166-2 depth and parent,
566,AZ,Zaqatala,AZ-ZAQ,changed,"{""level"": null}","{""level"": 1}",iso,ISO 3166-2 depth and parent,
567,AZ,Kangarli,AZ-KAN,changed,"{""level"": null}","{""level"": 2}",iso,ISO 3166-2 depth and parent,
568,AZ,Martuni,AZ-XVD,changed,"{""level"": null}","{""level"": 1}",iso,ISO 3166-2 depth and parent,
569,AZ,Barda,AZ-BAR,changed,"{""level"": null}","{""level"": 1}",iso,ISO 3166-2 depth and parent,
570,AZ,Jabrayil,AZ-CAB,changed,"{""level"": null}","{""level"": 1}",iso,ISO 3166-2 depth and parent,
571,AZ,Hajigabul,AZ-HAC,changed,"{""level"": null}","{""level"": 1}",iso,ISO 3166-2 depth and parent,
572,AZ,Julfa,AZ-CUL,changed,"{""level"": null}","{""level"": 2}",iso,ISO 3166-2 depth and parent,
573,AZ,Gobustan,AZ-QOB,changed,"{""level"": null}","{""level"": 1}",iso,ISO 3166-2 depth and parent,
574,AZ,Goygol,AZ-GYG,changed,"{""level"": null}","{""level"": 1}",iso,ISO 3166-2 depth and parent,
575,AZ,Babek,AZ-BAB,changed,"{""level"": null}","{""level"": 2}",iso,ISO 3166-2 depth and parent,
576,AZ,Zardab,AZ-ZAR,changed,"{""level"": null}","{""level"": 1}",iso,ISO 3166-2 depth and parent,
577,AZ,Aghjabadi,AZ-AGC,changed,"{""level"": null}","{""level"": 1}",iso,ISO 3166-2 depth and parent,
578,AZ,Jalilabad,AZ-CAL,changed,"{""level"": null}","{""level"": 1}",iso,ISO 3166-2 depth and parent,
579,AZ,Shahbuz,AZ-SAH,changed,"{""level"": null}","{""level"": 2}",iso,ISO 3166-2 depth and parent,
580,AZ,Mingachevir,AZ-MI,changed,"{""level"": null}","{""level"": 1}",iso,ISO 3166-2 depth and parent,
581,AZ,Zangilan,AZ-ZAN,changed,"{""level"": null}","{""level"": 1}",iso,ISO 3166-2 depth and parent,
582,AZ,Sumqayit,AZ-SM,changed,"{""level"": null}","{""level"": 1}",iso,ISO 3166-2 depth and parent,
583,AZ,Shamkir,AZ-SKR,changed,"{""level"": null}","{""level"": 1}",iso,ISO 3166-2 depth and parent,
584,AZ,Siazan,AZ-SIY,changed,"{""level"": null}","{""level"": 1}",iso,ISO 3166-2 depth and parent,
585,AZ,Ganja,AZ-GA,changed,"{""level"": null}","{""level"": 1}",iso,ISO 3166-2 depth and parent,
586,AZ,Shaki,AZ-SAK,changed,"{""level"": null}","{""level"": 1}",iso,ISO 3166-2 depth and parent,
587,AZ,Lankaran,AZ-LAN,changed,"{""level"": null}","{""level"": 1}",iso,ISO 3166-2 depth and parent,
588,AZ,Qusar,AZ-QUS,changed,"{""level"": null}","{""level"": 1}",iso,ISO 3166-2 depth and parent,
589,AZ,Gədəbəy,AZ-GAD,changed,"{""level"": null}","{""level"": 1}",iso,ISO 3166-2 depth and parent,
590,AZ,Khachmaz,AZ-XAC,changed,"{""level"": null}","{""level"": 1}",iso,ISO 3166-2 depth and parent,
591,AZ,Shabran,AZ-SBN,changed,"{""level"": null}","{""level"": 1}",iso,ISO 3166-2 depth and parent,
592,AZ,Shusha,AZ-SUS,changed,"{""level"": null}","{""level"": 1}",iso,ISO 3166-2 depth and parent,
5470,AZ,Naftalan,AZ-NA,changed,"{""level"": null}","{""level"": 1}",iso,ISO 3166-2 depth and parent,
5471,AZ,Nakhchivan,AZ-NV,changed,"{""level"": null}","{""level"": 2}",iso,ISO 3166-2 depth and parent,
5472,AZ,Khankendi,AZ-XA,changed,"{""level"": null}","{""level"": 1}",iso,ISO 3166-2 depth and parent,
460,BA,Brčko,BA-BRC,changed,"{""level"": null}","{""level"": 1}",iso,ISO 3166-2 depth and parent,
467,BA,Federation of Bosnia and Herzegovina,BA-BIH,changed,"{""level"": null}","{""level"": 1}",iso,ISO 3166-2 depth and parent,
470,BA,Republika Srpska,BA-SRP,changed,"{""level"": null}","{""level"": 1}",iso,ISO 3166-2 depth and parent,
1220,BB,Saint Philip,BB-10,changed,"{""level"": null}","{""level"": 1}",iso,ISO 3166-2 depth and parent,
1221,BB,Saint Lucy,BB-07,changed,"{""level"": null}","{""level"": 1}",iso,ISO 3166-2 depth and parent,
1222,BB,Saint Peter,BB-09,changed,"{""level"": null}","{""level"": 1}",iso,ISO 3166-2 depth and parent,
1223,BB,Saint Joseph,BB-06,changed,"{""level"": null}","{""level"": 1}",iso,ISO 3166-2 depth and parent,
1224,BB,Saint James,BB-04,changed,"{""level"": null}","{""level"": 1}",iso,ISO 3166-2 depth and parent,
1225,BB,Saint Thomas,BB-11,changed,"{""level"": null}","{""level"": 1}",iso,ISO 3166-2 depth and parent,
1226,BB,Saint George,BB-03,changed,"{""level"": null}","{""level"": 1}",iso,ISO 3166-2 depth and parent,
1227,BB,Saint John,BB-05,changed,"{""level"": null}","{""level"": 1}",iso,ISO 3166-2 depth and parent,
1228,BB,Christ Church,BB-01,changed,"{""level"": null}","{""level"": 1}",iso,ISO 3166-2 depth and parent,
1229,BB,Saint Andrew,BB-02,changed,"{""level"": null}","{""level"": 1}",iso,ISO 3166-2 depth and parent,
1230,BB,Saint Michael,BB-08,changed,"{""level"": null}","{""level"": 1}",iso,ISO 3166-2 depth and parent,
750,BD,Rangpur ,BD-F,changed,"{""level"": null}","{""level"": 1}",iso,ISO 3166-2 depth and parent,
753,BD,Rajshahi ,BD-E,changed,"{""level"": null}","{""level"": 1}",iso,ISO 3166-2 depth and parent,
758,BD,Mymensingh ,BD-H,changed,"{""level"": null}","{""level"": 1}",iso,ISO 3166-2 depth and parent,
760,BD,Dhaka ,BD-C,changed,"{""level"": null}","{""level"": 1}",iso,ISO 3166-2 depth and parent,
765,BD,Sylhet ,BD-G,changed,"{""level"": null}","{""level"": 1}",iso,ISO 3166-2 depth and parent,
775,BD,Khulna ,BD-D,changed,"{""level"": null}","{""level"": 1}",iso,ISO 3166-2 depth and parent,
803,BD,Chittagong ,BD-B,changed,"{""level"": null}","{""level"": 1}",iso,ISO 3166-2 depth and parent,
807,BD,Barisal ,BD-A,changed,"{""level"": null}","{""level"": 1}",iso,ISO 3166-2 depth and parent,
3112,BF,Kénédougou,BF-KEN,held,"{""level"": 2, ""parent_id"": 3165}",,held_conflict,"Presidency reports the July 2025 reorganization from 13 to 17 regions and 45 to 47 provinces, with a six-month transition. Both CSC and mirror still have 13/45. Earlier corrected levels are preserved; old regional membership cannot be certified by mirror depth.",https://www.presidencedufaso.bf/conseil-des-ministres-du-2-juillet-2025/ https://github.com/dr5hn/countries-states-cities-database/blob/85fb8848193db488eb7156d5b7c4d70f395a1c9f/ADMINISTRATIVE_STRUCTURE.md
3113,BF,Namentenga,BF-NAM,held,"{""level"": 2, ""parent_id"": 3127}",,held_conflict,"Presidency reports the July 2025 reorganization from 13 to 17 regions and 45 to 47 provinces, with a six-month transition. Both CSC and mirror still have 13/45. Earlier corrected levels are preserved; old regional membership cannot be certified by mirror depth.",https://www.presidencedufaso.bf/conseil-des-ministres-du-2-juillet-2025/ https://github.com/dr5hn/countries-states-cities-database/blob/85fb8848193db488eb7156d5b7c4d70f395a1c9f/ADMINISTRATIVE_STRUCTURE.md
3114,BF,Sahel,BF-12,held,"{""level"": 1, ""parent_id"": null}",,held_conflict,"Presidency reports the July 2025 reorganization from 13 to 17 regions and 45 to 47 provinces, with a six-month transition. Both CSC and mirror still have 13/45. Earlier corrected levels are preserved; old regional membership cannot be certified by mirror depth.",https://www.presidencedufaso.bf/conseil-des-ministres-du-2-juillet-2025/ https://github.com/dr5hn/countries-states-cities-database/blob/85fb8848193db488eb7156d5b7c4d70f395a1c9f/ADMINISTRATIVE_STRUCTURE.md
3115,BF,Centre-Ouest,BF-06,held,"{""level"": 1, ""parent_id"": null}",,held_conflict,"Presidency reports the July 2025 reorganization from 13 to 17 regions and 45 to 47 provinces, with a six-month transition. Both CSC and mirror still have 13/45. Earlier corrected levels are preserved; old regional membership cannot be certified by mirror depth.",https://www.presidencedufaso.bf/conseil-des-ministres-du-2-juillet-2025/ https://github.com/dr5hn/countries-states-cities-database/blob/85fb8848193db488eb7156d5b7c4d70f395a1c9f/ADMINISTRATIVE_STRUCTURE.md
3116,BF,Nahouri,BF-NAO,held,"{""level"": 2, ""parent_id"": 3149}",,held_conflict,"Presidency reports the July 2025 reorganization from 13 to 17 regions and 45 to 47 provinces, with a six-month transition. Both CSC and mirror still have 13/45. Earlier corrected levels are preserved; old regional membership cannot be certified by mirror depth.",https://www.presidencedufaso.bf/conseil-des-ministres-du-2-juillet-2025/ https://github.com/dr5hn/countries-states-cities-database/blob/85fb8848193db488eb7156d5b7c4d70f395a1c9f/ADMINISTRATIVE_STRUCTURE.md
3117,BF,Passoré,BF-PAS,held,"{""level"": 2, ""parent_id"": 3164}",,held_conflict,"Presidency reports the July 2025 reorganization from 13 to 17 regions and 45 to 47 provinces, with a six-month transition. Both CSC and mirror still have 13/45. Earlier corrected levels are preserved; old regional membership cannot be certified by mirror depth.",https://www.presidencedufaso.bf/conseil-des-ministres-du-2-juillet-2025/ https://github.com/dr5hn/countries-states-cities-database/blob/85fb8848193db488eb7156d5b7c4d70f395a1c9f/ADMINISTRATIVE_STRUCTURE.md
3118,BF,Zoundwéogo,BF-ZOU,held,"{""level"": 2, ""parent_id"": 3149}",,held_conflict,"Presidency reports the July 2025 reorganization from 13 to 17 regions and 45 to 47 provinces, with a six-month transition. Both CSC and mirror still have 13/45. Earlier corrected levels are preserved; old regional membership cannot be certified by mirror depth.",https://www.presidencedufaso.bf/conseil-des-ministres-du-2-juillet-2025/ https://github.com/dr5hn/countries-states-cities-database/blob/85fb8848193db488eb7156d5b7c4d70f395a1c9f/ADMINISTRATIVE_STRUCTURE.md
3119,BF,Sissili,BF-SIS,held,"{""level"": 2, ""parent_id"": 3115}",,held_conflict,"Presidency reports the July 2025 reorganization from 13 to 17 regions and 45 to 47 provinces, with a six-month transition. Both CSC and mirror still have 13/45. Earlier corrected levels are preserved; old regional membership cannot be certified by mirror depth.",https://www.presidencedufaso.bf/conseil-des-ministres-du-2-juillet-2025/ https://github.com/dr5hn/countries-states-cities-database/blob/85fb8848193db488eb7156d5b7c4d70f395a1c9f/ADMINISTRATIVE_STRUCTURE.md
3120,BF,Banwa,BF-BAN,held,"{""level"": 2, ""parent_id"": 3138}",,held_conflict,"Presidency reports the July 2025 reorganization from 13 to 17 regions and 45 to 47 provinces, with a six-month transition. Both CSC and mirror still have 13/45. Earlier corrected levels are preserved; old regional membership cannot be certified by mirror depth.",https://www.presidencedufaso.bf/conseil-des-ministres-du-2-juillet-2025/ https://github.com/dr5hn/countries-states-cities-database/blob/85fb8848193db488eb7156d5b7c4d70f395a1c9f/ADMINISTRATIVE_STRUCTURE.md
3121,BF,Bougouriba,BF-BGR,held,"{""level"": 2, ""parent_id"": 3140}",,held_conflict,"Presidency reports the July 2025 reorganization from 13 to 17 regions and 45 to 47 provinces, with a six-month transition. Both CSC and mirror still have 13/45. Earlier corrected levels are preserved; old regional membership cannot be certified by mirror depth.",https://www.presidencedufaso.bf/conseil-des-ministres-du-2-juillet-2025/ https://github.com/dr5hn/countries-states-cities-database/blob/85fb8848193db488eb7156d5b7c4d70f395a1c9f/ADMINISTRATIVE_STRUCTURE.md
3122,BF,Gnagna,BF-GNA,held,"{""level"": 2, ""parent_id"": 3158}",,held_conflict,"Presidency reports the July 2025 reorganization from 13 to 17 regions and 45 to 47 provinces, with a six-month transition. Both CSC and mirror still have 13/45. Earlier corrected levels are preserved; old regional membership cannot be certified by mirror depth.",https://www.presidencedufaso.bf/conseil-des-ministres-du-2-juillet-2025/ https://github.com/dr5hn/countries-states-cities-database/blob/85fb8848193db488eb7156d5b7c4d70f395a1c9f/ADMINISTRATIVE_STRUCTURE.md
3123,BF,Mouhoun,BF-MOU,held,"{""level"": 2, ""parent_id"": 3138}",,held_conflict,"Presidency reports the July 2025 reorganization from 13 to 17 regions and 45 to 47 provinces, with a six-month transition. Both CSC and mirror still have 13/45. Earlier corrected levels are preserved; old regional membership cannot be certified by mirror depth.",https://www.presidencedufaso.bf/conseil-des-ministres-du-2-juillet-2025/ https://github.com/dr5hn/countries-states-cities-database/blob/85fb8848193db488eb7156d5b7c4d70f395a1c9f/ADMINISTRATIVE_STRUCTURE.md
3124,BF,Yagha,BF-YAG,held,"{""level"": 2, ""parent_id"": 3114}",,held_conflict,"Presidency reports the July 2025 reorganization from 13 to 17 regions and 45 to 47 provinces, with a six-month transition. Both CSC and mirror still have 13/45. Earlier corrected levels are preserved; old regional membership cannot be certified by mirror depth.",https://www.presidencedufaso.bf/conseil-des-ministres-du-2-juillet-2025/ https://github.com/dr5hn/countries-states-cities-database/blob/85fb8848193db488eb7156d5b7c4d70f395a1c9f/ADMINISTRATIVE_STRUCTURE.md
3125,BF,Plateau-Central,BF-11,held,"{""level"": 1, ""parent_id"": null}",,held_conflict,"Presidency reports the July 2025 reorganization from 13 to 17 regions and 45 to 47 provinces, with a six-month transition. Both CSC and mirror still have 13/45. Earlier corrected levels are preserved; old regional membership cannot be certified by mirror depth.",https://www.presidencedufaso.bf/conseil-des-ministres-du-2-juillet-2025/ https://github.com/dr5hn/countries-states-cities-database/blob/85fb8848193db488eb7156d5b7c4d70f395a1c9f/ADMINISTRATIVE_STRUCTURE.md
3126,BF,Sanmatenga,BF-SMT,held,"{""level"": 2, ""parent_id"": 3127}",,held_conflict,"Presidency reports the July 2025 reorganization from 13 to 17 regions and 45 to 47 provinces, with a six-month transition. Both CSC and mirror still have 13/45. Earlier corrected levels are preserved; old regional membership cannot be certified by mirror depth.",https://www.presidencedufaso.bf/conseil-des-ministres-du-2-juillet-2025/ https://github.com/dr5hn/countries-states-cities-database/blob/85fb8848193db488eb7156d5b7c4d70f395a1c9f/ADMINISTRATIVE_STRUCTURE.md
3127,BF,Centre-Nord,BF-05,held,"{""level"": 1, ""parent_id"": null}",,held_conflict,"Presidency reports the July 2025 reorganization from 13 to 17 regions and 45 to 47 provinces, with a six-month transition. Both CSC and mirror still have 13/45. Earlier corrected levels are preserved; old regional membership cannot be certified by mirror depth.",https://www.presidencedufaso.bf/conseil-des-ministres-du-2-juillet-2025/ https://github.com/dr5hn/countries-states-cities-database/blob/85fb8848193db488eb7156d5b7c4d70f395a1c9f/ADMINISTRATIVE_STRUCTURE.md
3128,BF,Tapoa,BF-TAP,held,"{""level"": 2, ""parent_id"": 3158}",,held_conflict,"Presidency reports the July 2025 reorganization from 13 to 17 regions and 45 to 47 provinces, with a six-month transition. Both CSC and mirror still have 13/45. Earlier corrected levels are preserved; old regional membership cannot be certified by mirror depth.",https://www.presidencedufaso.bf/conseil-des-ministres-du-2-juillet-2025/ https://github.com/dr5hn/countries-states-cities-database/blob/85fb8848193db488eb7156d5b7c4d70f395a1c9f/ADMINISTRATIVE_STRUCTURE.md
3129,BF,Houet,BF-HOU,held,"{""level"": 2, ""parent_id"": 3165}",,held_conflict,"Presidency reports the July 2025 reorganization from 13 to 17 regions and 45 to 47 provinces, with a six-month transition. Both CSC and mirror still have 13/45. Earlier corrected levels are preserved; old regional membership cannot be certified by mirror depth.",https://www.presidencedufaso.bf/conseil-des-ministres-du-2-juillet-2025/ https://github.com/dr5hn/countries-states-cities-database/blob/85fb8848193db488eb7156d5b7c4d70f395a1c9f/ADMINISTRATIVE_STRUCTURE.md
3130,BF,Zondoma,BF-ZON,held,"{""level"": 2, ""parent_id"": 3164}",,held_conflict,"Presidency reports the July 2025 reorganization from 13 to 17 regions and 45 to 47 provinces, with a six-month transition. Both CSC and mirror still have 13/45. Earlier corrected levels are preserved; old regional membership cannot be certified by mirror depth.",https://www.presidencedufaso.bf/conseil-des-ministres-du-2-juillet-2025/ https://github.com/dr5hn/countries-states-cities-database/blob/85fb8848193db488eb7156d5b7c4d70f395a1c9f/ADMINISTRATIVE_STRUCTURE.md
3131,BF,Boulgou,BF-BLG,held,"{""level"": 2, ""parent_id"": 3162}",,held_conflict,"Presidency reports the July 2025 reorganization from 13 to 17 regions and 45 to 47 provinces, with a six-month transition. Both CSC and mirror still have 13/45. Earlier corrected levels are preserved; old regional membership cannot be certified by mirror depth.",https://www.presidencedufaso.bf/conseil-des-ministres-du-2-juillet-2025/ https://github.com/dr5hn/countries-states-cities-database/blob/85fb8848193db488eb7156d5b7c4d70f395a1c9f/ADMINISTRATIVE_STRUCTURE.md
3132,BF,Komondjari,BF-KMD,held,"{""level"": 2, ""parent_id"": 3158}",,held_conflict,"Presidency reports the July 2025 reorganization from 13 to 17 regions and 45 to 47 provinces, with a six-month transition. Both CSC and mirror still have 13/45. Earlier corrected levels are preserved; old regional membership cannot be certified by mirror depth.",https://www.presidencedufaso.bf/conseil-des-ministres-du-2-juillet-2025/ https://github.com/dr5hn/countries-states-cities-database/blob/85fb8848193db488eb7156d5b7c4d70f395a1c9f/ADMINISTRATIVE_STRUCTURE.md
3133,BF,Koulpélogo,BF-KOP,held,"{""level"": 2, ""parent_id"": 3162}",,held_conflict,"Presidency reports the July 2025 reorganization from 13 to 17 regions and 45 to 47 provinces, with a six-month transition. Both CSC and mirror still have 13/45. Earlier corrected levels are preserved; old regional membership cannot be certified by mirror depth.",https://www.presidencedufaso.bf/conseil-des-ministres-du-2-juillet-2025/ https://github.com/dr5hn/countries-states-cities-database/blob/85fb8848193db488eb7156d5b7c4d70f395a1c9f/ADMINISTRATIVE_STRUCTURE.md
3134,BF,Tuy,BF-TUI,held,"{""level"": 2, ""parent_id"": 3165}",,held_conflict,"Presidency reports the July 2025 reorganization from 13 to 17 regions and 45 to 47 provinces, with a six-month transition. Both CSC and mirror still have 13/45. Earlier corrected levels are preserved; old regional membership cannot be certified by mirror depth.",https://www.presidencedufaso.bf/conseil-des-ministres-du-2-juillet-2025/ https://github.com/dr5hn/countries-states-cities-database/blob/85fb8848193db488eb7156d5b7c4d70f395a1c9f/ADMINISTRATIVE_STRUCTURE.md
3135,BF,Ioba,BF-IOB,held,"{""level"": 2, ""parent_id"": 3140}",,held_conflict,"Presidency reports the July 2025 reorganization from 13 to 17 regions and 45 to 47 provinces, with a six-month transition. Both CSC and mirror still have 13/45. Earlier corrected levels are preserved; old regional membership cannot be certified by mirror depth.",https://www.presidencedufaso.bf/conseil-des-ministres-du-2-juillet-2025/ https://github.com/dr5hn/countries-states-cities-database/blob/85fb8848193db488eb7156d5b7c4d70f395a1c9f/ADMINISTRATIVE_STRUCTURE.md
3136,BF,Centre,BF-03,held,"{""level"": 1, ""parent_id"": null}",,held_conflict,"Presidency reports the July 2025 reorganization from 13 to 17 regions and 45 to 47 provinces, with a six-month transition. Both CSC and mirror still have 13/45. Earlier corrected levels are preserved; old regional membership cannot be certified by mirror depth.",https://www.presidencedufaso.bf/conseil-des-ministres-du-2-juillet-2025/ https://github.com/dr5hn/countries-states-cities-database/blob/85fb8848193db488eb7156d5b7c4d70f395a1c9f/ADMINISTRATIVE_STRUCTURE.md
3137,BF,Sourou,BF-SOR,held,"{""level"": 2, ""parent_id"": 3138}",,held_conflict,"Presidency reports the July 2025 reorganization from 13 to 17 regions and 45 to 47 provinces, with a six-month transition. Both CSC and mirror still have 13/45. Earlier corrected levels are preserved; old regional membership cannot be certified by mirror depth.",https://www.presidencedufaso.bf/conseil-des-ministres-du-2-juillet-2025/ https://github.com/dr5hn/countries-states-cities-database/blob/85fb8848193db488eb7156d5b7c4d70f395a1c9f/ADMINISTRATIVE_STRUCTURE.md
3138,BF,Boucle du Mouhoun,BF-01,held,"{""level"": 1, ""parent_id"": null}",,held_conflict,"Presidency reports the July 2025 reorganization from 13 to 17 regions and 45 to 47 provinces, with a six-month transition. Both CSC and mirror still have 13/45. Earlier corrected levels are preserved; old regional membership cannot be certified by mirror depth.",https://www.presidencedufaso.bf/conseil-des-ministres-du-2-juillet-2025/ https://github.com/dr5hn/countries-states-cities-database/blob/85fb8848193db488eb7156d5b7c4d70f395a1c9f/ADMINISTRATIVE_STRUCTURE.md
3139,BF,Séno,BF-SEN,held,"{""level"": 2, ""parent_id"": 3114}",,held_conflict,"Presidency reports the July 2025 reorganization from 13 to 17 regions and 45 to 47 provinces, with a six-month transition. Both CSC and mirror still have 13/45. Earlier corrected levels are preserved; old regional membership cannot be certified by mirror depth.",https://www.presidencedufaso.bf/conseil-des-ministres-du-2-juillet-2025/ https://github.com/dr5hn/countries-states-cities-database/blob/85fb8848193db488eb7156d5b7c4d70f395a1c9f/ADMINISTRATIVE_STRUCTURE.md
3140,BF,Sud-Ouest,BF-13,held,"{""level"": 1, ""parent_id"": null}",,held_conflict,"Presidency reports the July 2025 reorganization from 13 to 17 regions and 45 to 47 provinces, with a six-month transition. Both CSC and mirror still have 13/45. Earlier corrected levels are preserved; old regional membership cannot be certified by mirror depth.",https://www.presidencedufaso.bf/conseil-des-ministres-du-2-juillet-2025/ https://github.com/dr5hn/countries-states-cities-database/blob/85fb8848193db488eb7156d5b7c4d70f395a1c9f/ADMINISTRATIVE_STRUCTURE.md
3141,BF,Oubritenga,BF-OUB,held,"{""level"": 2, ""parent_id"": 3125}",,held_conflict,"Presidency reports the July 2025 reorganization from 13 to 17 regions and 45 to 47 provinces, with a six-month transition. Both CSC and mirror still have 13/45. Earlier corrected levels are preserved; old regional membership cannot be certified by mirror depth.",https://www.presidencedufaso.bf/conseil-des-ministres-du-2-juillet-2025/ https://github.com/dr5hn/countries-states-cities-database/blob/85fb8848193db488eb7156d5b7c4d70f395a1c9f/ADMINISTRATIVE_STRUCTURE.md
3142,BF,Nayala,BF-NAY,held,"{""level"": 2, ""parent_id"": 3138}",,held_conflict,"Presidency reports the July 2025 reorganization from 13 to 17 regions and 45 to 47 provinces, with a six-month transition. Both CSC and mirror still have 13/45. Earlier corrected levels are preserved; old regional membership cannot be certified by mirror depth.",https://www.presidencedufaso.bf/conseil-des-ministres-du-2-juillet-2025/ https://github.com/dr5hn/countries-states-cities-database/blob/85fb8848193db488eb7156d5b7c4d70f395a1c9f/ADMINISTRATIVE_STRUCTURE.md
3143,BF,Gourma,BF-GOU,held,"{""level"": 2, ""parent_id"": 3158}",,held_conflict,"Presidency reports the July 2025 reorganization from 13 to 17 regions and 45 to 47 provinces, with a six-month transition. Both CSC and mirror still have 13/45. Earlier corrected levels are preserved; old regional membership cannot be certified by mirror depth.",https://www.presidencedufaso.bf/conseil-des-ministres-du-2-juillet-2025/ https://github.com/dr5hn/countries-states-cities-database/blob/85fb8848193db488eb7156d5b7c4d70f395a1c9f/ADMINISTRATIVE_STRUCTURE.md
3144,BF,Oudalan,BF-OUD,held,"{""level"": 2, ""parent_id"": 3114}",,held_conflict,"Presidency reports the July 2025 reorganization from 13 to 17 regions and 45 to 47 provinces, with a six-month transition. Both CSC and mirror still have 13/45. Earlier corrected levels are preserved; old regional membership cannot be certified by mirror depth.",https://www.presidencedufaso.bf/conseil-des-ministres-du-2-juillet-2025/ https://github.com/dr5hn/countries-states-cities-database/blob/85fb8848193db488eb7156d5b7c4d70f395a1c9f/ADMINISTRATIVE_STRUCTURE.md
3145,BF,Ziro,BF-ZIR,held,"{""level"": 2, ""parent_id"": 3115}",,held_conflict,"Presidency reports the July 2025 reorganization from 13 to 17 regions and 45 to 47 provinces, with a six-month transition. Both CSC and mirror still have 13/45. Earlier corrected levels are preserved; old regional membership cannot be certified by mirror depth.",https://www.presidencedufaso.bf/conseil-des-ministres-du-2-juillet-2025/ https://github.com/dr5hn/countries-states-cities-database/blob/85fb8848193db488eb7156d5b7c4d70f395a1c9f/ADMINISTRATIVE_STRUCTURE.md
3146,BF,Kossi,BF-KOS,held,"{""level"": 2, ""parent_id"": 3138}",,held_conflict,"Presidency reports the July 2025 reorganization from 13 to 17 regions and 45 to 47 provinces, with a six-month transition. Both CSC and mirror still have 13/45. Earlier corrected levels are preserved; old regional membership cannot be certified by mirror depth.",https://www.presidencedufaso.bf/conseil-des-ministres-du-2-juillet-2025/ https://github.com/dr5hn/countries-states-cities-database/blob/85fb8848193db488eb7156d5b7c4d70f395a1c9f/ADMINISTRATIVE_STRUCTURE.md
3147,BF,Kourwéogo,BF-KOW,held,"{""level"": 2, ""parent_id"": 3125}",,held_conflict,"Presidency reports the July 2025 reorganization from 13 to 17 regions and 45 to 47 provinces, with a six-month transition. Both CSC and mirror still have 13/45. Earlier corrected levels are preserved; old regional membership cannot be certified by mirror depth.",https://www.presidencedufaso.bf/conseil-des-ministres-du-2-juillet-2025/ https://github.com/dr5hn/countries-states-cities-database/blob/85fb8848193db488eb7156d5b7c4d70f395a1c9f/ADMINISTRATIVE_STRUCTURE.md
3148,BF,Ganzourgou,BF-GAN,held,"{""level"": 2, ""parent_id"": 3125}",,held_conflict,"Presidency reports the July 2025 reorganization from 13 to 17 regions and 45 to 47 provinces, with a six-month transition. Both CSC and mirror still have 13/45. Earlier corrected levels are preserved; old regional membership cannot be certified by mirror depth.",https://www.presidencedufaso.bf/conseil-des-ministres-du-2-juillet-2025/ https://github.com/dr5hn/countries-states-cities-database/blob/85fb8848193db488eb7156d5b7c4d70f395a1c9f/ADMINISTRATIVE_STRUCTURE.md
3149,BF,Centre-Sud,BF-07,held,"{""level"": 1, ""parent_id"": null}",,held_conflict,"Presidency reports the July 2025 reorganization from 13 to 17 regions and 45 to 47 provinces, with a six-month transition. Both CSC and mirror still have 13/45. Earlier corrected levels are preserved; old regional membership cannot be certified by mirror depth.",https://www.presidencedufaso.bf/conseil-des-ministres-du-2-juillet-2025/ https://github.com/dr5hn/countries-states-cities-database/blob/85fb8848193db488eb7156d5b7c4d70f395a1c9f/ADMINISTRATIVE_STRUCTURE.md
3150,BF,Yatenga,BF-YAT,held,"{""level"": 2, ""parent_id"": 3164}",,held_conflict,"Presidency reports the July 2025 reorganization from 13 to 17 regions and 45 to 47 provinces, with a six-month transition. Both CSC and mirror still have 13/45. Earlier corrected levels are preserved; old regional membership cannot be certified by mirror depth.",https://www.presidencedufaso.bf/conseil-des-ministres-du-2-juillet-2025/ https://github.com/dr5hn/countries-states-cities-database/blob/85fb8848193db488eb7156d5b7c4d70f395a1c9f/ADMINISTRATIVE_STRUCTURE.md
3151,BF,Loroum,BF-LOR,held,"{""level"": 2, ""parent_id"": 3164}",,held_conflict,"Presidency reports the July 2025 reorganization from 13 to 17 regions and 45 to 47 provinces, with a six-month transition. Both CSC and mirror still have 13/45. Earlier corrected levels are preserved; old regional membership cannot be certified by mirror depth.",https://www.presidencedufaso.bf/conseil-des-ministres-du-2-juillet-2025/ https://github.com/dr5hn/countries-states-cities-database/blob/85fb8848193db488eb7156d5b7c4d70f395a1c9f/ADMINISTRATIVE_STRUCTURE.md
3152,BF,Bazèga,BF-BAZ,held,"{""level"": 2, ""parent_id"": 3149}",,held_conflict,"Presidency reports the July 2025 reorganization from 13 to 17 regions and 45 to 47 provinces, with a six-month transition. Both CSC and mirror still have 13/45. Earlier corrected levels are preserved; old regional membership cannot be certified by mirror depth.",https://www.presidencedufaso.bf/conseil-des-ministres-du-2-juillet-2025/ https://github.com/dr5hn/countries-states-cities-database/blob/85fb8848193db488eb7156d5b7c4d70f395a1c9f/ADMINISTRATIVE_STRUCTURE.md
3153,BF,Cascades,BF-02,held,"{""level"": 1, ""parent_id"": null}",,held_conflict,"Presidency reports the July 2025 reorganization from 13 to 17 regions and 45 to 47 provinces, with a six-month transition. Both CSC and mirror still have 13/45. Earlier corrected levels are preserved; old regional membership cannot be certified by mirror depth.",https://www.presidencedufaso.bf/conseil-des-ministres-du-2-juillet-2025/ https://github.com/dr5hn/countries-states-cities-database/blob/85fb8848193db488eb7156d5b7c4d70f395a1c9f/ADMINISTRATIVE_STRUCTURE.md
3154,BF,Sanguié,BF-SNG,held,"{""level"": 2, ""parent_id"": 3115}",,held_conflict,"Presidency reports the July 2025 reorganization from 13 to 17 regions and 45 to 47 provinces, with a six-month transition. Both CSC and mirror still have 13/45. Earlier corrected levels are preserved; old regional membership cannot be certified by mirror depth.",https://www.presidencedufaso.bf/conseil-des-ministres-du-2-juillet-2025/ https://github.com/dr5hn/countries-states-cities-database/blob/85fb8848193db488eb7156d5b7c4d70f395a1c9f/ADMINISTRATIVE_STRUCTURE.md
3155,BF,Bam,BF-BAM,held,"{""level"": 2, ""parent_id"": 3127}",,held_conflict,"Presidency reports the July 2025 reorganization from 13 to 17 regions and 45 to 47 provinces, with a six-month transition. Both CSC and mirror still have 13/45. Earlier corrected levels are preserved; old regional membership cannot be certified by mirror depth.",https://www.presidencedufaso.bf/conseil-des-ministres-du-2-juillet-2025/ https://github.com/dr5hn/countries-states-cities-database/blob/85fb8848193db488eb7156d5b7c4d70f395a1c9f/ADMINISTRATIVE_STRUCTURE.md
3156,BF,Noumbiel,BF-NOU,held,"{""level"": 2, ""parent_id"": 3140}",,held_conflict,"Presidency reports the July 2025 reorganization from 13 to 17 regions and 45 to 47 provinces, with a six-month transition. Both CSC and mirror still have 13/45. Earlier corrected levels are preserved; old regional membership cannot be certified by mirror depth.",https://www.presidencedufaso.bf/conseil-des-ministres-du-2-juillet-2025/ https://github.com/dr5hn/countries-states-cities-database/blob/85fb8848193db488eb7156d5b7c4d70f395a1c9f/ADMINISTRATIVE_STRUCTURE.md
3157,BF,Kompienga,BF-KMP,held,"{""level"": 2, ""parent_id"": 3158}",,held_conflict,"Presidency reports the July 2025 reorganization from 13 to 17 regions and 45 to 47 provinces, with a six-month transition. Both CSC and mirror still have 13/45. Earlier corrected levels are preserved; old regional membership cannot be certified by mirror depth.",https://www.presidencedufaso.bf/conseil-des-ministres-du-2-juillet-2025/ https://github.com/dr5hn/countries-states-cities-database/blob/85fb8848193db488eb7156d5b7c4d70f395a1c9f/ADMINISTRATIVE_STRUCTURE.md
3158,BF,Est,BF-08,held,"{""level"": 1, ""parent_id"": null}",,held_conflict,"Presidency reports the July 2025 reorganization from 13 to 17 regions and 45 to 47 provinces, with a six-month transition. Both CSC and mirror still have 13/45. Earlier corrected levels are preserved; old regional membership cannot be certified by mirror depth.",https://www.presidencedufaso.bf/conseil-des-ministres-du-2-juillet-2025/ https://github.com/dr5hn/countries-states-cities-database/blob/85fb8848193db488eb7156d5b7c4d70f395a1c9f/ADMINISTRATIVE_STRUCTURE.md
3159,BF,Léraba,BF-LER,held,"{""level"": 2, ""parent_id"": 3153}",,held_conflict,"Presidency reports the July 2025 reorganization from 13 to 17 regions and 45 to 47 provinces, with a six-month transition. Both CSC and mirror still have 13/45. Earlier corrected levels are preserved; old regional membership cannot be certified by mirror depth.",https://www.presidencedufaso.bf/conseil-des-ministres-du-2-juillet-2025/ https://github.com/dr5hn/countries-states-cities-database/blob/85fb8848193db488eb7156d5b7c4d70f395a1c9f/ADMINISTRATIVE_STRUCTURE.md
3160,BF,Balé,BF-BAL,held,"{""level"": 2, ""parent_id"": 3138}",,held_conflict,"Presidency reports the July 2025 reorganization from 13 to 17 regions and 45 to 47 provinces, with a six-month transition. Both CSC and mirror still have 13/45. Earlier corrected levels are preserved; old regional membership cannot be certified by mirror depth.",https://www.presidencedufaso.bf/conseil-des-ministres-du-2-juillet-2025/ https://github.com/dr5hn/countries-states-cities-database/blob/85fb8848193db488eb7156d5b7c4d70f395a1c9f/ADMINISTRATIVE_STRUCTURE.md
3161,BF,Kouritenga,BF-KOT,held,"{""level"": 2, ""parent_id"": 3162}",,held_conflict,"Presidency reports the July 2025 reorganization from 13 to 17 regions and 45 to 47 provinces, with a six-month transition. Both CSC and mirror still have 13/45. Earlier corrected levels are preserved; old regional membership cannot be certified by mirror depth.",https://www.presidencedufaso.bf/conseil-des-ministres-du-2-juillet-2025/ https://github.com/dr5hn/countries-states-cities-database/blob/85fb8848193db488eb7156d5b7c4d70f395a1c9f/ADMINISTRATIVE_STRUCTURE.md
3162,BF,Centre-Est,BF-04,held,"{""level"": 1, ""parent_id"": null}",,held_conflict,"Presidency reports the July 2025 reorganization from 13 to 17 regions and 45 to 47 provinces, with a six-month transition. Both CSC and mirror still have 13/45. Earlier corrected levels are preserved; old regional membership cannot be certified by mirror depth.",https://www.presidencedufaso.bf/conseil-des-ministres-du-2-juillet-2025/ https://github.com/dr5hn/countries-states-cities-database/blob/85fb8848193db488eb7156d5b7c4d70f395a1c9f/ADMINISTRATIVE_STRUCTURE.md
3163,BF,Poni,BF-PON,held,"{""level"": 2, ""parent_id"": 3140}",,held_conflict,"Presidency reports the July 2025 reorganization from 13 to 17 regions and 45 to 47 provinces, with a six-month transition. Both CSC and mirror still have 13/45. Earlier corrected levels are preserved; old regional membership cannot be certified by mirror depth.",https://www.presidencedufaso.bf/conseil-des-ministres-du-2-juillet-2025/ https://github.com/dr5hn/countries-states-cities-database/blob/85fb8848193db488eb7156d5b7c4d70f395a1c9f/ADMINISTRATIVE_STRUCTURE.md
3164,BF,Nord,BF-10,held,"{""level"": 1, ""parent_id"": null}",,held_conflict,"Presidency reports the July 2025 reorganization from 13 to 17 regions and 45 to 47 provinces, with a six-month transition. Both CSC and mirror still have 13/45. Earlier corrected levels are preserved; old regional membership cannot be certified by mirror depth.",https://www.presidencedufaso.bf/conseil-des-ministres-du-2-juillet-2025/ https://github.com/dr5hn/countries-states-cities-database/blob/85fb8848193db488eb7156d5b7c4d70f395a1c9f/ADMINISTRATIVE_STRUCTURE.md
3165,BF,Hauts-Bassins,BF-09,held,"{""level"": 1, ""parent_id"": null}",,held_conflict,"Presidency reports the July 2025 reorganization from 13 to 17 regions and 45 to 47 provinces, with a six-month transition. Both CSC and mirror still have 13/45. Earlier corrected levels are preserved; old regional membership cannot be certified by mirror depth.",https://www.presidencedufaso.bf/conseil-des-ministres-du-2-juillet-2025/ https://github.com/dr5hn/countries-states-cities-database/blob/85fb8848193db488eb7156d5b7c4d70f395a1c9f/ADMINISTRATIVE_STRUCTURE.md
3166,BF,Soum,BF-SOM,held,"{""level"": 2, ""parent_id"": 3114}",,held_conflict,"Presidency reports the July 2025 reorganization from 13 to 17 regions and 45 to 47 provinces, with a six-month transition. Both CSC and mirror still have 13/45. Earlier corrected levels are preserved; old regional membership cannot be certified by mirror depth.",https://www.presidencedufaso.bf/conseil-des-ministres-du-2-juillet-2025/ https://github.com/dr5hn/countries-states-cities-database/blob/85fb8848193db488eb7156d5b7c4d70f395a1c9f/ADMINISTRATIVE_STRUCTURE.md
3167,BF,Comoé,BF-COM,held,"{""level"": 2, ""parent_id"": 3153}",,held_conflict,"Presidency reports the July 2025 reorganization from 13 to 17 regions and 45 to 47 provinces, with a six-month transition. Both CSC and mirror still have 13/45. Earlier corrected levels are preserved; old regional membership cannot be certified by mirror depth.",https://www.presidencedufaso.bf/conseil-des-ministres-du-2-juillet-2025/ https://github.com/dr5hn/countries-states-cities-database/blob/85fb8848193db488eb7156d5b7c4d70f395a1c9f/ADMINISTRATIVE_STRUCTURE.md
3168,BF,Kadiogo,BF-KAD,held,"{""level"": 2, ""parent_id"": 3136}",,held_conflict,"Presidency reports the July 2025 reorganization from 13 to 17 regions and 45 to 47 provinces, with a six-month transition. Both CSC and mirror still have 13/45. Earlier corrected levels are preserved; old regional membership cannot be certified by mirror depth.",https://www.presidencedufaso.bf/conseil-des-ministres-du-2-juillet-2025/ https://github.com/dr5hn/countries-states-cities-database/blob/85fb8848193db488eb7156d5b7c4d70f395a1c9f/ADMINISTRATIVE_STRUCTURE.md
5343,BF,Boulkiemde,BF-BLK,held,"{""level"": 2, ""parent_id"": 3115}",,held_conflict,"Presidency reports the July 2025 reorganization from 13 to 17 regions and 45 to 47 provinces, with a six-month transition. Both CSC and mirror still have 13/45. Earlier corrected levels are preserved; old regional membership cannot be certified by mirror depth.",https://www.presidencedufaso.bf/conseil-des-ministres-du-2-juillet-2025/ https://github.com/dr5hn/countries-states-cities-database/blob/85fb8848193db488eb7156d5b7c4d70f395a1c9f/ADMINISTRATIVE_STRUCTURE.md
4693,BG,Gabrovo,BG-07,changed,"{""level"": null}","{""level"": 1}",iso,ISO 3166-2 depth and parent,
4694,BG,Smolyan,BG-21,changed,"{""level"": null}","{""level"": 1}",iso,ISO 3166-2 depth and parent,
4695,BG,Pernik,BG-14,changed,"{""level"": null}","{""level"": 1}",iso,ISO 3166-2 depth and parent,
4696,BG,Montana,BG-12,changed,"{""level"": null}","{""level"": 1}",iso,ISO 3166-2 depth and parent,
4697,BG,Vidin,BG-05,changed,"{""level"": null}","{""level"": 1}",iso,ISO 3166-2 depth and parent,
4698,BG,Razgrad,BG-17,changed,"{""level"": null}","{""level"": 1}",iso,ISO 3166-2 depth and parent,
4699,BG,Blagoevgrad,BG-01,changed,"{""level"": null}","{""level"": 1}",iso,ISO 3166-2 depth and parent,
4700,BG,Sliven,BG-20,changed,"{""level"": null}","{""level"": 1}",iso,ISO 3166-2 depth and parent,
4701,BG,Plovdiv,BG-16,changed,"{""level"": null}","{""level"": 1}",iso,ISO 3166-2 depth and parent,
4702,BG,Kardzhali,BG-09,changed,"{""level"": null}","{""level"": 1}",iso,ISO 3166-2 depth and parent,
4703,BG,Kyustendil,BG-10,changed,"{""level"": null}","{""level"": 1}",iso,ISO 3166-2 depth and parent,
4704,BG,Haskovo,BG-26,changed,"{""level"": null}","{""level"": 1}",iso,ISO 3166-2 depth and parent,
4705,BG,Sofia City,BG-22,changed,"{""level"": null}","{""level"": 1}",iso,ISO 3166-2 depth and parent,
4706,BG,Pleven,BG-15,changed,"{""level"": null}","{""level"": 1}",iso,ISO 3166-2 depth and parent,
4707,BG,Stara Zagora,BG-24,changed,"{""level"": null}","{""level"": 1}",iso,ISO 3166-2 depth and parent,
4708,BG,Silistra,BG-19,changed,"{""level"": null}","{""level"": 1}",iso,ISO 3166-2 depth and parent,
4709,BG,Veliko Tarnovo,BG-04,changed,"{""level"": null}","{""level"": 1}",iso,ISO 3166-2 depth and parent,
4710,BG,Lovech,BG-11,changed,"{""level"": null}","{""level"": 1}",iso,ISO 3166-2 depth and parent,
4711,BG,Vratsa,BG-06,changed,"{""level"": null}","{""level"": 1}",iso,ISO 3166-2 depth and parent,
4712,BG,Pazardzhik,BG-13,changed,"{""level"": null}","{""level"": 1}",iso,ISO 3166-2 depth and parent,
4713,BG,Ruse,BG-18,changed,"{""level"": null}","{""level"": 1}",iso,ISO 3166-2 depth and parent,
4714,BG,Targovishte,BG-25,changed,"{""level"": null}","{""level"": 1}",iso,ISO 3166-2 depth and parent,
4715,BG,Burgas,BG-02,changed,"{""level"": null}","{""level"": 1}",iso,ISO 3166-2 depth and parent,
4716,BG,Yambol,BG-28,changed,"{""level"": null}","{""level"": 1}",iso,ISO 3166-2 depth and parent,
4717,BG,Varna,BG-03,changed,"{""level"": null}","{""level"": 1}",iso,ISO 3166-2 depth and parent,
4718,BG,Dobrich,BG-08,changed,"{""level"": null}","{""level"": 1}",iso,ISO 3166-2 depth and parent,
4719,BG,Sofia,BG-23,changed,"{""level"": null}","{""level"": 1}",iso,ISO 3166-2 depth and parent,
4882,BG,Shumen,BG-27,changed,"{""level"": null}","{""level"": 1}",iso,ISO 3166-2 depth and parent,
1992,BH,Capital,BH-13,changed,"{""level"": 2}","{""level"": 1}",iso,ISO 3166-2 depth and parent,
1993,BH,Southern,BH-14,changed,"{""level"": 2}","{""level"": 1}",iso,ISO 3166-2 depth and parent,
1994,BH,Northern,BH-17,changed,"{""level"": 2}","{""level"": 1}",iso,ISO 3166-2 depth and parent,
1995,BH,Muharraq,BH-15,changed,"{""level"": 2}","{""level"": 1}",iso,ISO 3166-2 depth and parent,
3185,BI,Rumonge,BI-RM,held,"{""level"": null, ""parent_id"": null}",,held_conflict,"Presidency identifies five current provinces; the reorganization was implemented by new provincial appointments in August 2025. CSC and the mirror retain 18 old provinces, including old and enlarged Gitega scopes. Hold entity/hierarchy reconciliation rather than set current levels on stale identities.",https://presidence.gov.bi/le-pays/ https://github.com/dr5hn/countries-states-cities-database/blob/85fb8848193db488eb7156d5b7c4d70f395a1c9f/ADMINISTRATIVE_STRUCTURE.md
3186,BI,Muyinga,BI-MY,held,"{""level"": null, ""parent_id"": null}",,held_conflict,"Presidency identifies five current provinces; the reorganization was implemented by new provincial appointments in August 2025. CSC and the mirror retain 18 old provinces, including old and enlarged Gitega scopes. Hold entity/hierarchy reconciliation rather than set current levels on stale identities.",https://presidence.gov.bi/le-pays/ https://github.com/dr5hn/countries-states-cities-database/blob/85fb8848193db488eb7156d5b7c4d70f395a1c9f/ADMINISTRATIVE_STRUCTURE.md
3187,BI,Mwaro,BI-MW,held,"{""level"": null, ""parent_id"": null}",,held_conflict,"Presidency identifies five current provinces; the reorganization was implemented by new provincial appointments in August 2025. CSC and the mirror retain 18 old provinces, including old and enlarged Gitega scopes. Hold entity/hierarchy reconciliation rather than set current levels on stale identities.",https://presidence.gov.bi/le-pays/ https://github.com/dr5hn/countries-states-cities-database/blob/85fb8848193db488eb7156d5b7c4d70f395a1c9f/ADMINISTRATIVE_STRUCTURE.md
3188,BI,Makamba,BI-MA,held,"{""level"": null, ""parent_id"": null}",,held_conflict,"Presidency identifies five current provinces; the reorganization was implemented by new provincial appointments in August 2025. CSC and the mirror retain 18 old provinces, including old and enlarged Gitega scopes. Hold entity/hierarchy reconciliation rather than set current levels on stale identities.",https://presidence.gov.bi/le-pays/ https://github.com/dr5hn/countries-states-cities-database/blob/85fb8848193db488eb7156d5b7c4d70f395a1c9f/ADMINISTRATIVE_STRUCTURE.md
3189,BI,Rutana,BI-RT,held,"{""level"": null, ""parent_id"": null}",,held_conflict,"Presidency identifies five current provinces; the reorganization was implemented by new provincial appointments in August 2025. CSC and the mirror retain 18 old provinces, including old and enlarged Gitega scopes. Hold entity/hierarchy reconciliation rather than set current levels on stale identities.",https://presidence.gov.bi/le-pays/ https://github.com/dr5hn/countries-states-cities-database/blob/85fb8848193db488eb7156d5b7c4d70f395a1c9f/ADMINISTRATIVE_STRUCTURE.md
3190,BI,Cibitoke,BI-CI,held,"{""level"": null, ""parent_id"": null}",,held_conflict,"Presidency identifies five current provinces; the reorganization was implemented by new provincial appointments in August 2025. CSC and the mirror retain 18 old provinces, including old and enlarged Gitega scopes. Hold entity/hierarchy reconciliation rather than set current levels on stale identities.",https://presidence.gov.bi/le-pays/ https://github.com/dr5hn/countries-states-cities-database/blob/85fb8848193db488eb7156d5b7c4d70f395a1c9f/ADMINISTRATIVE_STRUCTURE.md
3191,BI,Ruyigi,BI-RY,held,"{""level"": null, ""parent_id"": null}",,held_conflict,"Presidency identifies five current provinces; the reorganization was implemented by new provincial appointments in August 2025. CSC and the mirror retain 18 old provinces, including old and enlarged Gitega scopes. Hold entity/hierarchy reconciliation rather than set current levels on stale identities.",https://presidence.gov.bi/le-pays/ https://github.com/dr5hn/countries-states-cities-database/blob/85fb8848193db488eb7156d5b7c4d70f395a1c9f/ADMINISTRATIVE_STRUCTURE.md
3192,BI,Kayanza,BI-KY,held,"{""level"": null, ""parent_id"": null}",,held_conflict,"Presidency identifies five current provinces; the reorganization was implemented by new provincial appointments in August 2025. CSC and the mirror retain 18 old provinces, including old and enlarged Gitega scopes. Hold entity/hierarchy reconciliation rather than set current levels on stale identities.",https://presidence.gov.bi/le-pays/ https://github.com/dr5hn/countries-states-cities-database/blob/85fb8848193db488eb7156d5b7c4d70f395a1c9f/ADMINISTRATIVE_STRUCTURE.md
3193,BI,Muramvya,BI-MU,held,"{""level"": null, ""parent_id"": null}",,held_conflict,"Presidency identifies five current provinces; the reorganization was implemented by new provincial appointments in August 2025. CSC and the mirror retain 18 old provinces, including old and enlarged Gitega scopes. Hold entity/hierarchy reconciliation rather than set current levels on stale identities.",https://presidence.gov.bi/le-pays/ https://github.com/dr5hn/countries-states-cities-database/blob/85fb8848193db488eb7156d5b7c4d70f395a1c9f/ADMINISTRATIVE_STRUCTURE.md
3194,BI,Karuzi,BI-KR,held,"{""level"": null, ""parent_id"": null}",,held_conflict,"Presidency identifies five current provinces; the reorganization was implemented by new provincial appointments in August 2025. CSC and the mirror retain 18 old provinces, including old and enlarged Gitega scopes. Hold entity/hierarchy reconciliation rather than set current levels on stale identities.",https://presidence.gov.bi/le-pays/ https://github.com/dr5hn/countries-states-cities-database/blob/85fb8848193db488eb7156d5b7c4d70f395a1c9f/ADMINISTRATIVE_STRUCTURE.md
3195,BI,Kirundo,BI-KI,held,"{""level"": null, ""parent_id"": null}",,held_conflict,"Presidency identifies five current provinces; the reorganization was implemented by new provincial appointments in August 2025. CSC and the mirror retain 18 old provinces, including old and enlarged Gitega scopes. Hold entity/hierarchy reconciliation rather than set current levels on stale identities.",https://presidence.gov.bi/le-pays/ https://github.com/dr5hn/countries-states-cities-database/blob/85fb8848193db488eb7156d5b7c4d70f395a1c9f/ADMINISTRATIVE_STRUCTURE.md
3196,BI,Bubanza,BI-BB,held,"{""level"": null, ""parent_id"": null}",,held_conflict,"Presidency identifies five current provinces; the reorganization was implemented by new provincial appointments in August 2025. CSC and the mirror retain 18 old provinces, including old and enlarged Gitega scopes. Hold entity/hierarchy reconciliation rather than set current levels on stale identities.",https://presidence.gov.bi/le-pays/ https://github.com/dr5hn/countries-states-cities-database/blob/85fb8848193db488eb7156d5b7c4d70f395a1c9f/ADMINISTRATIVE_STRUCTURE.md
3197,BI,Gitega,BI-GI,held,"{""level"": null, ""parent_id"": null}",,held_conflict,"Presidency identifies five current provinces; the reorganization was implemented by new provincial appointments in August 2025. CSC and the mirror retain 18 old provinces, including old and enlarged Gitega scopes. Hold entity/hierarchy reconciliation rather than set current levels on stale identities.",https://presidence.gov.bi/le-pays/ https://github.com/dr5hn/countries-states-cities-database/blob/85fb8848193db488eb7156d5b7c4d70f395a1c9f/ADMINISTRATIVE_STRUCTURE.md
3198,BI,Bujumbura Mairie,BI-BM,held,"{""level"": null, ""parent_id"": null}",,held_conflict,"Presidency identifies five current provinces; the reorganization was implemented by new provincial appointments in August 2025. CSC and the mirror retain 18 old provinces, including old and enlarged Gitega scopes. Hold entity/hierarchy reconciliation rather than set current levels on stale identities.",https://presidence.gov.bi/le-pays/ https://github.com/dr5hn/countries-states-cities-database/blob/85fb8848193db488eb7156d5b7c4d70f395a1c9f/ADMINISTRATIVE_STRUCTURE.md
3199,BI,Ngozi,BI-NG,held,"{""level"": null, ""parent_id"": null}",,held_conflict,"Presidency identifies five current provinces; the reorganization was implemented by new provincial appointments in August 2025. CSC and the mirror retain 18 old provinces, including old and enlarged Gitega scopes. Hold entity/hierarchy reconciliation rather than set current levels on stale identities.",https://presidence.gov.bi/le-pays/ https://github.com/dr5hn/countries-states-cities-database/blob/85fb8848193db488eb7156d5b7c4d70f395a1c9f/ADMINISTRATIVE_STRUCTURE.md
3200,BI,Bujumbura Rural,BI-BL,held,"{""level"": null, ""parent_id"": null}",,held_conflict,"Presidency identifies five current provinces; the reorganization was implemented by new provincial appointments in August 2025. CSC and the mirror retain 18 old provinces, including old and enlarged Gitega scopes. Hold entity/hierarchy reconciliation rather than set current levels on stale identities.",https://presidence.gov.bi/le-pays/ https://github.com/dr5hn/countries-states-cities-database/blob/85fb8848193db488eb7156d5b7c4d70f395a1c9f/ADMINISTRATIVE_STRUCTURE.md
3201,BI,Cankuzo,BI-CA,held,"{""level"": null, ""parent_id"": null}",,held_conflict,"Presidency identifies five current provinces; the reorganization was implemented by new provincial appointments in August 2025. CSC and the mirror retain 18 old provinces, including old and enlarged Gitega scopes. Hold entity/hierarchy reconciliation rather than set current levels on stale identities.",https://presidence.gov.bi/le-pays/ https://github.com/dr5hn/countries-states-cities-database/blob/85fb8848193db488eb7156d5b7c4d70f395a1c9f/ADMINISTRATIVE_STRUCTURE.md
3202,BI,Bururi,BI-BR,held,"{""level"": null, ""parent_id"": null}",,held_conflict,"Presidency identifies five current provinces; the reorganization was implemented by new provincial appointments in August 2025. CSC and the mirror retain 18 old provinces, including old and enlarged Gitega scopes. Hold entity/hierarchy reconciliation rather than set current levels on stale identities.",https://presidence.gov.bi/le-pays/ https://github.com/dr5hn/countries-states-cities-database/blob/85fb8848193db488eb7156d5b7c4d70f395a1c9f/ADMINISTRATIVE_STRUCTURE.md
3070,BJ,Collines,BJ-CO,changed,"{""level"": null}","{""level"": 1}",iso,ISO 3166-2 depth and parent,
3071,BJ,Kouffo,BJ-KO,changed,"{""level"": null}","{""level"": 1}",iso,ISO 3166-2 depth and parent,
3072,BJ,Donga,BJ-DO,changed,"{""level"": null}","{""level"": 1}",iso,ISO 3166-2 depth and parent,
3073,BJ,Zou,BJ-ZO,changed,"{""level"": null}","{""level"": 1}",iso,ISO 3166-2 depth and parent,
3074,BJ,Plateau,BJ-PL,changed,"{""level"": null}","{""level"": 1}",iso,ISO 3166-2 depth and parent,
3075,BJ,Mono,BJ-MO,changed,"{""level"": null}","{""level"": 1}",iso,ISO 3166-2 depth and parent,
3076,BJ,Atakora,BJ-AK,changed,"{""level"": null}","{""level"": 1}",iso,ISO 3166-2 depth and parent,
3077,BJ,Alibori,BJ-AL,changed,"{""level"": null}","{""level"": 1}",iso,ISO 3166-2 depth and parent,
3078,BJ,Borgou,BJ-BO,changed,"{""level"": null}","{""level"": 1}",iso,ISO 3166-2 depth and parent,
3079,BJ,Atlantique,BJ-AQ,changed,"{""level"": null}","{""level"": 1}",iso,ISO 3166-2 depth and parent,
3080,BJ,Ouémé,BJ-OU,changed,"{""level"": null}","{""level"": 1}",iso,ISO 3166-2 depth and parent,
3081,BJ,Littoral,BJ-LI,changed,"{""level"": null}","{""level"": 1}",iso,ISO 3166-2 depth and parent,
5819,BL,Saint-Barthélemy,FR-BL,held,"{""level"": null, ""parent_id"": null}",,held_conflict,Dual-territory alias uses a foreign-prefix ISO code. Country-relative hierarchy needs explicit reconciliation with the parallel FR row; do not treat foreign code membership as a domestic hierarchy certificate.,https://github.com/dr5hn/countries-states-cities-database/blob/85fb8848193db488eb7156d5b7c4d70f395a1c9f/MULTI_LEVEL_TERRITORIES.md
4860,BM,Devonshire,BM-DEV,held,"{""level"": null, ""parent_id"": null}",,held_unverified,No current official national source establishing this row's hierarchy was verified; absent from the supplied ISO mirror. Retain existing level and parent; code/identity review is outside this round.,https://github.com/dr5hn/countries-states-cities-database/blob/85fb8848193db488eb7156d5b7c4d70f395a1c9f/.github/fixes-docs/FIX_1643_SUMMARY.md
4861,BM,Hamilton,BM-HA,held,"{""level"": null, ""parent_id"": null}",,held_unverified,No current official national source establishing this row's hierarchy was verified; absent from the supplied ISO mirror. Retain existing level and parent; code/identity review is outside this round.,https://github.com/dr5hn/countries-states-cities-database/blob/85fb8848193db488eb7156d5b7c4d70f395a1c9f/.github/fixes-docs/FIX_1643_SUMMARY.md
4863,BM,Paget,BM-PAG,held,"{""level"": null, ""parent_id"": null}",,held_unverified,No current official national source establishing this row's hierarchy was verified; absent from the supplied ISO mirror. Retain existing level and parent; code/identity review is outside this round.,https://github.com/dr5hn/countries-states-cities-database/blob/85fb8848193db488eb7156d5b7c4d70f395a1c9f/.github/fixes-docs/FIX_1643_SUMMARY.md
4864,BM,Pembroke,BM-PEM,held,"{""level"": null, ""parent_id"": null}",,held_unverified,No current official national source establishing this row's hierarchy was verified; absent from the supplied ISO mirror. Retain existing level and parent; code/identity review is outside this round.,https://github.com/dr5hn/countries-states-cities-database/blob/85fb8848193db488eb7156d5b7c4d70f395a1c9f/.github/fixes-docs/FIX_1643_SUMMARY.md
4866,BM,Saint George's,BM-SGE,held,"{""level"": null, ""parent_id"": null}",,held_unverified,No current official national source establishing this row's hierarchy was verified; absent from the supplied ISO mirror. Retain existing level and parent; code/identity review is outside this round.,https://github.com/dr5hn/countries-states-cities-database/blob/85fb8848193db488eb7156d5b7c4d70f395a1c9f/.github/fixes-docs/FIX_1643_SUMMARY.md
4867,BM,Sandys,BM-SAN,held,"{""level"": null, ""parent_id"": null}",,held_unverified,No current official national source establishing this row's hierarchy was verified; absent from the supplied ISO mirror. Retain existing level and parent; code/identity review is outside this round.,https://github.com/dr5hn/countries-states-cities-database/blob/85fb8848193db488eb7156d5b7c4d70f395a1c9f/.github/fixes-docs/FIX_1643_SUMMARY.md
4868,BM,Smith's,BM-SMI,held,"{""level"": null, ""parent_id"": null}",,held_unverified,No current official national source establishing this row's hierarchy was verified; absent from the supplied ISO mirror. Retain existing level and parent; code/identity review is outside this round.,https://github.com/dr5hn/countries-states-cities-database/blob/85fb8848193db488eb7156d5b7c4d70f395a1c9f/.github/fixes-docs/FIX_1643_SUMMARY.md
4869,BM,Southampton,BM-SOU,held,"{""level"": null, ""parent_id"": null}",,held_unverified,No current official national source establishing this row's hierarchy was verified; absent from the supplied ISO mirror. Retain existing level and parent; code/identity review is outside this round.,https://github.com/dr5hn/countries-states-cities-database/blob/85fb8848193db488eb7156d5b7c4d70f395a1c9f/.github/fixes-docs/FIX_1643_SUMMARY.md
4870,BM,Warwick,BM-WAR,held,"{""level"": null, ""parent_id"": null}",,held_unverified,No current official national source establishing this row's hierarchy was verified; absent from the supplied ISO mirror. Retain existing level and parent; code/identity review is outside this round.,https://github.com/dr5hn/countries-states-cities-database/blob/85fb8848193db488eb7156d5b7c4d70f395a1c9f/.github/fixes-docs/FIX_1643_SUMMARY.md
1216,BN,Brunei-Muara,BN-BM,changed,"{""level"": null}","{""level"": 1}",iso,ISO 3166-2 depth and parent,
1217,BN,Belait,BN-BE,changed,"{""level"": null}","{""level"": 1}",iso,ISO 3166-2 depth and parent,
1218,BN,Temburong,BN-TE,changed,"{""level"": null}","{""level"": 1}",iso,ISO 3166-2 depth and parent,
1219,BN,Tutong,BN-TU,changed,"{""level"": null}","{""level"": 1}",iso,ISO 3166-2 depth and parent,
3375,BO,Beni,BO-B,changed,"{""level"": null}","{""level"": 1}",iso,ISO 3166-2 depth and parent,
3376,BO,Oruro,BO-O,changed,"{""level"": null}","{""level"": 1}",iso,ISO 3166-2 depth and parent,
3377,BO,Santa Cruz,BO-S,changed,"{""level"": null}","{""level"": 1}",iso,ISO 3166-2 depth and parent,
3378,BO,Tarija,BO-T,changed,"{""level"": null}","{""level"": 1}",iso,ISO 3166-2 depth and parent,
3379,BO,Pando,BO-N,changed,"{""level"": null}","{""level"": 1}",iso,ISO 3166-2 depth and parent,
3380,BO,La Paz,BO-L,changed,"{""level"": null}","{""level"": 1}",iso,ISO 3166-2 depth and parent,
3381,BO,Cochabamba,BO-C,changed,"{""level"": null}","{""level"": 1}",iso,ISO 3166-2 depth and parent,
3382,BO,Chuquisaca,BO-H,changed,"{""level"": null}","{""level"": 1}",iso,ISO 3166-2 depth and parent,
3383,BO,Potosí,BO-P,changed,"{""level"": null}","{""level"": 1}",iso,ISO 3166-2 depth and parent,
5086,BQ,Bonaire,BQ-BO,changed,"{""level"": 3}","{""level"": 1}",iso,ISO 3166-2 depth and parent,
5087,BQ,Saba,BQ-SA,changed,"{""level"": 3}","{""level"": 1}",iso,ISO 3166-2 depth and parent,
5088,BQ,Sint Eustatius,BQ-SE,changed,"{""level"": 3}","{""level"": 1}",iso,ISO 3166-2 depth and parent,
3593,BS,Berry Islands,BS-BY,changed,"{""level"": null}","{""level"": 1}",iso,ISO 3166-2 depth and parent,
3596,BS,Central Eleuthera,BS-CE,changed,"{""level"": null}","{""level"": 1}",iso,ISO 3166-2 depth and parent,
3599,BS,West Grand Bahama,BS-WG,changed,"{""level"": null}","{""level"": 1}",iso,ISO 3166-2 depth and parent,
3600,BS,Rum Cay,BS-RC,changed,"{""level"": null}","{""level"": 1}",iso,ISO 3166-2 depth and parent,
3601,BS,Acklins,BS-AK,changed,"{""level"": null}","{""level"": 1}",iso,ISO 3166-2 depth and parent,
3602,BS,North Eleuthera,BS-NE,changed,"{""level"": null}","{""level"": 1}",iso,ISO 3166-2 depth and parent,
3603,BS,Central Abaco,BS-CO,changed,"{""level"": null}","{""level"": 1}",iso,ISO 3166-2 depth and parent,
3605,BS,Black Point,BS-BP,changed,"{""level"": null}","{""level"": 1}",iso,ISO 3166-2 depth and parent,
3607,BS,South Eleuthera,BS-SE,changed,"{""level"": null}","{""level"": 1}",iso,ISO 3166-2 depth and parent,
3608,BS,South Abaco,BS-SO,changed,"{""level"": null}","{""level"": 1}",iso,ISO 3166-2 depth and parent,
3609,BS,Inagua,BS-IN,changed,"{""level"": null}","{""level"": 1}",iso,ISO 3166-2 depth and parent,
3610,BS,Long Island,BS-LI,changed,"{""level"": null}","{""level"": 1}",iso,ISO 3166-2 depth and parent,
3611,BS,Cat Island,BS-CI,changed,"{""level"": null}","{""level"": 1}",iso,ISO 3166-2 depth and parent,
3612,BS,Exuma,BS-EX,changed,"{""level"": null}","{""level"": 1}",iso,ISO 3166-2 depth and parent,
3613,BS,Harbour Island,BS-HI,changed,"{""level"": null}","{""level"": 1}",iso,ISO 3166-2 depth and parent,
3614,BS,East Grand Bahama,BS-EG,changed,"{""level"": null}","{""level"": 1}",iso,ISO 3166-2 depth and parent,
3615,BS,Ragged Island,BS-RI,changed,"{""level"": null}","{""level"": 1}",iso,ISO 3166-2 depth and parent,
3616,BS,North Abaco,BS-NO,changed,"{""level"": null}","{""level"": 1}",iso,ISO 3166-2 depth and parent,
3617,BS,North Andros,BS-NS,changed,"{""level"": null}","{""level"": 1}",iso,ISO 3166-2 depth and parent,
3621,BS,Crooked Island,BS-CK,changed,"{""level"": null}","{""level"": 1}",iso,ISO 3166-2 depth and parent,
3622,BS,South Andros,BS-SA,changed,"{""level"": null}","{""level"": 1}",iso,ISO 3166-2 depth and parent,
3624,BS,Hope Town,BS-HT,changed,"{""level"": null}","{""level"": 1}",iso,ISO 3166-2 depth and parent,
3625,BS,Mangrove Cay,BS-MC,changed,"{""level"": null}","{""level"": 1}",iso,ISO 3166-2 depth and parent,
3626,BS,Freeport,BS-FP,changed,"{""level"": null}","{""level"": 1}",iso,ISO 3166-2 depth and parent,
3627,BS,San Salvador Island,BS-SS,changed,"{""level"": null}","{""level"": 1}",iso,ISO 3166-2 depth and parent,
3629,BS,Bimini,BS-BI,changed,"{""level"": null}","{""level"": 1}",iso,ISO 3166-2 depth and parent,
3630,BS,Spanish Wells,BS-SW,changed,"{""level"": null}","{""level"": 1}",iso,ISO 3166-2 depth and parent,
3631,BS,Central Andros,BS-CS,changed,"{""level"": null}","{""level"": 1}",iso,ISO 3166-2 depth and parent,
3632,BS,Grand Cay,BS-GC,changed,"{""level"": null}","{""level"": 1}",iso,ISO 3166-2 depth and parent,
3633,BS,Mayaguana,BS-MG,changed,"{""level"": null}","{""level"": 1}",iso,ISO 3166-2 depth and parent,
4881,BS,New Providence,BS-NP,changed,"{""level"": null}","{""level"": 1}",iso,ISO 3166-2 depth and parent,
5717,BS,Moore's Island,BS-MI,changed,"{""level"": null}","{""level"": 1}",iso,ISO 3166-2 depth and parent,
229,BT,Gasa ,BT-GA,changed,"{""level"": null}","{""level"": 1}",iso,ISO 3166-2 depth and parent,
230,BT,Tsirang ,BT-21,changed,"{""level"": null}","{""level"": 1}",iso,ISO 3166-2 depth and parent,
231,BT,Wangdue Phodrang ,BT-24,changed,"{""level"": null}","{""level"": 1}",iso,ISO 3166-2 depth and parent,
232,BT,Haa ,BT-13,changed,"{""level"": null}","{""level"": 1}",iso,ISO 3166-2 depth and parent,
233,BT,Zhemgang ,BT-34,changed,"{""level"": null}","{""level"": 1}",iso,ISO 3166-2 depth and parent,
234,BT,Lhuntse ,BT-44,changed,"{""level"": null}","{""level"": 1}",iso,ISO 3166-2 depth and parent,
235,BT,Punakha ,BT-23,changed,"{""level"": null}","{""level"": 1}",iso,ISO 3166-2 depth and parent,
236,BT,Trashigang ,BT-41,changed,"{""level"": null}","{""level"": 1}",iso,ISO 3166-2 depth and parent,
237,BT,Paro ,BT-11,changed,"{""level"": null}","{""level"": 1}",iso,ISO 3166-2 depth and parent,
238,BT,Dagana ,BT-22,changed,"{""level"": null}","{""level"": 1}",iso,ISO 3166-2 depth and parent,
239,BT,Chukha ,BT-12,changed,"{""level"": null}","{""level"": 1}",iso,ISO 3166-2 depth and parent,
240,BT,Bumthang ,BT-33,changed,"{""level"": null}","{""level"": 1}",iso,ISO 3166-2 depth and parent,
241,BT,Thimphu ,BT-15,changed,"{""level"": null}","{""level"": 1}",iso,ISO 3166-2 depth and parent,
242,BT,Mongar ,BT-42,changed,"{""level"": null}","{""level"": 1}",iso,ISO 3166-2 depth and parent,
243,BT,Samdrup Jongkhar ,BT-45,changed,"{""level"": null}","{""level"": 1}",iso,ISO 3166-2 depth and parent,
244,BT,Pemagatshel ,BT-43,changed,"{""level"": null}","{""level"": 1}",iso,ISO 3166-2 depth and parent,
245,BT,Trongsa ,BT-32,changed,"{""level"": null}","{""level"": 1}",iso,ISO 3166-2 depth and parent,
246,BT,Samtse ,BT-14,changed,"{""level"": null}","{""level"": 1}",iso,ISO 3166-2 depth and parent,
247,BT,Sarpang ,BT-31,changed,"{""level"": null}","{""level"": 1}",iso,ISO 3166-2 depth and parent,
5242,BT,Trashi Yangtse	,BT-TY,changed,"{""level"": null}","{""level"": 1}",iso,ISO 3166-2 depth and parent,
3061,BW,Ghanzi,BW-GH,changed,"{""level"": null}","{""level"": 1}",iso,ISO 3166-2 depth and parent,
3062,BW,Kgatleng,BW-KL,changed,"{""level"": null}","{""level"": 1}",iso,ISO 3166-2 depth and parent,
3063,BW,Southern,BW-SO,changed,"{""level"": null}","{""level"": 1}",iso,ISO 3166-2 depth and parent,
3064,BW,South-East,BW-SE,changed,"{""level"": null}","{""level"": 1}",iso,ISO 3166-2 depth and parent,
3065,BW,North-West,BW-NW,changed,"{""level"": null}","{""level"": 1}",iso,ISO 3166-2 depth and parent,
3066,BW,Kgalagadi,BW-KG,changed,"{""level"": null}","{""level"": 1}",iso,ISO 3166-2 depth and parent,
3067,BW,Central,BW-CE,changed,"{""level"": null}","{""level"": 1}",iso,ISO 3166-2 depth and parent,
3068,BW,North-East,BW-NE,changed,"{""level"": null}","{""level"": 1}",iso,ISO 3166-2 depth and parent,
3069,BW,Kweneng,BW-KW,changed,"{""level"": null}","{""level"": 1}",iso,ISO 3166-2 depth and parent,
5710,BW,Chobe,BW-CH,changed,"{""level"": null}","{""level"": 1}",iso,ISO 3166-2 depth and parent,
5711,BW,Francistown,BW-FR,changed,"{""level"": null}","{""level"": 1}",iso,ISO 3166-2 depth and parent,
5712,BW,Gaborone,BW-GA,changed,"{""level"": null}","{""level"": 1}",iso,ISO 3166-2 depth and parent,
5713,BW,Jwaneng,BW-JW,changed,"{""level"": null}","{""level"": 1}",iso,ISO 3166-2 depth and parent,
5714,BW,Lobatse,BW-LO,changed,"{""level"": null}","{""level"": 1}",iso,ISO 3166-2 depth and parent,
5715,BW,Selibe Phikwe,BW-SP,changed,"{""level"": null}","{""level"": 1}",iso,ISO 3166-2 depth and parent,
5716,BW,Sowa Town,BW-ST,changed,"{""level"": null}","{""level"": 1}",iso,ISO 3166-2 depth and parent,
2954,BY,Mogilev,BY-MA,changed,"{""level"": null}","{""level"": 1}",iso,ISO 3166-2 depth and parent,
2955,BY,Gomel,BY-HO,changed,"{""level"": null}","{""level"": 1}",iso,ISO 3166-2 depth and parent,
2956,BY,Grodno,BY-HR,changed,"{""level"": null}","{""level"": 1}",iso,ISO 3166-2 depth and parent,
2957,BY,Minsk,BY-MI,changed,"{""level"": null}","{""level"": 1}",iso,ISO 3166-2 depth and parent,
2958,BY,Minsk,BY-HM,changed,"{""level"": null}","{""level"": 1}",iso,ISO 3166-2 depth and parent,
2959,BY,Brest,BY-BR,changed,"{""level"": null}","{""level"": 1}",iso,ISO 3166-2 depth and parent,
2960,BY,Vitebsk,BY-VI,changed,"{""level"": null}","{""level"": 1}",iso,ISO 3166-2 depth and parent,
264,BZ,Belize,BZ-BZ,changed,"{""level"": null}","{""level"": 1}",iso,ISO 3166-2 depth and parent,
265,BZ,Stann Creek,BZ-SC,changed,"{""level"": null}","{""level"": 1}",iso,ISO 3166-2 depth and parent,
266,BZ,Corozal,BZ-CZL,changed,"{""level"": null}","{""level"": 1}",iso,ISO 3166-2 depth and parent,
267,BZ,Toledo,BZ-TOL,changed,"{""level"": null}","{""level"": 1}",iso,ISO 3166-2 depth and parent,
268,BZ,Orange Walk,BZ-OW,changed,"{""level"": null}","{""level"": 1}",iso,ISO 3166-2 depth and parent,
269,BZ,Cayo,BZ-CY,changed,"{""level"": null}","{""level"": 1}",iso,ISO 3166-2 depth and parent,
866,CA,Ontario,CA-ON,changed,"{""level"": null}","{""level"": 1}",iso,ISO 3166-2 depth and parent,
867,CA,Manitoba,CA-MB,changed,"{""level"": null}","{""level"": 1}",iso,ISO 3166-2 depth and parent,
868,CA,New Brunswick,CA-NB,changed,"{""level"": null}","{""level"": 1}",iso,ISO 3166-2 depth and parent,
869,CA,Yukon,CA-YT,changed,"{""level"": null}","{""level"": 1}",iso,ISO 3166-2 depth and parent,
870,CA,Saskatchewan,CA-SK,changed,"{""level"": null}","{""level"": 1}",iso,ISO 3166-2 depth and parent,
871,CA,Prince Edward Island,CA-PE,changed,"{""level"": null}","{""level"": 1}",iso,ISO 3166-2 depth and parent,
872,CA,Alberta,CA-AB,changed,"{""level"": null}","{""level"": 1}",iso,ISO 3166-2 depth and parent,
873,CA,Quebec,CA-QC,changed,"{""level"": null}","{""level"": 1}",iso,ISO 3166-2 depth and parent,
874,CA,Nova Scotia,CA-NS,changed,"{""level"": null}","{""level"": 1}",iso,ISO 3166-2 depth and parent,
875,CA,British Columbia,CA-BC,changed,"{""level"": null}","{""level"": 1}",iso,ISO 3166-2 depth and parent,
876,CA,Nunavut,CA-NU,changed,"{""level"": null}","{""level"": 1}",iso,ISO 3166-2 depth and parent,
877,CA,Newfoundland and Labrador,CA-NL,changed,"{""level"": null}","{""level"": 1}",iso,ISO 3166-2 depth and parent,
878,CA,Northwest Territories,CA-NT,changed,"{""level"": null}","{""level"": 1}",iso,ISO 3166-2 depth and parent,
2732,CD,Tshuapa,CD-TU,changed,"{""level"": null}","{""level"": 1}",iso,ISO 3166-2 depth and parent,
2733,CD,Tanganyika,CD-TA,changed,"{""level"": null}","{""level"": 1}",iso,ISO 3166-2 depth and parent,
2734,CD,Haut-Uélé,CD-HU,changed,"{""level"": null}","{""level"": 1}",iso,ISO 3166-2 depth and parent,
2735,CD,Kasaï Oriental,CD-KE,changed,"{""level"": null}","{""level"": 1}",iso,ISO 3166-2 depth and parent,
2738,CD,Sud-Kivu,CD-SK,changed,"{""level"": null}","{""level"": 1}",iso,ISO 3166-2 depth and parent,
2739,CD,Nord-Ubangi,CD-NU,changed,"{""level"": null}","{""level"": 1}",iso,ISO 3166-2 depth and parent,
2740,CD,Kwango,CD-KG,changed,"{""level"": null}","{""level"": 1}",iso,ISO 3166-2 depth and parent,
2741,CD,Kinshasa,CD-KN,changed,"{""level"": null}","{""level"": 1}",iso,ISO 3166-2 depth and parent,
2742,CD,Kasaï Central,CD-KC,changed,"{""level"": null}","{""level"": 1}",iso,ISO 3166-2 depth and parent,
2743,CD,Sankuru,CD-SA,changed,"{""level"": null}","{""level"": 1}",iso,ISO 3166-2 depth and parent,
2744,CD,Équateur,CD-EQ,changed,"{""level"": null}","{""level"": 1}",iso,ISO 3166-2 depth and parent,
2745,CD,Maniema,CD-MA,changed,"{""level"": null}","{""level"": 1}",iso,ISO 3166-2 depth and parent,
2746,CD,Kongo Central,CD-BC,changed,"{""level"": null}","{""level"": 1}",iso,ISO 3166-2 depth and parent,
2747,CD,Lomami,CD-LO,changed,"{""level"": null}","{""level"": 1}",iso,ISO 3166-2 depth and parent,
2748,CD,Sud-Ubangi,CD-SU,changed,"{""level"": null}","{""level"": 1}",iso,ISO 3166-2 depth and parent,
2749,CD,Nord-Kivu,CD-NK,changed,"{""level"": null}","{""level"": 1}",iso,ISO 3166-2 depth and parent,
2750,CD,Haut-Katanga,CD-HK,changed,"{""level"": null}","{""level"": 1}",iso,ISO 3166-2 depth and parent,
2751,CD,Ituri,CD-IT,changed,"{""level"": null}","{""level"": 1}",iso,ISO 3166-2 depth and parent,
2752,CD,Mongala,CD-MO,changed,"{""level"": null}","{""level"": 1}",iso,ISO 3166-2 depth and parent,
2753,CD,Bas-Uélé,CD-BU,changed,"{""level"": null}","{""level"": 1}",iso,ISO 3166-2 depth and parent,
2755,CD,Mai-Ndombe,CD-MN,changed,"{""level"": null}","{""level"": 1}",iso,ISO 3166-2 depth and parent,
2756,CD,Tshopo,CD-TO,changed,"{""level"": null}","{""level"": 1}",iso,ISO 3166-2 depth and parent,
2757,CD,Kasaï,CD-KS,changed,"{""level"": null}","{""level"": 1}",iso,ISO 3166-2 depth and parent,
2758,CD,Haut-Lomami,CD-HL,changed,"{""level"": null}","{""level"": 1}",iso,ISO 3166-2 depth and parent,
2759,CD,Kwilu,CD-KL,changed,"{""level"": null}","{""level"": 1}",iso,ISO 3166-2 depth and parent,
1252,CF,Sangha-Mbaéré,CF-SE,changed,"{""level"": null}","{""level"": 1}",iso,ISO 3166-2 depth and parent,
1253,CF,Nana-Grébizi,CF-KB,changed,"{""level"": null}","{""level"": 1}",iso,ISO 3166-2 depth and parent,
1254,CF,Ouham,CF-AC,changed,"{""level"": null}","{""level"": 1}",iso,ISO 3166-2 depth and parent,
1255,CF,Ombella-M'Poko,CF-MP,changed,"{""level"": null}","{""level"": 1}",iso,ISO 3166-2 depth and parent,
1256,CF,Lobaye,CF-LB,changed,"{""level"": null}","{""level"": 1}",iso,ISO 3166-2 depth and parent,
1257,CF,Mambéré-Kadéï,CF-HS,changed,"{""level"": null}","{""level"": 1}",iso,ISO 3166-2 depth and parent,
1258,CF,Haut-Mbomou,CF-HM,changed,"{""level"": null}","{""level"": 1}",iso,ISO 3166-2 depth and parent,
1259,CF,Bamingui-Bangoran,CF-BB,changed,"{""level"": null}","{""level"": 1}",iso,ISO 3166-2 depth and parent,
1260,CF,Nana-Mambéré,CF-NM,changed,"{""level"": null}","{""level"": 1}",iso,ISO 3166-2 depth and parent,
1261,CF,Vakaga,CF-VK,changed,"{""level"": null}","{""level"": 1}",iso,ISO 3166-2 depth and parent,
1262,CF,Bangui,CF-BGF,changed,"{""level"": null}","{""level"": 1}",iso,ISO 3166-2 depth and parent,
1263,CF,Kémo,CF-KG,changed,"{""level"": null}","{""level"": 1}",iso,ISO 3166-2 depth and parent,
1264,CF,Basse-Kotto,CF-BK,changed,"{""level"": null}","{""level"": 1}",iso,ISO 3166-2 depth and parent,
1265,CF,Ouaka,CF-UK,changed,"{""level"": null}","{""level"": 1}",iso,ISO 3166-2 depth and parent,
1266,CF,Mbomou,CF-MB,changed,"{""level"": null}","{""level"": 1}",iso,ISO 3166-2 depth and parent,
1267,CF,Ouham-Pendé,CF-OP,changed,"{""level"": null}","{""level"": 1}",iso,ISO 3166-2 depth and parent,
1268,CF,Haute-Kotto,CF-HK,changed,"{""level"": null}","{""level"": 1}",iso,ISO 3166-2 depth and parent,
2862,CG,Plateaux,CG-14,changed,"{""level"": null}","{""level"": 1}",iso,ISO 3166-2 depth and parent,
2863,CG,Pointe-Noire,CG-16,changed,"{""level"": null}","{""level"": 1}",iso,ISO 3166-2 depth and parent,
2864,CG,Cuvette,CG-8,changed,"{""level"": null}","{""level"": 1}",iso,ISO 3166-2 depth and parent,
2865,CG,Likouala,CG-7,changed,"{""level"": null}","{""level"": 1}",iso,ISO 3166-2 depth and parent,
2866,CG,Bouenza,CG-11,changed,"{""level"": null}","{""level"": 1}",iso,ISO 3166-2 depth and parent,
2867,CG,Kouilou,CG-5,changed,"{""level"": null}","{""level"": 1}",iso,ISO 3166-2 depth and parent,
2868,CG,Lékoumou,CG-2,changed,"{""level"": null}","{""level"": 1}",iso,ISO 3166-2 depth and parent,
2869,CG,Cuvette-Ouest,CG-15,changed,"{""level"": null}","{""level"": 1}",iso,ISO 3166-2 depth and parent,
2870,CG,Brazzaville,CG-BZV,changed,"{""level"": null}","{""level"": 1}",iso,ISO 3166-2 depth and parent,
2871,CG,Sangha,CG-13,changed,"{""level"": null}","{""level"": 1}",iso,ISO 3166-2 depth and parent,
2872,CG,Niari,CG-9,changed,"{""level"": null}","{""level"": 1}",iso,ISO 3166-2 depth and parent,
2873,CG,Pool,CG-12,changed,"{""level"": null}","{""level"": 1}",iso,ISO 3166-2 depth and parent,
1639,CH,Aargau,CH-AG,changed,"{""level"": null}","{""level"": 1}",iso,ISO 3166-2 depth and parent,
1640,CH,Fribourg,CH-FR,changed,"{""level"": null}","{""level"": 1}",iso,ISO 3166-2 depth and parent,
1641,CH,Basel-Land,CH-BL,changed,"{""level"": null}","{""level"": 1}",iso,ISO 3166-2 depth and parent,
1642,CH,Uri,CH-UR,changed,"{""level"": null}","{""level"": 1}",iso,ISO 3166-2 depth and parent,
1643,CH,Ticino,CH-TI,changed,"{""level"": null}","{""level"": 1}",iso,ISO 3166-2 depth and parent,
1644,CH,St. Gallen,CH-SG,changed,"{""level"": null}","{""level"": 1}",iso,ISO 3166-2 depth and parent,
1645,CH,Bern,CH-BE,changed,"{""level"": null}","{""level"": 1}",iso,ISO 3166-2 depth and parent,
1646,CH,Zug,CH-ZG,changed,"{""level"": null}","{""level"": 1}",iso,ISO 3166-2 depth and parent,
1647,CH,Geneva,CH-GE,changed,"{""level"": null}","{""level"": 1}",iso,ISO 3166-2 depth and parent,
1648,CH,Valais,CH-VS,changed,"{""level"": null}","{""level"": 1}",iso,ISO 3166-2 depth and parent,
1649,CH,Appenzell Innerrhoden,CH-AI,changed,"{""level"": null}","{""level"": 1}",iso,ISO 3166-2 depth and parent,
1650,CH,Obwalden,CH-OW,changed,"{""level"": null}","{""level"": 1}",iso,ISO 3166-2 depth and parent,
1651,CH,Vaud,CH-VD,changed,"{""level"": null}","{""level"": 1}",iso,ISO 3166-2 depth and parent,
1652,CH,Nidwalden,CH-NW,changed,"{""level"": null}","{""level"": 1}",iso,ISO 3166-2 depth and parent,
1653,CH,Schwyz,CH-SZ,changed,"{""level"": null}","{""level"": 1}",iso,ISO 3166-2 depth and parent,
1654,CH,Schaffhausen,CH-SH,changed,"{""level"": null}","{""level"": 1}",iso,ISO 3166-2 depth and parent,
1655,CH,Appenzell Ausserrhoden,CH-AR,changed,"{""level"": null}","{""level"": 1}",iso,ISO 3166-2 depth and parent,
1656,CH,Zürich,CH-ZH,changed,"{""level"": null}","{""level"": 1}",iso,ISO 3166-2 depth and parent,
1657,CH,Thurgau,CH-TG,changed,"{""level"": null}","{""level"": 1}",iso,ISO 3166-2 depth and parent,
1658,CH,Jura,CH-JU,changed,"{""level"": null}","{""level"": 1}",iso,ISO 3166-2 depth and parent,
1659,CH,Neuchâtel,CH-NE,changed,"{""level"": null}","{""level"": 1}",iso,ISO 3166-2 depth and parent,
1660,CH,Graubünden,CH-GR,changed,"{""level"": null}","{""level"": 1}",iso,ISO 3166-2 depth and parent,
1661,CH,Glarus,CH-GL,changed,"{""level"": null}","{""level"": 1}",iso,ISO 3166-2 depth and parent,
1662,CH,Solothurn,CH-SO,changed,"{""level"": null}","{""level"": 1}",iso,ISO 3166-2 depth and parent,
1663,CH,Lucerne,CH-LU,changed,"{""level"": null}","{""level"": 1}",iso,ISO 3166-2 depth and parent,
4957,CH,Basel-Stadt,CH-BS,changed,"{""level"": 3}","{""level"": 1}",iso,ISO 3166-2 depth and parent,
2627,CI,Lagunes,CI-LG,changed,"{""level"": 2}","{""level"": 1}",iso,ISO 3166-2 depth and parent,
2629,CI,Montagnes,CI-MG,changed,"{""level"": 2}","{""level"": 1}",iso,ISO 3166-2 depth and parent,
2632,CI,Lacs,CI-LC,changed,"{""level"": 2}","{""level"": 1}",iso,ISO 3166-2 depth and parent,
2634,CI,Abidjan,CI-AB,changed,"{""level"": 2}","{""level"": 1}",iso,ISO 3166-2 depth and parent,
2637,CI,Vallée du Bandama,CI-VB,changed,"{""level"": 2}","{""level"": 1}",iso,ISO 3166-2 depth and parent,
2641,CI,Zanzan,CI-ZZ,changed,"{""level"": 2}","{""level"": 1}",iso,ISO 3166-2 depth and parent,
2643,CI,Bas-Sassandra,CI-BS,changed,"{""level"": 2}","{""level"": 1}",iso,ISO 3166-2 depth and parent,
2644,CI,Denguélé,CI-DN,changed,"{""level"": 2}","{""level"": 1}",iso,ISO 3166-2 depth and parent,
2648,CI,Sassandra-Marahoué,CI-SM,changed,"{""level"": 2}","{""level"": 1}",iso,ISO 3166-2 depth and parent,
2650,CI,Woroba,CI-WR,changed,"{""level"": 2}","{""level"": 1}",iso,ISO 3166-2 depth and parent,
2651,CI,Gôh-Djiboua,CI-GD,changed,"{""level"": 2}","{""level"": 1}",iso,ISO 3166-2 depth and parent,
2653,CI,Yamoussoukro,CI-YM,changed,"{""level"": 2}","{""level"": 1}",iso,ISO 3166-2 depth and parent,
2654,CI,Comoé,CI-CM,changed,"{""level"": 2}","{""level"": 1}",iso,ISO 3166-2 depth and parent,
2823,CL,Atacama,CL-AT,changed,"{""level"": null}","{""level"": 1}",iso,ISO 3166-2 depth and parent,
2824,CL,Región Metropolitana de Santiago,CL-RM,changed,"{""level"": null}","{""level"": 1}",iso,ISO 3166-2 depth and parent,
2825,CL,Coquimbo,CL-CO,changed,"{""level"": null}","{""level"": 1}",iso,ISO 3166-2 depth and parent,
2826,CL,La Araucanía,CL-AR,changed,"{""level"": null}","{""level"": 1}",iso,ISO 3166-2 depth and parent,
2827,CL,Biobío,CL-BI,changed,"{""level"": null}","{""level"": 1}",iso,ISO 3166-2 depth and parent,
2828,CL,Aisén del General Carlos Ibañez del Campo,CL-AI,changed,"{""level"": null}","{""level"": 1}",iso,ISO 3166-2 depth and parent,
2829,CL,Arica y Parinacota,CL-AP,changed,"{""level"": null}","{""level"": 1}",iso,ISO 3166-2 depth and parent,
2830,CL,Valparaíso,CL-VS,changed,"{""level"": null}","{""level"": 1}",iso,ISO 3166-2 depth and parent,
2831,CL,Ñuble,CL-NB,changed,"{""level"": null}","{""level"": 1}",iso,ISO 3166-2 depth and parent,
2832,CL,Antofagasta,CL-AN,changed,"{""level"": null}","{""level"": 1}",iso,ISO 3166-2 depth and parent,
2833,CL,Maule,CL-ML,changed,"{""level"": null}","{""level"": 1}",iso,ISO 3166-2 depth and parent,
2834,CL,Los Ríos,CL-LR,changed,"{""level"": null}","{""level"": 1}",iso,ISO 3166-2 depth and parent,
2835,CL,Los Lagos,CL-LL,changed,"{""level"": null}","{""level"": 1}",iso,ISO 3166-2 depth and parent,
2836,CL,Magallanes y de la Antártica Chilena,CL-MA,changed,"{""level"": null}","{""level"": 1}",iso,ISO 3166-2 depth and parent,
2837,CL,Tarapacá,CL-TA,changed,"{""level"": null}","{""level"": 1}",iso,ISO 3166-2 depth and parent,
2838,CL,Libertador General Bernardo O'Higgins,CL-LI,changed,"{""level"": null}","{""level"": 1}",iso,ISO 3166-2 depth and parent,
2249,CN,Shanghai,CN-SH,changed,"{""level"": 3}","{""level"": 1}",iso,ISO 3166-2 depth and parent,
2257,CN,Beijing,CN-BJ,changed,"{""level"": 3}","{""level"": 1}",iso,ISO 3166-2 depth and parent,
2271,CN,Chongqing,CN-CQ,changed,"{""level"": 3}","{""level"": 1}",iso,ISO 3166-2 depth and parent,
2276,CN,Tianjin,CN-TJ,changed,"{""level"": 3}","{""level"": 1}",iso,ISO 3166-2 depth and parent,
2874,CO,Quindío,CO-QUI,changed,"{""level"": null}","{""level"": 1}",iso,ISO 3166-2 depth and parent,
2875,CO,Cundinamarca,CO-CUN,changed,"{""level"": null}","{""level"": 1}",iso,ISO 3166-2 depth and parent,
2876,CO,Chocó,CO-CHO,changed,"{""level"": null}","{""level"": 1}",iso,ISO 3166-2 depth and parent,
2877,CO,Norte de Santander,CO-NSA,changed,"{""level"": null}","{""level"": 1}",iso,ISO 3166-2 depth and parent,
2878,CO,Meta,CO-MET,changed,"{""level"": null}","{""level"": 1}",iso,ISO 3166-2 depth and parent,
2879,CO,Risaralda,CO-RIS,changed,"{""level"": null}","{""level"": 1}",iso,ISO 3166-2 depth and parent,
2880,CO,Atlántico,CO-ATL,changed,"{""level"": null}","{""level"": 1}",iso,ISO 3166-2 depth and parent,
2881,CO,Arauca,CO-ARA,changed,"{""level"": null}","{""level"": 1}",iso,ISO 3166-2 depth and parent,
2882,CO,Guainía,CO-GUA,changed,"{""level"": null}","{""level"": 1}",iso,ISO 3166-2 depth and parent,
2883,CO,Tolima,CO-TOL,changed,"{""level"": null}","{""level"": 1}",iso,ISO 3166-2 depth and parent,
2884,CO,Cauca,CO-CAU,changed,"{""level"": null}","{""level"": 1}",iso,ISO 3166-2 depth and parent,
2885,CO,Vaupés,CO-VAU,changed,"{""level"": null}","{""level"": 1}",iso,ISO 3166-2 depth and parent,
2886,CO,Magdalena,CO-MAG,changed,"{""level"": null}","{""level"": 1}",iso,ISO 3166-2 depth and parent,
2887,CO,Caldas,CO-CAL,changed,"{""level"": null}","{""level"": 1}",iso,ISO 3166-2 depth and parent,
2888,CO,Guaviare,CO-GUV,changed,"{""level"": null}","{""level"": 1}",iso,ISO 3166-2 depth and parent,
2889,CO,La Guajira,CO-LAG,changed,"{""level"": null}","{""level"": 1}",iso,ISO 3166-2 depth and parent,
2890,CO,Antioquia,CO-ANT,changed,"{""level"": null}","{""level"": 1}",iso,ISO 3166-2 depth and parent,
2891,CO,Caquetá,CO-CAQ,changed,"{""level"": null}","{""level"": 1}",iso,ISO 3166-2 depth and parent,
2892,CO,Casanare,CO-CAS,changed,"{""level"": null}","{""level"": 1}",iso,ISO 3166-2 depth and parent,
2893,CO,Bolívar,CO-BOL,changed,"{""level"": null}","{""level"": 1}",iso,ISO 3166-2 depth and parent,
2894,CO,Vichada,CO-VID,changed,"{""level"": null}","{""level"": 1}",iso,ISO 3166-2 depth and parent,
2895,CO,Amazonas,CO-AMA,changed,"{""level"": null}","{""level"": 1}",iso,ISO 3166-2 depth and parent,
2896,CO,Putumayo,CO-PUT,changed,"{""level"": null}","{""level"": 1}",iso,ISO 3166-2 depth and parent,
2897,CO,Nariño,CO-NAR,changed,"{""level"": null}","{""level"": 1}",iso,ISO 3166-2 depth and parent,
2898,CO,Córdoba,CO-COR,changed,"{""level"": null}","{""level"": 1}",iso,ISO 3166-2 depth and parent,
2899,CO,Cesar,CO-CES,changed,"{""level"": null}","{""level"": 1}",iso,ISO 3166-2 depth and parent,
2900,CO,"San Andrés, Providencia y Santa Catalina",CO-SAP,changed,"{""level"": null}","{""level"": 1}",iso,ISO 3166-2 depth and parent,
2901,CO,Santander,CO-SAN,changed,"{""level"": null}","{""level"": 1}",iso,ISO 3166-2 depth and parent,
2902,CO,Sucre,CO-SUC,changed,"{""level"": null}","{""level"": 1}",iso,ISO 3166-2 depth and parent,
2903,CO,Boyacá,CO-BOY,changed,"{""level"": null}","{""level"": 1}",iso,ISO 3166-2 depth and parent,
2904,CO,Valle del Cauca,CO-VAC,changed,"{""level"": null}","{""level"": 1}",iso,ISO 3166-2 depth and parent,
4871,CO,Huila,CO-HUI,changed,"{""level"": null}","{""level"": 1}",iso,ISO 3166-2 depth and parent,
4921,CO,Bogotá D.C.,CO-DC,changed,"{""level"": null}","{""level"": 1}",iso,ISO 3166-2 depth and parent,
1209,CR,Guanacaste,CR-G,changed,"{""level"": null}","{""level"": 1}",iso,ISO 3166-2 depth and parent,
1210,CR,Puntarenas,CR-P,changed,"{""level"": null}","{""level"": 1}",iso,ISO 3166-2 depth and parent,
1211,CR,Cartago,CR-C,changed,"{""level"": null}","{""level"": 1}",iso,ISO 3166-2 depth and parent,
1212,CR,Heredia,CR-H,changed,"{""level"": null}","{""level"": 1}",iso,ISO 3166-2 depth and parent,
1213,CR,Limón,CR-L,changed,"{""level"": null}","{""level"": 1}",iso,ISO 3166-2 depth and parent,
1214,CR,San José,CR-SJ,changed,"{""level"": null}","{""level"": 1}",iso,ISO 3166-2 depth and parent,
1215,CR,Alajuela,CR-A,changed,"{""level"": null}","{""level"": 1}",iso,ISO 3166-2 depth and parent,
272,CU,Havana,CU-03,changed,"{""level"": null}","{""level"": 1}",iso,ISO 3166-2 depth and parent,
273,CU,Santiago de Cuba,CU-13,changed,"{""level"": null}","{""level"": 1}",iso,ISO 3166-2 depth and parent,
274,CU,Sancti Spíritus,CU-07,changed,"{""level"": null}","{""level"": 1}",iso,ISO 3166-2 depth and parent,
275,CU,Granma,CU-12,changed,"{""level"": null}","{""level"": 1}",iso,ISO 3166-2 depth and parent,
276,CU,Mayabeque,CU-16,changed,"{""level"": null}","{""level"": 1}",iso,ISO 3166-2 depth and parent,
277,CU,Pinar del Río,CU-01,changed,"{""level"": null}","{""level"": 1}",iso,ISO 3166-2 depth and parent,
278,CU,Isla de la Juventud,CU-99,changed,"{""level"": null}","{""level"": 1}",iso,ISO 3166-2 depth and parent,
279,CU,Holguín,CU-11,changed,"{""level"": null}","{""level"": 1}",iso,ISO 3166-2 depth and parent,
280,CU,Villa Clara,CU-05,changed,"{""level"": null}","{""level"": 1}",iso,ISO 3166-2 depth and parent,
281,CU,Las Tunas,CU-10,changed,"{""level"": null}","{""level"": 1}",iso,ISO 3166-2 depth and parent,
282,CU,Ciego de Ávila,CU-08,changed,"{""level"": null}","{""level"": 1}",iso,ISO 3166-2 depth and parent,
283,CU,Artemisa,CU-15,changed,"{""level"": null}","{""level"": 1}",iso,ISO 3166-2 depth and parent,
284,CU,Matanzas,CU-04,changed,"{""level"": null}","{""level"": 1}",iso,ISO 3166-2 depth and parent,
285,CU,Guantánamo,CU-14,changed,"{""level"": null}","{""level"": 1}",iso,ISO 3166-2 depth and parent,
286,CU,Camagüey,CU-09,changed,"{""level"": null}","{""level"": 1}",iso,ISO 3166-2 depth and parent,
287,CU,Cienfuegos,CU-06,changed,"{""level"": null}","{""level"": 1}",iso,ISO 3166-2 depth and parent,
2982,CV,Ribeira Brava,CV-RB,held,"{""level"": null, ""parent_id"": null}",,held_conflict,ISO Barlavento/Sotavento are geographical groups. The constitutional municipal model does not establish these as the next administrative unit above municipalities; prior ISO audit explicitly left this hierarchy unresolved.,https://www.parlamento.cv/Constituicao/ https://github.com/dr5hn/countries-states-cities-database/blob/85fb8848193db488eb7156d5b7c4d70f395a1c9f/ADMINISTRATIVE_STRUCTURE.md
2983,CV,Tarrafal,CV-TA,held,"{""level"": null, ""parent_id"": null}",,held_conflict,ISO Barlavento/Sotavento are geographical groups. The constitutional municipal model does not establish these as the next administrative unit above municipalities; prior ISO audit explicitly left this hierarchy unresolved.,https://www.parlamento.cv/Constituicao/ https://github.com/dr5hn/countries-states-cities-database/blob/85fb8848193db488eb7156d5b7c4d70f395a1c9f/ADMINISTRATIVE_STRUCTURE.md
2984,CV,Ribeira Grande de Santiago,CV-RS,held,"{""level"": null, ""parent_id"": null}",,held_conflict,ISO Barlavento/Sotavento are geographical groups. The constitutional municipal model does not establish these as the next administrative unit above municipalities; prior ISO audit explicitly left this hierarchy unresolved.,https://www.parlamento.cv/Constituicao/ https://github.com/dr5hn/countries-states-cities-database/blob/85fb8848193db488eb7156d5b7c4d70f395a1c9f/ADMINISTRATIVE_STRUCTURE.md
2985,CV,Santa Catarina,CV-CA,held,"{""level"": null, ""parent_id"": null}",,held_conflict,ISO Barlavento/Sotavento are geographical groups. The constitutional municipal model does not establish these as the next administrative unit above municipalities; prior ISO audit explicitly left this hierarchy unresolved.,https://www.parlamento.cv/Constituicao/ https://github.com/dr5hn/countries-states-cities-database/blob/85fb8848193db488eb7156d5b7c4d70f395a1c9f/ADMINISTRATIVE_STRUCTURE.md
2986,CV,São Domingos,CV-SD,held,"{""level"": null, ""parent_id"": null}",,held_conflict,ISO Barlavento/Sotavento are geographical groups. The constitutional municipal model does not establish these as the next administrative unit above municipalities; prior ISO audit explicitly left this hierarchy unresolved.,https://www.parlamento.cv/Constituicao/ https://github.com/dr5hn/countries-states-cities-database/blob/85fb8848193db488eb7156d5b7c4d70f395a1c9f/ADMINISTRATIVE_STRUCTURE.md
2987,CV,Mosteiros,CV-MO,held,"{""level"": null, ""parent_id"": null}",,held_conflict,ISO Barlavento/Sotavento are geographical groups. The constitutional municipal model does not establish these as the next administrative unit above municipalities; prior ISO audit explicitly left this hierarchy unresolved.,https://www.parlamento.cv/Constituicao/ https://github.com/dr5hn/countries-states-cities-database/blob/85fb8848193db488eb7156d5b7c4d70f395a1c9f/ADMINISTRATIVE_STRUCTURE.md
2988,CV,Praia,CV-PR,held,"{""level"": null, ""parent_id"": null}",,held_conflict,ISO Barlavento/Sotavento are geographical groups. The constitutional municipal model does not establish these as the next administrative unit above municipalities; prior ISO audit explicitly left this hierarchy unresolved.,https://www.parlamento.cv/Constituicao/ https://github.com/dr5hn/countries-states-cities-database/blob/85fb8848193db488eb7156d5b7c4d70f395a1c9f/ADMINISTRATIVE_STRUCTURE.md
2989,CV,Porto Novo,CV-PN,held,"{""level"": null, ""parent_id"": null}",,held_conflict,ISO Barlavento/Sotavento are geographical groups. The constitutional municipal model does not establish these as the next administrative unit above municipalities; prior ISO audit explicitly left this hierarchy unresolved.,https://www.parlamento.cv/Constituicao/ https://github.com/dr5hn/countries-states-cities-database/blob/85fb8848193db488eb7156d5b7c4d70f395a1c9f/ADMINISTRATIVE_STRUCTURE.md
2990,CV,São Miguel,CV-SM,held,"{""level"": null, ""parent_id"": null}",,held_conflict,ISO Barlavento/Sotavento are geographical groups. The constitutional municipal model does not establish these as the next administrative unit above municipalities; prior ISO audit explicitly left this hierarchy unresolved.,https://www.parlamento.cv/Constituicao/ https://github.com/dr5hn/countries-states-cities-database/blob/85fb8848193db488eb7156d5b7c4d70f395a1c9f/ADMINISTRATIVE_STRUCTURE.md
2991,CV,Maio,CV-MA,held,"{""level"": null, ""parent_id"": null}",,held_conflict,ISO Barlavento/Sotavento are geographical groups. The constitutional municipal model does not establish these as the next administrative unit above municipalities; prior ISO audit explicitly left this hierarchy unresolved.,https://www.parlamento.cv/Constituicao/ https://github.com/dr5hn/countries-states-cities-database/blob/85fb8848193db488eb7156d5b7c4d70f395a1c9f/ADMINISTRATIVE_STRUCTURE.md
2992,CV,Sotavento Islands,CV-S,held,"{""level"": null, ""parent_id"": null}",,held_conflict,ISO Barlavento/Sotavento are geographical groups. The constitutional municipal model does not establish these as the next administrative unit above municipalities; prior ISO audit explicitly left this hierarchy unresolved.,https://www.parlamento.cv/Constituicao/ https://github.com/dr5hn/countries-states-cities-database/blob/85fb8848193db488eb7156d5b7c4d70f395a1c9f/ADMINISTRATIVE_STRUCTURE.md
2993,CV,São Lourenço dos Órgãos,CV-SO,held,"{""level"": null, ""parent_id"": null}",,held_conflict,ISO Barlavento/Sotavento are geographical groups. The constitutional municipal model does not establish these as the next administrative unit above municipalities; prior ISO audit explicitly left this hierarchy unresolved.,https://www.parlamento.cv/Constituicao/ https://github.com/dr5hn/countries-states-cities-database/blob/85fb8848193db488eb7156d5b7c4d70f395a1c9f/ADMINISTRATIVE_STRUCTURE.md
2994,CV,Barlavento Islands,CV-B,held,"{""level"": null, ""parent_id"": null}",,held_conflict,ISO Barlavento/Sotavento are geographical groups. The constitutional municipal model does not establish these as the next administrative unit above municipalities; prior ISO audit explicitly left this hierarchy unresolved.,https://www.parlamento.cv/Constituicao/ https://github.com/dr5hn/countries-states-cities-database/blob/85fb8848193db488eb7156d5b7c4d70f395a1c9f/ADMINISTRATIVE_STRUCTURE.md
2995,CV,Santa Catarina do Fogo,CV-CF,held,"{""level"": null, ""parent_id"": null}",,held_conflict,ISO Barlavento/Sotavento are geographical groups. The constitutional municipal model does not establish these as the next administrative unit above municipalities; prior ISO audit explicitly left this hierarchy unresolved.,https://www.parlamento.cv/Constituicao/ https://github.com/dr5hn/countries-states-cities-database/blob/85fb8848193db488eb7156d5b7c4d70f395a1c9f/ADMINISTRATIVE_STRUCTURE.md
2996,CV,Brava,CV-BR,held,"{""level"": null, ""parent_id"": null}",,held_conflict,ISO Barlavento/Sotavento are geographical groups. The constitutional municipal model does not establish these as the next administrative unit above municipalities; prior ISO audit explicitly left this hierarchy unresolved.,https://www.parlamento.cv/Constituicao/ https://github.com/dr5hn/countries-states-cities-database/blob/85fb8848193db488eb7156d5b7c4d70f395a1c9f/ADMINISTRATIVE_STRUCTURE.md
2997,CV,Paul,CV-PA,held,"{""level"": null, ""parent_id"": null}",,held_conflict,ISO Barlavento/Sotavento are geographical groups. The constitutional municipal model does not establish these as the next administrative unit above municipalities; prior ISO audit explicitly left this hierarchy unresolved.,https://www.parlamento.cv/Constituicao/ https://github.com/dr5hn/countries-states-cities-database/blob/85fb8848193db488eb7156d5b7c4d70f395a1c9f/ADMINISTRATIVE_STRUCTURE.md
2998,CV,Sal,CV-SL,held,"{""level"": null, ""parent_id"": null}",,held_conflict,ISO Barlavento/Sotavento are geographical groups. The constitutional municipal model does not establish these as the next administrative unit above municipalities; prior ISO audit explicitly left this hierarchy unresolved.,https://www.parlamento.cv/Constituicao/ https://github.com/dr5hn/countries-states-cities-database/blob/85fb8848193db488eb7156d5b7c4d70f395a1c9f/ADMINISTRATIVE_STRUCTURE.md
2999,CV,Boa Vista,CV-BV,held,"{""level"": null, ""parent_id"": null}",,held_conflict,ISO Barlavento/Sotavento are geographical groups. The constitutional municipal model does not establish these as the next administrative unit above municipalities; prior ISO audit explicitly left this hierarchy unresolved.,https://www.parlamento.cv/Constituicao/ https://github.com/dr5hn/countries-states-cities-database/blob/85fb8848193db488eb7156d5b7c4d70f395a1c9f/ADMINISTRATIVE_STRUCTURE.md
3000,CV,São Filipe,CV-SF,held,"{""level"": null, ""parent_id"": null}",,held_conflict,ISO Barlavento/Sotavento are geographical groups. The constitutional municipal model does not establish these as the next administrative unit above municipalities; prior ISO audit explicitly left this hierarchy unresolved.,https://www.parlamento.cv/Constituicao/ https://github.com/dr5hn/countries-states-cities-database/blob/85fb8848193db488eb7156d5b7c4d70f395a1c9f/ADMINISTRATIVE_STRUCTURE.md
3001,CV,São Vicente,CV-SV,held,"{""level"": null, ""parent_id"": null}",,held_conflict,ISO Barlavento/Sotavento are geographical groups. The constitutional municipal model does not establish these as the next administrative unit above municipalities; prior ISO audit explicitly left this hierarchy unresolved.,https://www.parlamento.cv/Constituicao/ https://github.com/dr5hn/countries-states-cities-database/blob/85fb8848193db488eb7156d5b7c4d70f395a1c9f/ADMINISTRATIVE_STRUCTURE.md
3002,CV,Ribeira Grande,CV-RG,held,"{""level"": null, ""parent_id"": null}",,held_conflict,ISO Barlavento/Sotavento are geographical groups. The constitutional municipal model does not establish these as the next administrative unit above municipalities; prior ISO audit explicitly left this hierarchy unresolved.,https://www.parlamento.cv/Constituicao/ https://github.com/dr5hn/countries-states-cities-database/blob/85fb8848193db488eb7156d5b7c4d70f395a1c9f/ADMINISTRATIVE_STRUCTURE.md
3003,CV,Tarrafal de São Nicolau,CV-TS,held,"{""level"": null, ""parent_id"": null}",,held_conflict,ISO Barlavento/Sotavento are geographical groups. The constitutional municipal model does not establish these as the next administrative unit above municipalities; prior ISO audit explicitly left this hierarchy unresolved.,https://www.parlamento.cv/Constituicao/ https://github.com/dr5hn/countries-states-cities-database/blob/85fb8848193db488eb7156d5b7c4d70f395a1c9f/ADMINISTRATIVE_STRUCTURE.md
3004,CV,Santa Cruz,CV-CR,held,"{""level"": null, ""parent_id"": null}",,held_conflict,ISO Barlavento/Sotavento are geographical groups. The constitutional municipal model does not establish these as the next administrative unit above municipalities; prior ISO audit explicitly left this hierarchy unresolved.,https://www.parlamento.cv/Constituicao/ https://github.com/dr5hn/countries-states-cities-database/blob/85fb8848193db488eb7156d5b7c4d70f395a1c9f/ADMINISTRATIVE_STRUCTURE.md
5552,CV,São Salvador do Mundo,CV-SS,held,"{""level"": null, ""parent_id"": null}",,held_conflict,ISO Barlavento/Sotavento are geographical groups. The constitutional municipal model does not establish these as the next administrative unit above municipalities; prior ISO audit explicitly left this hierarchy unresolved.,https://www.parlamento.cv/Constituicao/ https://github.com/dr5hn/countries-states-cities-database/blob/85fb8848193db488eb7156d5b7c4d70f395a1c9f/ADMINISTRATIVE_STRUCTURE.md
744,CY,Kyrenia (Keryneia),CY-06,changed,"{""level"": null}","{""level"": 1}",iso,ISO 3166-2 depth and parent,
745,CY,Nicosia (Lefkoşa),CY-01,changed,"{""level"": null}","{""level"": 1}",iso,ISO 3166-2 depth and parent,
746,CY,Paphos (Pafos),CY-05,changed,"{""level"": null}","{""level"": 1}",iso,ISO 3166-2 depth and parent,
747,CY,Larnaca (Larnaka),CY-03,changed,"{""level"": null}","{""level"": 1}",iso,ISO 3166-2 depth and parent,
748,CY,Limassol (Leymasun),CY-02,changed,"{""level"": null}","{""level"": 1}",iso,ISO 3166-2 depth and parent,
749,CY,Famagusta (Mağusa),CY-04,changed,"{""level"": null}","{""level"": 1}",iso,ISO 3166-2 depth and parent,
4542,CZ,Břeclav,CZ-644,changed,"{""level"": 1}","{""level"": 2}",iso,ISO 3166-2 depth and parent,
4543,CZ,Český Krumlov,CZ-312,changed,"{""level"": 1}","{""level"": 2}",iso,ISO 3166-2 depth and parent,
4544,CZ,Plzeň-město,CZ-323,changed,"{""level"": 1}","{""level"": 2}",iso,ISO 3166-2 depth and parent,
4545,CZ,Brno-venkov,CZ-643,changed,"{""level"": 1}","{""level"": 2}",iso,ISO 3166-2 depth and parent,
4546,CZ,Příbram,CZ-20B,changed,"{""level"": 1}","{""level"": 2}",iso,ISO 3166-2 depth and parent,
4547,CZ,Pardubice,CZ-532,changed,"{""level"": 1}","{""level"": 2}",iso,ISO 3166-2 depth and parent,
4548,CZ,Nový Jičín,CZ-804,changed,"{""level"": 1}","{""level"": 2}",iso,ISO 3166-2 depth and parent,
4550,CZ,Náchod,CZ-523,changed,"{""level"": 1}","{""level"": 2}",iso,ISO 3166-2 depth and parent,
4551,CZ,Prostějov,CZ-713,changed,"{""level"": 1}","{""level"": 2}",iso,ISO 3166-2 depth and parent,
4552,CZ,Zlínský kraj,CZ-72,changed,"{""level"": null}","{""level"": 1}",iso,ISO 3166-2 depth and parent,
4553,CZ,Chomutov,CZ-422,changed,"{""level"": 1}","{""level"": 2}",iso,ISO 3166-2 depth and parent,
4554,CZ,Středočeský kraj,CZ-20,changed,"{""level"": null}","{""level"": 1}",iso,ISO 3166-2 depth and parent,
4556,CZ,České Budějovice,CZ-311,changed,"{""level"": 1}","{""level"": 2}",iso,ISO 3166-2 depth and parent,
4558,CZ,Rakovník,CZ-20C,changed,"{""level"": 1}","{""level"": 2}",iso,ISO 3166-2 depth and parent,
4559,CZ,Frýdek-Místek,CZ-802,changed,"{""level"": 1}","{""level"": 2}",iso,ISO 3166-2 depth and parent,
4560,CZ,Písek,CZ-314,changed,"{""level"": 1}","{""level"": 2}",iso,ISO 3166-2 depth and parent,
4561,CZ,Hodonín,CZ-645,changed,"{""level"": 1}","{""level"": 2}",iso,ISO 3166-2 depth and parent,
4563,CZ,Zlín,CZ-724,changed,"{""level"": 1}","{""level"": 2}",iso,ISO 3166-2 depth and parent,
4564,CZ,Plzeň-sever,CZ-325,changed,"{""level"": 1}","{""level"": 2}",iso,ISO 3166-2 depth and parent,
4565,CZ,Tábor,CZ-317,changed,"{""level"": 1}","{""level"": 2}",iso,ISO 3166-2 depth and parent,
4568,CZ,Brno-město,CZ-642,changed,"{""level"": 1}","{""level"": 2}",iso,ISO 3166-2 depth and parent,
4571,CZ,Svitavy,CZ-533,changed,"{""level"": 1}","{""level"": 2}",iso,ISO 3166-2 depth and parent,
4572,CZ,Vsetín,CZ-723,changed,"{""level"": 1}","{""level"": 2}",iso,ISO 3166-2 depth and parent,
4573,CZ,Cheb,CZ-411,changed,"{""level"": 1}","{""level"": 2}",iso,ISO 3166-2 depth and parent,
4574,CZ,Olomouc,CZ-712,changed,"{""level"": 1}","{""level"": 2}",iso,ISO 3166-2 depth and parent,
4575,CZ,Kraj Vysočina,CZ-63,changed,"{""level"": null}","{""level"": 1}",iso,ISO 3166-2 depth and parent,
4576,CZ,Ústecký kraj,CZ-42,changed,"{""level"": null}","{""level"": 1}",iso,ISO 3166-2 depth and parent,
4578,CZ,Prachatice,CZ-315,changed,"{""level"": 1}","{""level"": 2}",iso,ISO 3166-2 depth and parent,
4579,CZ,Trutnov,CZ-525,changed,"{""level"": 1}","{""level"": 2}",iso,ISO 3166-2 depth and parent,
4580,CZ,Hradec Králové,CZ-521,changed,"{""level"": 1}","{""level"": 2}",iso,ISO 3166-2 depth and parent,
4581,CZ,Karlovarský kraj,CZ-41,changed,"{""level"": null}","{""level"": 1}",iso,ISO 3166-2 depth and parent,
4582,CZ,Nymburk,CZ-208,changed,"{""level"": 1}","{""level"": 2}",iso,ISO 3166-2 depth and parent,
4583,CZ,Rokycany,CZ-326,changed,"{""level"": 1}","{""level"": 2}",iso,ISO 3166-2 depth and parent,
4584,CZ,Ostrava-město,CZ-806,changed,"{""level"": 1}","{""level"": 2}",iso,ISO 3166-2 depth and parent,
4586,CZ,Karviná,CZ-803,changed,"{""level"": 1}","{""level"": 2}",iso,ISO 3166-2 depth and parent,
4588,CZ,Pardubický kraj,CZ-53,changed,"{""level"": null}","{""level"": 1}",iso,ISO 3166-2 depth and parent,
4589,CZ,Olomoucký kraj,CZ-71,changed,"{""level"": null}","{""level"": 1}",iso,ISO 3166-2 depth and parent,
4590,CZ,Liberec,CZ-513,changed,"{""level"": 1}","{""level"": 2}",iso,ISO 3166-2 depth and parent,
4591,CZ,Klatovy,CZ-322,changed,"{""level"": 1}","{""level"": 2}",iso,ISO 3166-2 depth and parent,
4592,CZ,Uherské Hradiště,CZ-722,changed,"{""level"": 1}","{""level"": 2}",iso,ISO 3166-2 depth and parent,
4593,CZ,Kroměříž,CZ-721,changed,"{""level"": 1}","{""level"": 2}",iso,ISO 3166-2 depth and parent,
4595,CZ,Sokolov,CZ-413,changed,"{""level"": 1}","{""level"": 2}",iso,ISO 3166-2 depth and parent,
4596,CZ,Semily,CZ-514,changed,"{""level"": 1}","{""level"": 2}",iso,ISO 3166-2 depth and parent,
4597,CZ,Třebíč,CZ-634,changed,"{""level"": 1}","{""level"": 2}",iso,ISO 3166-2 depth and parent,
4598,CZ,"Praha, Hlavní město",CZ-10,changed,"{""level"": null}","{""level"": 1}",iso,ISO 3166-2 depth and parent,
4599,CZ,Ústí nad Labem,CZ-427,changed,"{""level"": 1}","{""level"": 2}",iso,ISO 3166-2 depth and parent,
4600,CZ,Moravskoslezský kraj,CZ-80,changed,"{""level"": null}","{""level"": 1}",iso,ISO 3166-2 depth and parent,
4601,CZ,Liberecký kraj,CZ-51,changed,"{""level"": null}","{""level"": 1}",iso,ISO 3166-2 depth and parent,
4602,CZ,Jihomoravský kraj,CZ-64,changed,"{""level"": null}","{""level"": 1}",iso,ISO 3166-2 depth and parent,
4604,CZ,Karlovy Vary,CZ-412,changed,"{""level"": 1}","{""level"": 2}",iso,ISO 3166-2 depth and parent,
4605,CZ,Litoměřice,CZ-423,changed,"{""level"": 1}","{""level"": 2}",iso,ISO 3166-2 depth and parent,
4606,CZ,Praha-východ,CZ-209,changed,"{""level"": 1}","{""level"": 2}",iso,ISO 3166-2 depth and parent,
4607,CZ,Plzeňský kraj,CZ-32,changed,"{""level"": null}","{""level"": 1}",iso,ISO 3166-2 depth and parent,
4608,CZ,Plzeň-jih,CZ-324,changed,"{""level"": 1}","{""level"": 2}",iso,ISO 3166-2 depth and parent,
4609,CZ,Děčín,CZ-421,changed,"{""level"": 1}","{""level"": 2}",iso,ISO 3166-2 depth and parent,
4611,CZ,Havlíčkův Brod,CZ-631,changed,"{""level"": 1}","{""level"": 2}",iso,ISO 3166-2 depth and parent,
4612,CZ,Jablonec nad Nisou,CZ-512,changed,"{""level"": 1}","{""level"": 2}",iso,ISO 3166-2 depth and parent,
4613,CZ,Jihlava,CZ-632,changed,"{""level"": 1}","{""level"": 2}",iso,ISO 3166-2 depth and parent,
4614,CZ,Královéhradecký kraj,CZ-52,changed,"{""level"": null}","{""level"": 1}",iso,ISO 3166-2 depth and parent,
4615,CZ,Blansko,CZ-641,changed,"{""level"": 1}","{""level"": 2}",iso,ISO 3166-2 depth and parent,
4617,CZ,Louny,CZ-424,changed,"{""level"": 1}","{""level"": 2}",iso,ISO 3166-2 depth and parent,
4618,CZ,Kolín,CZ-204,changed,"{""level"": 1}","{""level"": 2}",iso,ISO 3166-2 depth and parent,
4619,CZ,Praha-západ,CZ-20A,changed,"{""level"": 1}","{""level"": 2}",iso,ISO 3166-2 depth and parent,
4620,CZ,Beroun,CZ-202,changed,"{""level"": 1}","{""level"": 2}",iso,ISO 3166-2 depth and parent,
4621,CZ,Teplice,CZ-426,changed,"{""level"": 1}","{""level"": 2}",iso,ISO 3166-2 depth and parent,
4622,CZ,Vyškov,CZ-646,changed,"{""level"": 1}","{""level"": 2}",iso,ISO 3166-2 depth and parent,
4623,CZ,Opava,CZ-805,changed,"{""level"": 1}","{""level"": 2}",iso,ISO 3166-2 depth and parent,
4624,CZ,Jindřichův Hradec,CZ-313,changed,"{""level"": 1}","{""level"": 2}",iso,ISO 3166-2 depth and parent,
4625,CZ,Jeseník,CZ-711,changed,"{""level"": 1}","{""level"": 2}",iso,ISO 3166-2 depth and parent,
4626,CZ,Přerov,CZ-714,changed,"{""level"": 1}","{""level"": 2}",iso,ISO 3166-2 depth and parent,
4627,CZ,Benešov,CZ-201,changed,"{""level"": 1}","{""level"": 2}",iso,ISO 3166-2 depth and parent,
4628,CZ,Strakonice,CZ-316,changed,"{""level"": 1}","{""level"": 2}",iso,ISO 3166-2 depth and parent,
4629,CZ,Most,CZ-425,changed,"{""level"": 1}","{""level"": 2}",iso,ISO 3166-2 depth and parent,
4630,CZ,Znojmo,CZ-647,changed,"{""level"": 1}","{""level"": 2}",iso,ISO 3166-2 depth and parent,
4631,CZ,Kladno,CZ-203,changed,"{""level"": 1}","{""level"": 2}",iso,ISO 3166-2 depth and parent,
4633,CZ,Česká Lípa,CZ-511,changed,"{""level"": 1}","{""level"": 2}",iso,ISO 3166-2 depth and parent,
4634,CZ,Chrudim,CZ-531,changed,"{""level"": 1}","{""level"": 2}",iso,ISO 3166-2 depth and parent,
4636,CZ,Rychnov nad Kněžnou,CZ-524,changed,"{""level"": 1}","{""level"": 2}",iso,ISO 3166-2 depth and parent,
4638,CZ,Mělník,CZ-206,changed,"{""level"": 1}","{""level"": 2}",iso,ISO 3166-2 depth and parent,
4639,CZ,Jihočeský kraj,CZ-31,changed,"{""level"": null}","{""level"": 1}",iso,ISO 3166-2 depth and parent,
4640,CZ,Jičín,CZ-522,changed,"{""level"": 1}","{""level"": 2}",iso,ISO 3166-2 depth and parent,
4641,CZ,Domažlice,CZ-321,changed,"{""level"": 1}","{""level"": 2}",iso,ISO 3166-2 depth and parent,
4642,CZ,Šumperk,CZ-715,changed,"{""level"": 1}","{""level"": 2}",iso,ISO 3166-2 depth and parent,
4643,CZ,Mladá Boleslav,CZ-207,changed,"{""level"": 1}","{""level"": 2}",iso,ISO 3166-2 depth and parent,
4644,CZ,Bruntál,CZ-801,changed,"{""level"": 1}","{""level"": 2}",iso,ISO 3166-2 depth and parent,
4645,CZ,Pelhřimov,CZ-633,changed,"{""level"": 1}","{""level"": 2}",iso,ISO 3166-2 depth and parent,
4646,CZ,Tachov,CZ-327,changed,"{""level"": 1}","{""level"": 2}",iso,ISO 3166-2 depth and parent,
4647,CZ,Ústí nad Orlicí,CZ-534,changed,"{""level"": 1}","{""level"": 2}",iso,ISO 3166-2 depth and parent,
4648,CZ,Žďár nad Sázavou,CZ-635,changed,"{""level"": 1}","{""level"": 2}",iso,ISO 3166-2 depth and parent,
4923,CZ,Kutná Hora,CZ-205,changed,"{""level"": 1}","{""level"": 2}",iso,ISO 3166-2 depth and parent,
3005,DE,Schleswig-Holstein,DE-SH,changed,"{""level"": null}","{""level"": 1}",iso,ISO 3166-2 depth and parent,
3006,DE,Baden-Württemberg,DE-BW,changed,"{""level"": null}","{""level"": 1}",iso,ISO 3166-2 depth and parent,
3007,DE,Mecklenburg-Vorpommern,DE-MV,changed,"{""level"": null}","{""level"": 1}",iso,ISO 3166-2 depth and parent,
3008,DE,Lower Saxony,DE-NI,changed,"{""level"": null}","{""level"": 1}",iso,ISO 3166-2 depth and parent,
3009,DE,Bavaria,DE-BY,changed,"{""level"": null}","{""level"": 1}",iso,ISO 3166-2 depth and parent,
3010,DE,Berlin,DE-BE,changed,"{""level"": null}","{""level"": 1}",iso,ISO 3166-2 depth and parent,
3011,DE,Saxony-Anhalt,DE-ST,changed,"{""level"": null}","{""level"": 1}",iso,ISO 3166-2 depth and parent,
3013,DE,Brandenburg,DE-BB,changed,"{""level"": null}","{""level"": 1}",iso,ISO 3166-2 depth and parent,
3014,DE,Bremen,DE-HB,changed,"{""level"": null}","{""level"": 1}",iso,ISO 3166-2 depth and parent,
3015,DE,Thuringia,DE-TH,changed,"{""level"": null}","{""level"": 1}",iso,ISO 3166-2 depth and parent,
3016,DE,Hamburg,DE-HH,changed,"{""level"": null}","{""level"": 1}",iso,ISO 3166-2 depth and parent,
3017,DE,North Rhine-Westphalia,DE-NW,changed,"{""level"": null}","{""level"": 1}",iso,ISO 3166-2 depth and parent,
3018,DE,Hessen,DE-HE,changed,"{""level"": null}","{""level"": 1}",iso,ISO 3166-2 depth and parent,
3019,DE,Rhineland-Palatinate,DE-RP,changed,"{""level"": null}","{""level"": 1}",iso,ISO 3166-2 depth and parent,
3020,DE,Saarland,DE-SL,changed,"{""level"": null}","{""level"": 1}",iso,ISO 3166-2 depth and parent,
3021,DE,Saxony,DE-SN,changed,"{""level"": null}","{""level"": 1}",iso,ISO 3166-2 depth and parent,
2928,DJ,Obock,DJ-OB,changed,"{""level"": null}","{""level"": 1}",iso,ISO 3166-2 depth and parent,
2929,DJ,Djibouti,DJ-DJ,changed,"{""level"": null}","{""level"": 1}",iso,ISO 3166-2 depth and parent,
2930,DJ,Dikhil,DJ-DI,changed,"{""level"": null}","{""level"": 1}",iso,ISO 3166-2 depth and parent,
2931,DJ,Tadjourah,DJ-TA,changed,"{""level"": null}","{""level"": 1}",iso,ISO 3166-2 depth and parent,
2932,DJ,Arta,DJ-AR,changed,"{""level"": null}","{""level"": 1}",iso,ISO 3166-2 depth and parent,
2933,DJ,Ali Sabieh,DJ-AS,changed,"{""level"": null}","{""level"": 1}",iso,ISO 3166-2 depth and parent,
1528,DK,Zealand,DK-85,changed,"{""level"": null}","{""level"": 1}",iso,ISO 3166-2 depth and parent,
1529,DK,Southern Denmark,DK-83,changed,"{""level"": null}","{""level"": 1}",iso,ISO 3166-2 depth and parent,
1530,DK,Capital Region of Denmark,DK-84,changed,"{""level"": null}","{""level"": 1}",iso,ISO 3166-2 depth and parent,
1531,DK,Central Denmark,DK-82,changed,"{""level"": null}","{""level"": 1}",iso,ISO 3166-2 depth and parent,
1532,DK,North Denmark,DK-81,changed,"{""level"": null}","{""level"": 1}",iso,ISO 3166-2 depth and parent,
4076,DM,Saint John,DM-05,changed,"{""level"": null}","{""level"": 1}",iso,ISO 3166-2 depth and parent,
4077,DM,Saint Mark,DM-08,changed,"{""level"": null}","{""level"": 1}",iso,ISO 3166-2 depth and parent,
4078,DM,Saint David,DM-03,changed,"{""level"": null}","{""level"": 1}",iso,ISO 3166-2 depth and parent,
4079,DM,Saint George,DM-04,changed,"{""level"": null}","{""level"": 1}",iso,ISO 3166-2 depth and parent,
4080,DM,Saint Patrick,DM-09,changed,"{""level"": null}","{""level"": 1}",iso,ISO 3166-2 depth and parent,
4081,DM,Saint Peter,DM-11,changed,"{""level"": null}","{""level"": 1}",iso,ISO 3166-2 depth and parent,
4082,DM,Saint Andrew,DM-02,changed,"{""level"": null}","{""level"": 1}",iso,ISO 3166-2 depth and parent,
4083,DM,Saint Luke,DM-07,changed,"{""level"": null}","{""level"": 1}",iso,ISO 3166-2 depth and parent,
4084,DM,Saint Paul,DM-10,changed,"{""level"": null}","{""level"": 1}",iso,ISO 3166-2 depth and parent,
4085,DM,Saint Joseph,DM-06,changed,"{""level"": null}","{""level"": 1}",iso,ISO 3166-2 depth and parent,
4086,DO,El Seibo,DO-08,held,"{""level"": null, ""parent_id"": null}",,held_conflict,ONE distinguishes political division into 31 provinces and a National District from regionalization. Regional planning/statistical containment is not sufficient to subordinate the separate statutory National District or every province to an ISO region; hold the hierarchy convention.,https://anda.one.gob.do/index.php/catalog/127/datafile/F4/V26 https://github.com/dr5hn/countries-states-cities-database/blob/85fb8848193db488eb7156d5b7c4d70f395a1c9f/ADMINISTRATIVE_STRUCTURE.md
4087,DO,La Romana,DO-12,held,"{""level"": null, ""parent_id"": null}",,held_conflict,ONE distinguishes political division into 31 provinces and a National District from regionalization. Regional planning/statistical containment is not sufficient to subordinate the separate statutory National District or every province to an ISO region; hold the hierarchy convention.,https://anda.one.gob.do/index.php/catalog/127/datafile/F4/V26 https://github.com/dr5hn/countries-states-cities-database/blob/85fb8848193db488eb7156d5b7c4d70f395a1c9f/ADMINISTRATIVE_STRUCTURE.md
4088,DO,Sánchez Ramírez,DO-24,held,"{""level"": null, ""parent_id"": null}",,held_conflict,ONE distinguishes political division into 31 provinces and a National District from regionalization. Regional planning/statistical containment is not sufficient to subordinate the separate statutory National District or every province to an ISO region; hold the hierarchy convention.,https://anda.one.gob.do/index.php/catalog/127/datafile/F4/V26 https://github.com/dr5hn/countries-states-cities-database/blob/85fb8848193db488eb7156d5b7c4d70f395a1c9f/ADMINISTRATIVE_STRUCTURE.md
4089,DO,Hermanas Mirabal,DO-19,held,"{""level"": null, ""parent_id"": null}",,held_conflict,ONE distinguishes political division into 31 provinces and a National District from regionalization. Regional planning/statistical containment is not sufficient to subordinate the separate statutory National District or every province to an ISO region; hold the hierarchy convention.,https://anda.one.gob.do/index.php/catalog/127/datafile/F4/V26 https://github.com/dr5hn/countries-states-cities-database/blob/85fb8848193db488eb7156d5b7c4d70f395a1c9f/ADMINISTRATIVE_STRUCTURE.md
4090,DO,Barahona,DO-04,held,"{""level"": null, ""parent_id"": null}",,held_conflict,ONE distinguishes political division into 31 provinces and a National District from regionalization. Regional planning/statistical containment is not sufficient to subordinate the separate statutory National District or every province to an ISO region; hold the hierarchy convention.,https://anda.one.gob.do/index.php/catalog/127/datafile/F4/V26 https://github.com/dr5hn/countries-states-cities-database/blob/85fb8848193db488eb7156d5b7c4d70f395a1c9f/ADMINISTRATIVE_STRUCTURE.md
4091,DO,San Cristóbal,DO-21,held,"{""level"": null, ""parent_id"": null}",,held_conflict,ONE distinguishes political division into 31 provinces and a National District from regionalization. Regional planning/statistical containment is not sufficient to subordinate the separate statutory National District or every province to an ISO region; hold the hierarchy convention.,https://anda.one.gob.do/index.php/catalog/127/datafile/F4/V26 https://github.com/dr5hn/countries-states-cities-database/blob/85fb8848193db488eb7156d5b7c4d70f395a1c9f/ADMINISTRATIVE_STRUCTURE.md
4092,DO,Puerto Plata,DO-18,held,"{""level"": null, ""parent_id"": null}",,held_conflict,ONE distinguishes political division into 31 provinces and a National District from regionalization. Regional planning/statistical containment is not sufficient to subordinate the separate statutory National District or every province to an ISO region; hold the hierarchy convention.,https://anda.one.gob.do/index.php/catalog/127/datafile/F4/V26 https://github.com/dr5hn/countries-states-cities-database/blob/85fb8848193db488eb7156d5b7c4d70f395a1c9f/ADMINISTRATIVE_STRUCTURE.md
4093,DO,Santo Domingo,DO-32,held,"{""level"": null, ""parent_id"": null}",,held_conflict,ONE distinguishes political division into 31 provinces and a National District from regionalization. Regional planning/statistical containment is not sufficient to subordinate the separate statutory National District or every province to an ISO region; hold the hierarchy convention.,https://anda.one.gob.do/index.php/catalog/127/datafile/F4/V26 https://github.com/dr5hn/countries-states-cities-database/blob/85fb8848193db488eb7156d5b7c4d70f395a1c9f/ADMINISTRATIVE_STRUCTURE.md
4094,DO,María Trinidad Sánchez,DO-14,held,"{""level"": null, ""parent_id"": null}",,held_conflict,ONE distinguishes political division into 31 provinces and a National District from regionalization. Regional planning/statistical containment is not sufficient to subordinate the separate statutory National District or every province to an ISO region; hold the hierarchy convention.,https://anda.one.gob.do/index.php/catalog/127/datafile/F4/V26 https://github.com/dr5hn/countries-states-cities-database/blob/85fb8848193db488eb7156d5b7c4d70f395a1c9f/ADMINISTRATIVE_STRUCTURE.md
4095,DO,Distrito Nacional,DO-01,held,"{""level"": null, ""parent_id"": null}",,held_conflict,ONE distinguishes political division into 31 provinces and a National District from regionalization. Regional planning/statistical containment is not sufficient to subordinate the separate statutory National District or every province to an ISO region; hold the hierarchy convention.,https://anda.one.gob.do/index.php/catalog/127/datafile/F4/V26 https://github.com/dr5hn/countries-states-cities-database/blob/85fb8848193db488eb7156d5b7c4d70f395a1c9f/ADMINISTRATIVE_STRUCTURE.md
4096,DO,Peravia,DO-17,held,"{""level"": null, ""parent_id"": null}",,held_conflict,ONE distinguishes political division into 31 provinces and a National District from regionalization. Regional planning/statistical containment is not sufficient to subordinate the separate statutory National District or every province to an ISO region; hold the hierarchy convention.,https://anda.one.gob.do/index.php/catalog/127/datafile/F4/V26 https://github.com/dr5hn/countries-states-cities-database/blob/85fb8848193db488eb7156d5b7c4d70f395a1c9f/ADMINISTRATIVE_STRUCTURE.md
4097,DO,Independencia,DO-10,held,"{""level"": null, ""parent_id"": null}",,held_conflict,ONE distinguishes political division into 31 provinces and a National District from regionalization. Regional planning/statistical containment is not sufficient to subordinate the separate statutory National District or every province to an ISO region; hold the hierarchy convention.,https://anda.one.gob.do/index.php/catalog/127/datafile/F4/V26 https://github.com/dr5hn/countries-states-cities-database/blob/85fb8848193db488eb7156d5b7c4d70f395a1c9f/ADMINISTRATIVE_STRUCTURE.md
4098,DO,San Juan,DO-22,held,"{""level"": null, ""parent_id"": null}",,held_conflict,ONE distinguishes political division into 31 provinces and a National District from regionalization. Regional planning/statistical containment is not sufficient to subordinate the separate statutory National District or every province to an ISO region; hold the hierarchy convention.,https://anda.one.gob.do/index.php/catalog/127/datafile/F4/V26 https://github.com/dr5hn/countries-states-cities-database/blob/85fb8848193db488eb7156d5b7c4d70f395a1c9f/ADMINISTRATIVE_STRUCTURE.md
4099,DO,Monseñor Nouel,DO-28,held,"{""level"": null, ""parent_id"": null}",,held_conflict,ONE distinguishes political division into 31 provinces and a National District from regionalization. Regional planning/statistical containment is not sufficient to subordinate the separate statutory National District or every province to an ISO region; hold the hierarchy convention.,https://anda.one.gob.do/index.php/catalog/127/datafile/F4/V26 https://github.com/dr5hn/countries-states-cities-database/blob/85fb8848193db488eb7156d5b7c4d70f395a1c9f/ADMINISTRATIVE_STRUCTURE.md
4100,DO,Santiago Rodríguez,DO-26,held,"{""level"": null, ""parent_id"": null}",,held_conflict,ONE distinguishes political division into 31 provinces and a National District from regionalization. Regional planning/statistical containment is not sufficient to subordinate the separate statutory National District or every province to an ISO region; hold the hierarchy convention.,https://anda.one.gob.do/index.php/catalog/127/datafile/F4/V26 https://github.com/dr5hn/countries-states-cities-database/blob/85fb8848193db488eb7156d5b7c4d70f395a1c9f/ADMINISTRATIVE_STRUCTURE.md
4101,DO,Pedernales,DO-16,held,"{""level"": null, ""parent_id"": null}",,held_conflict,ONE distinguishes political division into 31 provinces and a National District from regionalization. Regional planning/statistical containment is not sufficient to subordinate the separate statutory National District or every province to an ISO region; hold the hierarchy convention.,https://anda.one.gob.do/index.php/catalog/127/datafile/F4/V26 https://github.com/dr5hn/countries-states-cities-database/blob/85fb8848193db488eb7156d5b7c4d70f395a1c9f/ADMINISTRATIVE_STRUCTURE.md
4102,DO,Espaillat,DO-09,held,"{""level"": null, ""parent_id"": null}",,held_conflict,ONE distinguishes political division into 31 provinces and a National District from regionalization. Regional planning/statistical containment is not sufficient to subordinate the separate statutory National District or every province to an ISO region; hold the hierarchy convention.,https://anda.one.gob.do/index.php/catalog/127/datafile/F4/V26 https://github.com/dr5hn/countries-states-cities-database/blob/85fb8848193db488eb7156d5b7c4d70f395a1c9f/ADMINISTRATIVE_STRUCTURE.md
4103,DO,Samaná,DO-20,held,"{""level"": null, ""parent_id"": null}",,held_conflict,ONE distinguishes political division into 31 provinces and a National District from regionalization. Regional planning/statistical containment is not sufficient to subordinate the separate statutory National District or every province to an ISO region; hold the hierarchy convention.,https://anda.one.gob.do/index.php/catalog/127/datafile/F4/V26 https://github.com/dr5hn/countries-states-cities-database/blob/85fb8848193db488eb7156d5b7c4d70f395a1c9f/ADMINISTRATIVE_STRUCTURE.md
4104,DO,Valverde,DO-27,held,"{""level"": null, ""parent_id"": null}",,held_conflict,ONE distinguishes political division into 31 provinces and a National District from regionalization. Regional planning/statistical containment is not sufficient to subordinate the separate statutory National District or every province to an ISO region; hold the hierarchy convention.,https://anda.one.gob.do/index.php/catalog/127/datafile/F4/V26 https://github.com/dr5hn/countries-states-cities-database/blob/85fb8848193db488eb7156d5b7c4d70f395a1c9f/ADMINISTRATIVE_STRUCTURE.md
4105,DO,Baoruco,DO-03,held,"{""level"": null, ""parent_id"": null}",,held_conflict,ONE distinguishes political division into 31 provinces and a National District from regionalization. Regional planning/statistical containment is not sufficient to subordinate the separate statutory National District or every province to an ISO region; hold the hierarchy convention.,https://anda.one.gob.do/index.php/catalog/127/datafile/F4/V26 https://github.com/dr5hn/countries-states-cities-database/blob/85fb8848193db488eb7156d5b7c4d70f395a1c9f/ADMINISTRATIVE_STRUCTURE.md
4106,DO,Hato Mayor,DO-30,held,"{""level"": null, ""parent_id"": null}",,held_conflict,ONE distinguishes political division into 31 provinces and a National District from regionalization. Regional planning/statistical containment is not sufficient to subordinate the separate statutory National District or every province to an ISO region; hold the hierarchy convention.,https://anda.one.gob.do/index.php/catalog/127/datafile/F4/V26 https://github.com/dr5hn/countries-states-cities-database/blob/85fb8848193db488eb7156d5b7c4d70f395a1c9f/ADMINISTRATIVE_STRUCTURE.md
4107,DO,Dajabón,DO-05,held,"{""level"": null, ""parent_id"": null}",,held_conflict,ONE distinguishes political division into 31 provinces and a National District from regionalization. Regional planning/statistical containment is not sufficient to subordinate the separate statutory National District or every province to an ISO region; hold the hierarchy convention.,https://anda.one.gob.do/index.php/catalog/127/datafile/F4/V26 https://github.com/dr5hn/countries-states-cities-database/blob/85fb8848193db488eb7156d5b7c4d70f395a1c9f/ADMINISTRATIVE_STRUCTURE.md
4108,DO,Santiago,DO-25,held,"{""level"": null, ""parent_id"": null}",,held_conflict,ONE distinguishes political division into 31 provinces and a National District from regionalization. Regional planning/statistical containment is not sufficient to subordinate the separate statutory National District or every province to an ISO region; hold the hierarchy convention.,https://anda.one.gob.do/index.php/catalog/127/datafile/F4/V26 https://github.com/dr5hn/countries-states-cities-database/blob/85fb8848193db488eb7156d5b7c4d70f395a1c9f/ADMINISTRATIVE_STRUCTURE.md
4109,DO,La Altagracia,DO-11,held,"{""level"": null, ""parent_id"": null}",,held_conflict,ONE distinguishes political division into 31 provinces and a National District from regionalization. Regional planning/statistical containment is not sufficient to subordinate the separate statutory National District or every province to an ISO region; hold the hierarchy convention.,https://anda.one.gob.do/index.php/catalog/127/datafile/F4/V26 https://github.com/dr5hn/countries-states-cities-database/blob/85fb8848193db488eb7156d5b7c4d70f395a1c9f/ADMINISTRATIVE_STRUCTURE.md
4110,DO,San Pedro de Macorís,DO-23,held,"{""level"": null, ""parent_id"": null}",,held_conflict,ONE distinguishes political division into 31 provinces and a National District from regionalization. Regional planning/statistical containment is not sufficient to subordinate the separate statutory National District or every province to an ISO region; hold the hierarchy convention.,https://anda.one.gob.do/index.php/catalog/127/datafile/F4/V26 https://github.com/dr5hn/countries-states-cities-database/blob/85fb8848193db488eb7156d5b7c4d70f395a1c9f/ADMINISTRATIVE_STRUCTURE.md
4111,DO,Monte Plata,DO-29,held,"{""level"": null, ""parent_id"": null}",,held_conflict,ONE distinguishes political division into 31 provinces and a National District from regionalization. Regional planning/statistical containment is not sufficient to subordinate the separate statutory National District or every province to an ISO region; hold the hierarchy convention.,https://anda.one.gob.do/index.php/catalog/127/datafile/F4/V26 https://github.com/dr5hn/countries-states-cities-database/blob/85fb8848193db488eb7156d5b7c4d70f395a1c9f/ADMINISTRATIVE_STRUCTURE.md
4112,DO,San José de Ocoa,DO-31,held,"{""level"": null, ""parent_id"": null}",,held_conflict,ONE distinguishes political division into 31 provinces and a National District from regionalization. Regional planning/statistical containment is not sufficient to subordinate the separate statutory National District or every province to an ISO region; hold the hierarchy convention.,https://anda.one.gob.do/index.php/catalog/127/datafile/F4/V26 https://github.com/dr5hn/countries-states-cities-database/blob/85fb8848193db488eb7156d5b7c4d70f395a1c9f/ADMINISTRATIVE_STRUCTURE.md
4113,DO,Duarte,DO-06,held,"{""level"": null, ""parent_id"": null}",,held_conflict,ONE distinguishes political division into 31 provinces and a National District from regionalization. Regional planning/statistical containment is not sufficient to subordinate the separate statutory National District or every province to an ISO region; hold the hierarchy convention.,https://anda.one.gob.do/index.php/catalog/127/datafile/F4/V26 https://github.com/dr5hn/countries-states-cities-database/blob/85fb8848193db488eb7156d5b7c4d70f395a1c9f/ADMINISTRATIVE_STRUCTURE.md
4114,DO,Azua,DO-02,held,"{""level"": null, ""parent_id"": null}",,held_conflict,ONE distinguishes political division into 31 provinces and a National District from regionalization. Regional planning/statistical containment is not sufficient to subordinate the separate statutory National District or every province to an ISO region; hold the hierarchy convention.,https://anda.one.gob.do/index.php/catalog/127/datafile/F4/V26 https://github.com/dr5hn/countries-states-cities-database/blob/85fb8848193db488eb7156d5b7c4d70f395a1c9f/ADMINISTRATIVE_STRUCTURE.md
4115,DO,Monte Cristi,DO-15,held,"{""level"": null, ""parent_id"": null}",,held_conflict,ONE distinguishes political division into 31 provinces and a National District from regionalization. Regional planning/statistical containment is not sufficient to subordinate the separate statutory National District or every province to an ISO region; hold the hierarchy convention.,https://anda.one.gob.do/index.php/catalog/127/datafile/F4/V26 https://github.com/dr5hn/countries-states-cities-database/blob/85fb8848193db488eb7156d5b7c4d70f395a1c9f/ADMINISTRATIVE_STRUCTURE.md
4116,DO,La Vega,DO-13,held,"{""level"": null, ""parent_id"": null}",,held_conflict,ONE distinguishes political division into 31 provinces and a National District from regionalization. Regional planning/statistical containment is not sufficient to subordinate the separate statutory National District or every province to an ISO region; hold the hierarchy convention.,https://anda.one.gob.do/index.php/catalog/127/datafile/F4/V26 https://github.com/dr5hn/countries-states-cities-database/blob/85fb8848193db488eb7156d5b7c4d70f395a1c9f/ADMINISTRATIVE_STRUCTURE.md
5539,DO,Elías Piña,DO-07,held,"{""level"": null, ""parent_id"": null}",,held_conflict,ONE distinguishes political division into 31 provinces and a National District from regionalization. Regional planning/statistical containment is not sufficient to subordinate the separate statutory National District or every province to an ISO region; hold the hierarchy convention.,https://anda.one.gob.do/index.php/catalog/127/datafile/F4/V26 https://github.com/dr5hn/countries-states-cities-database/blob/85fb8848193db488eb7156d5b7c4d70f395a1c9f/ADMINISTRATIVE_STRUCTURE.md
5540,DO,Cibao Nordeste,DO-33,held,"{""level"": null, ""parent_id"": null}",,held_conflict,ONE distinguishes political division into 31 provinces and a National District from regionalization. Regional planning/statistical containment is not sufficient to subordinate the separate statutory National District or every province to an ISO region; hold the hierarchy convention.,https://anda.one.gob.do/index.php/catalog/127/datafile/F4/V26 https://github.com/dr5hn/countries-states-cities-database/blob/85fb8848193db488eb7156d5b7c4d70f395a1c9f/ADMINISTRATIVE_STRUCTURE.md
5541,DO,Cibao Noroeste,DO-34,held,"{""level"": null, ""parent_id"": null}",,held_conflict,ONE distinguishes political division into 31 provinces and a National District from regionalization. Regional planning/statistical containment is not sufficient to subordinate the separate statutory National District or every province to an ISO region; hold the hierarchy convention.,https://anda.one.gob.do/index.php/catalog/127/datafile/F4/V26 https://github.com/dr5hn/countries-states-cities-database/blob/85fb8848193db488eb7156d5b7c4d70f395a1c9f/ADMINISTRATIVE_STRUCTURE.md
5542,DO,Cibao Norte,DO-35,held,"{""level"": null, ""parent_id"": null}",,held_conflict,ONE distinguishes political division into 31 provinces and a National District from regionalization. Regional planning/statistical containment is not sufficient to subordinate the separate statutory National District or every province to an ISO region; hold the hierarchy convention.,https://anda.one.gob.do/index.php/catalog/127/datafile/F4/V26 https://github.com/dr5hn/countries-states-cities-database/blob/85fb8848193db488eb7156d5b7c4d70f395a1c9f/ADMINISTRATIVE_STRUCTURE.md
5543,DO,Cibao Sur,DO-36,held,"{""level"": null, ""parent_id"": null}",,held_conflict,ONE distinguishes political division into 31 provinces and a National District from regionalization. Regional planning/statistical containment is not sufficient to subordinate the separate statutory National District or every province to an ISO region; hold the hierarchy convention.,https://anda.one.gob.do/index.php/catalog/127/datafile/F4/V26 https://github.com/dr5hn/countries-states-cities-database/blob/85fb8848193db488eb7156d5b7c4d70f395a1c9f/ADMINISTRATIVE_STRUCTURE.md
5544,DO,El Valle,DO-37,held,"{""level"": null, ""parent_id"": null}",,held_conflict,ONE distinguishes political division into 31 provinces and a National District from regionalization. Regional planning/statistical containment is not sufficient to subordinate the separate statutory National District or every province to an ISO region; hold the hierarchy convention.,https://anda.one.gob.do/index.php/catalog/127/datafile/F4/V26 https://github.com/dr5hn/countries-states-cities-database/blob/85fb8848193db488eb7156d5b7c4d70f395a1c9f/ADMINISTRATIVE_STRUCTURE.md
5545,DO,Enriquillo,DO-38,held,"{""level"": null, ""parent_id"": null}",,held_conflict,ONE distinguishes political division into 31 provinces and a National District from regionalization. Regional planning/statistical containment is not sufficient to subordinate the separate statutory National District or every province to an ISO region; hold the hierarchy convention.,https://anda.one.gob.do/index.php/catalog/127/datafile/F4/V26 https://github.com/dr5hn/countries-states-cities-database/blob/85fb8848193db488eb7156d5b7c4d70f395a1c9f/ADMINISTRATIVE_STRUCTURE.md
5546,DO,Higuamo,DO-39,held,"{""level"": null, ""parent_id"": null}",,held_conflict,ONE distinguishes political division into 31 provinces and a National District from regionalization. Regional planning/statistical containment is not sufficient to subordinate the separate statutory National District or every province to an ISO region; hold the hierarchy convention.,https://anda.one.gob.do/index.php/catalog/127/datafile/F4/V26 https://github.com/dr5hn/countries-states-cities-database/blob/85fb8848193db488eb7156d5b7c4d70f395a1c9f/ADMINISTRATIVE_STRUCTURE.md
5547,DO,Ozama,DO-40,held,"{""level"": null, ""parent_id"": null}",,held_conflict,ONE distinguishes political division into 31 provinces and a National District from regionalization. Regional planning/statistical containment is not sufficient to subordinate the separate statutory National District or every province to an ISO region; hold the hierarchy convention.,https://anda.one.gob.do/index.php/catalog/127/datafile/F4/V26 https://github.com/dr5hn/countries-states-cities-database/blob/85fb8848193db488eb7156d5b7c4d70f395a1c9f/ADMINISTRATIVE_STRUCTURE.md
5548,DO,Valdesia,DO-41,held,"{""level"": null, ""parent_id"": null}",,held_conflict,ONE distinguishes political division into 31 provinces and a National District from regionalization. Regional planning/statistical containment is not sufficient to subordinate the separate statutory National District or every province to an ISO region; hold the hierarchy convention.,https://anda.one.gob.do/index.php/catalog/127/datafile/F4/V26 https://github.com/dr5hn/countries-states-cities-database/blob/85fb8848193db488eb7156d5b7c4d70f395a1c9f/ADMINISTRATIVE_STRUCTURE.md
5549,DO,Yuma,DO-42,held,"{""level"": null, ""parent_id"": null}",,held_conflict,ONE distinguishes political division into 31 provinces and a National District from regionalization. Regional planning/statistical containment is not sufficient to subordinate the separate statutory National District or every province to an ISO region; hold the hierarchy convention.,https://anda.one.gob.do/index.php/catalog/127/datafile/F4/V26 https://github.com/dr5hn/countries-states-cities-database/blob/85fb8848193db488eb7156d5b7c4d70f395a1c9f/ADMINISTRATIVE_STRUCTURE.md
1098,DZ,Djelfa,DZ-17,changed,"{""level"": null}","{""level"": 1}",iso,ISO 3166-2 depth and parent,
1099,DZ,El Oued,DZ-39,changed,"{""level"": null}","{""level"": 1}",iso,ISO 3166-2 depth and parent,
1100,DZ,El Tarf,DZ-36,changed,"{""level"": null}","{""level"": 1}",iso,ISO 3166-2 depth and parent,
1101,DZ,Oran,DZ-31,changed,"{""level"": null}","{""level"": 1}",iso,ISO 3166-2 depth and parent,
1102,DZ,Naama,DZ-45,changed,"{""level"": null}","{""level"": 1}",iso,ISO 3166-2 depth and parent,
1103,DZ,Annaba,DZ-23,changed,"{""level"": null}","{""level"": 1}",iso,ISO 3166-2 depth and parent,
1104,DZ,Bouïra,DZ-10,changed,"{""level"": null}","{""level"": 1}",iso,ISO 3166-2 depth and parent,
1105,DZ,Chlef,DZ-02,changed,"{""level"": null}","{""level"": 1}",iso,ISO 3166-2 depth and parent,
1106,DZ,Tiaret,DZ-14,changed,"{""level"": null}","{""level"": 1}",iso,ISO 3166-2 depth and parent,
1107,DZ,Tlemcen,DZ-13,changed,"{""level"": null}","{""level"": 1}",iso,ISO 3166-2 depth and parent,
1108,DZ,Béchar,DZ-08,changed,"{""level"": null}","{""level"": 1}",iso,ISO 3166-2 depth and parent,
1109,DZ,Médéa,DZ-26,changed,"{""level"": null}","{""level"": 1}",iso,ISO 3166-2 depth and parent,
1110,DZ,Skikda,DZ-21,changed,"{""level"": null}","{""level"": 1}",iso,ISO 3166-2 depth and parent,
1111,DZ,Blida,DZ-09,changed,"{""level"": null}","{""level"": 1}",iso,ISO 3166-2 depth and parent,
1112,DZ,Illizi,DZ-33,changed,"{""level"": null}","{""level"": 1}",iso,ISO 3166-2 depth and parent,
1113,DZ,Jijel,DZ-18,changed,"{""level"": null}","{""level"": 1}",iso,ISO 3166-2 depth and parent,
1114,DZ,Biskra,DZ-07,changed,"{""level"": null}","{""level"": 1}",iso,ISO 3166-2 depth and parent,
1115,DZ,Tipasa,DZ-42,changed,"{""level"": null}","{""level"": 1}",iso,ISO 3166-2 depth and parent,
1116,DZ,Bordj Bou Arréridj,DZ-34,changed,"{""level"": null}","{""level"": 1}",iso,ISO 3166-2 depth and parent,
1117,DZ,Tébessa,DZ-12,changed,"{""level"": null}","{""level"": 1}",iso,ISO 3166-2 depth and parent,
1118,DZ,Adrar,DZ-01,changed,"{""level"": null}","{""level"": 1}",iso,ISO 3166-2 depth and parent,
1119,DZ,Aïn Defla,DZ-44,changed,"{""level"": null}","{""level"": 1}",iso,ISO 3166-2 depth and parent,
1120,DZ,Tindouf,DZ-37,changed,"{""level"": null}","{""level"": 1}",iso,ISO 3166-2 depth and parent,
1121,DZ,Constantine,DZ-25,changed,"{""level"": null}","{""level"": 1}",iso,ISO 3166-2 depth and parent,
1122,DZ,Aïn Témouchent,DZ-46,changed,"{""level"": null}","{""level"": 1}",iso,ISO 3166-2 depth and parent,
1123,DZ,Saïda,DZ-20,changed,"{""level"": null}","{""level"": 1}",iso,ISO 3166-2 depth and parent,
1124,DZ,Mascara,DZ-29,changed,"{""level"": null}","{""level"": 1}",iso,ISO 3166-2 depth and parent,
1125,DZ,Boumerdès,DZ-35,changed,"{""level"": null}","{""level"": 1}",iso,ISO 3166-2 depth and parent,
1126,DZ,Khenchela,DZ-40,changed,"{""level"": null}","{""level"": 1}",iso,ISO 3166-2 depth and parent,
1127,DZ,Ghardaïa,DZ-47,changed,"{""level"": null}","{""level"": 1}",iso,ISO 3166-2 depth and parent,
1128,DZ,Béjaïa,DZ-06,changed,"{""level"": null}","{""level"": 1}",iso,ISO 3166-2 depth and parent,
1129,DZ,El Bayadh,DZ-32,changed,"{""level"": null}","{""level"": 1}",iso,ISO 3166-2 depth and parent,
1130,DZ,Relizane,DZ-48,changed,"{""level"": null}","{""level"": 1}",iso,ISO 3166-2 depth and parent,
1131,DZ,Tizi Ouzou,DZ-15,changed,"{""level"": null}","{""level"": 1}",iso,ISO 3166-2 depth and parent,
1132,DZ,Mila,DZ-43,changed,"{""level"": null}","{""level"": 1}",iso,ISO 3166-2 depth and parent,
1133,DZ,Tissemsilt,DZ-38,changed,"{""level"": null}","{""level"": 1}",iso,ISO 3166-2 depth and parent,
1134,DZ,M'Sila,DZ-28,changed,"{""level"": null}","{""level"": 1}",iso,ISO 3166-2 depth and parent,
1135,DZ,Tamanghasset,DZ-11,changed,"{""level"": null}","{""level"": 1}",iso,ISO 3166-2 depth and parent,
1136,DZ,Oum El Bouaghi,DZ-04,changed,"{""level"": null}","{""level"": 1}",iso,ISO 3166-2 depth and parent,
1137,DZ,Guelma,DZ-24,changed,"{""level"": null}","{""level"": 1}",iso,ISO 3166-2 depth and parent,
1138,DZ,Laghouat,DZ-03,changed,"{""level"": null}","{""level"": 1}",iso,ISO 3166-2 depth and parent,
1139,DZ,Ouargla,DZ-30,changed,"{""level"": null}","{""level"": 1}",iso,ISO 3166-2 depth and parent,
1140,DZ,Mostaganem,DZ-27,changed,"{""level"": null}","{""level"": 1}",iso,ISO 3166-2 depth and parent,
1141,DZ,Sétif,DZ-19,changed,"{""level"": null}","{""level"": 1}",iso,ISO 3166-2 depth and parent,
1142,DZ,Batna,DZ-05,changed,"{""level"": null}","{""level"": 1}",iso,ISO 3166-2 depth and parent,
1143,DZ,Souk Ahras,DZ-41,changed,"{""level"": null}","{""level"": 1}",iso,ISO 3166-2 depth and parent,
1144,DZ,Algiers,DZ-16,changed,"{""level"": null}","{""level"": 1}",iso,ISO 3166-2 depth and parent,
4902,DZ,Sidi Bel Abbès,DZ-22,changed,"{""level"": null}","{""level"": 1}",iso,ISO 3166-2 depth and parent,
4905,DZ,El M'ghair,DZ-57,changed,"{""level"": null}","{""level"": 1}",iso,ISO 3166-2 depth and parent,
4906,DZ,El Menia,DZ-58,changed,"{""level"": null}","{""level"": 1}",iso,ISO 3166-2 depth and parent,
4907,DZ,Ouled Djellal,DZ-51,changed,"{""level"": null}","{""level"": 1}",iso,ISO 3166-2 depth and parent,
4908,DZ,Bordj Baji Mokhtar,DZ-50,changed,"{""level"": null}","{""level"": 1}",iso,ISO 3166-2 depth and parent,
4909,DZ,Béni Abbès,DZ-52,changed,"{""level"": null}","{""level"": 1}",iso,ISO 3166-2 depth and parent,
4910,DZ,Timimoun,DZ-49,changed,"{""level"": null}","{""level"": 1}",iso,ISO 3166-2 depth and parent,
4911,DZ,Touggourt,DZ-55,changed,"{""level"": null}","{""level"": 1}",iso,ISO 3166-2 depth and parent,
4912,DZ,Djanet,DZ-56,changed,"{""level"": null}","{""level"": 1}",iso,ISO 3166-2 depth and parent,
4913,DZ,In Salah,DZ-53,changed,"{""level"": null}","{""level"": 1}",iso,ISO 3166-2 depth and parent,
4914,DZ,In Guezzam,DZ-54,changed,"{""level"": null}","{""level"": 1}",iso,ISO 3166-2 depth and parent,
2905,EC,Galápagos,EC-W,changed,"{""level"": null}","{""level"": 1}",iso,ISO 3166-2 depth and parent,
2906,EC,Sucumbíos,EC-U,changed,"{""level"": null}","{""level"": 1}",iso,ISO 3166-2 depth and parent,
2907,EC,Pastaza,EC-Y,changed,"{""level"": null}","{""level"": 1}",iso,ISO 3166-2 depth and parent,
2908,EC,Tungurahua,EC-T,changed,"{""level"": null}","{""level"": 1}",iso,ISO 3166-2 depth and parent,
2909,EC,Zamora Chinchipe,EC-Z,changed,"{""level"": null}","{""level"": 1}",iso,ISO 3166-2 depth and parent,
2910,EC,Los Ríos,EC-R,changed,"{""level"": null}","{""level"": 1}",iso,ISO 3166-2 depth and parent,
2911,EC,Imbabura,EC-I,changed,"{""level"": null}","{""level"": 1}",iso,ISO 3166-2 depth and parent,
2912,EC,Santa Elena,EC-SE,changed,"{""level"": null}","{""level"": 1}",iso,ISO 3166-2 depth and parent,
2913,EC,Manabí,EC-M,changed,"{""level"": null}","{""level"": 1}",iso,ISO 3166-2 depth and parent,
2914,EC,Guayas,EC-G,changed,"{""level"": null}","{""level"": 1}",iso,ISO 3166-2 depth and parent,
2915,EC,Carchi,EC-C,changed,"{""level"": null}","{""level"": 1}",iso,ISO 3166-2 depth and parent,
2916,EC,Napo,EC-N,changed,"{""level"": null}","{""level"": 1}",iso,ISO 3166-2 depth and parent,
2917,EC,Cañar,EC-F,changed,"{""level"": null}","{""level"": 1}",iso,ISO 3166-2 depth and parent,
2918,EC,Morona-Santiago,EC-S,changed,"{""level"": null}","{""level"": 1}",iso,ISO 3166-2 depth and parent,
2919,EC,Santo Domingo de los Tsáchilas,EC-SD,changed,"{""level"": null}","{""level"": 1}",iso,ISO 3166-2 depth and parent,
2920,EC,Bolívar,EC-B,changed,"{""level"": null}","{""level"": 1}",iso,ISO 3166-2 depth and parent,
2921,EC,Cotopaxi,EC-X,changed,"{""level"": null}","{""level"": 1}",iso,ISO 3166-2 depth and parent,
2922,EC,Esmeraldas,EC-E,changed,"{""level"": null}","{""level"": 1}",iso,ISO 3166-2 depth and parent,
2923,EC,Azuay,EC-A,changed,"{""level"": null}","{""level"": 1}",iso,ISO 3166-2 depth and parent,
2924,EC,El Oro,EC-O,changed,"{""level"": null}","{""level"": 1}",iso,ISO 3166-2 depth and parent,
2925,EC,Chimborazo,EC-H,changed,"{""level"": null}","{""level"": 1}",iso,ISO 3166-2 depth and parent,
2926,EC,Orellana,EC-D,changed,"{""level"": null}","{""level"": 1}",iso,ISO 3166-2 depth and parent,
2927,EC,Pichincha,EC-P,changed,"{""level"": null}","{""level"": 1}",iso,ISO 3166-2 depth and parent,
3555,EE,Hiiu,EE-39,changed,"{""level"": null}","{""level"": 1}",iso,ISO 3166-2 depth and parent,
3556,EE,Viljandi,EE-84,changed,"{""level"": null}","{""level"": 1}",iso,ISO 3166-2 depth and parent,
3557,EE,Tartu,EE-79,changed,"{""level"": null}","{""level"": 1}",iso,ISO 3166-2 depth and parent,
3558,EE,Valga,EE-81,changed,"{""level"": null}","{""level"": 1}",iso,ISO 3166-2 depth and parent,
3559,EE,Rapla,EE-71,changed,"{""level"": null}","{""level"": 1}",iso,ISO 3166-2 depth and parent,
3560,EE,Võru,EE-87,changed,"{""level"": null}","{""level"": 1}",iso,ISO 3166-2 depth and parent,
3561,EE,Saare,EE-74,changed,"{""level"": null}","{""level"": 1}",iso,ISO 3166-2 depth and parent,
3562,EE,Pärnu,EE-68,changed,"{""level"": null}","{""level"": 1}",iso,ISO 3166-2 depth and parent,
3563,EE,Põlva,EE-64,changed,"{""level"": null}","{""level"": 1}",iso,ISO 3166-2 depth and parent,
3564,EE,Lääne-Viru,EE-60,changed,"{""level"": null}","{""level"": 1}",iso,ISO 3166-2 depth and parent,
3565,EE,Jõgeva,EE-50,changed,"{""level"": null}","{""level"": 1}",iso,ISO 3166-2 depth and parent,
3566,EE,Järva,EE-52,changed,"{""level"": null}","{""level"": 1}",iso,ISO 3166-2 depth and parent,
3567,EE,Harju,EE-37,changed,"{""level"": null}","{""level"": 1}",iso,ISO 3166-2 depth and parent,
3568,EE,Lääne,EE-56,changed,"{""level"": null}","{""level"": 1}",iso,ISO 3166-2 depth and parent,
3569,EE,Ida-Viru,EE-45,changed,"{""level"": null}","{""level"": 1}",iso,ISO 3166-2 depth and parent,
3222,EG,Kafr El-Sheikh,EG-KFS,changed,"{""level"": null}","{""level"": 1}",iso,ISO 3166-2 depth and parent,
3223,EG,Cairo,EG-C,changed,"{""level"": null}","{""level"": 1}",iso,ISO 3166-2 depth and parent,
3224,EG,Damietta,EG-DT,changed,"{""level"": null}","{""level"": 1}",iso,ISO 3166-2 depth and parent,
3225,EG,Aswan,EG-ASN,changed,"{""level"": null}","{""level"": 1}",iso,ISO 3166-2 depth and parent,
3226,EG,Sohag,EG-SHG,changed,"{""level"": null}","{""level"": 1}",iso,ISO 3166-2 depth and parent,
3227,EG,North Sinai,EG-SIN,changed,"{""level"": null}","{""level"": 1}",iso,ISO 3166-2 depth and parent,
3228,EG,Monufia,EG-MNF,changed,"{""level"": null}","{""level"": 1}",iso,ISO 3166-2 depth and parent,
3229,EG,Port Said,EG-PTS,changed,"{""level"": null}","{""level"": 1}",iso,ISO 3166-2 depth and parent,
3230,EG,Beni Suef,EG-BNS,changed,"{""level"": null}","{""level"": 1}",iso,ISO 3166-2 depth and parent,
3231,EG,Matrouh,EG-MT,changed,"{""level"": null}","{""level"": 1}",iso,ISO 3166-2 depth and parent,
3232,EG,Qalyubia,EG-KB,changed,"{""level"": null}","{""level"": 1}",iso,ISO 3166-2 depth and parent,
3233,EG,Suez,EG-SUZ,changed,"{""level"": null}","{""level"": 1}",iso,ISO 3166-2 depth and parent,
3234,EG,Gharbia,EG-GH,changed,"{""level"": null}","{""level"": 1}",iso,ISO 3166-2 depth and parent,
3235,EG,Alexandria,EG-ALX,changed,"{""level"": null}","{""level"": 1}",iso,ISO 3166-2 depth and parent,
3236,EG,Asyut,EG-AST,changed,"{""level"": null}","{""level"": 1}",iso,ISO 3166-2 depth and parent,
3237,EG,South Sinai,EG-JS,changed,"{""level"": null}","{""level"": 1}",iso,ISO 3166-2 depth and parent,
3238,EG,Faiyum,EG-FYM,changed,"{""level"": null}","{""level"": 1}",iso,ISO 3166-2 depth and parent,
3239,EG,Giza,EG-GZ,changed,"{""level"": null}","{""level"": 1}",iso,ISO 3166-2 depth and parent,
3240,EG,Red Sea,EG-BA,changed,"{""level"": null}","{""level"": 1}",iso,ISO 3166-2 depth and parent,
3241,EG,Beheira,EG-BH,changed,"{""level"": null}","{""level"": 1}",iso,ISO 3166-2 depth and parent,
3242,EG,Luxor,EG-LX,changed,"{""level"": null}","{""level"": 1}",iso,ISO 3166-2 depth and parent,
3243,EG,Minya,EG-MN,changed,"{""level"": null}","{""level"": 1}",iso,ISO 3166-2 depth and parent,
3244,EG,Ismailia,EG-IS,changed,"{""level"": null}","{""level"": 1}",iso,ISO 3166-2 depth and parent,
3245,EG,Dakahlia,EG-DK,changed,"{""level"": null}","{""level"": 1}",iso,ISO 3166-2 depth and parent,
3246,EG,New Valley,EG-WAD,changed,"{""level"": null}","{""level"": 1}",iso,ISO 3166-2 depth and parent,
3247,EG,Qena,EG-KN,changed,"{""level"": null}","{""level"": 1}",iso,ISO 3166-2 depth and parent,
5067,EG,Sharqia,EG-SHR,changed,"{""level"": 2}","{""level"": 1}",iso,ISO 3166-2 depth and parent,
3424,ER,Northern Red Sea,ER-SK,changed,"{""level"": null}","{""level"": 1}",iso,ISO 3166-2 depth and parent,
3425,ER,Anseba,ER-AN,changed,"{""level"": null}","{""level"": 1}",iso,ISO 3166-2 depth and parent,
3426,ER,Maekel,ER-MA,changed,"{""level"": null}","{""level"": 1}",iso,ISO 3166-2 depth and parent,
3427,ER,Debub,ER-DU,changed,"{""level"": null}","{""level"": 1}",iso,ISO 3166-2 depth and parent,
3428,ER,Gash-Barka,ER-GB,changed,"{""level"": null}","{""level"": 1}",iso,ISO 3166-2 depth and parent,
3429,ER,Southern Red Sea,ER-DK,changed,"{""level"": null}","{""level"": 1}",iso,ISO 3166-2 depth and parent,
4,ET,Tigray,ET-TI,changed,"{""level"": null}","{""level"": 1}",iso,ISO 3166-2 depth and parent,
5,ET,Oromia,ET-OR,changed,"{""level"": null}","{""level"": 1}",iso,ISO 3166-2 depth and parent,
6,ET,Afar,ET-AF,changed,"{""level"": null}","{""level"": 1}",iso,ISO 3166-2 depth and parent,
7,ET,Harari,ET-HA,changed,"{""level"": null}","{""level"": 1}",iso,ISO 3166-2 depth and parent,
8,ET,Dire Dawa,ET-DD,changed,"{""level"": null}","{""level"": 1}",iso,ISO 3166-2 depth and parent,
9,ET,Benishangul-Gumuz,ET-BE,changed,"{""level"": null}","{""level"": 1}",iso,ISO 3166-2 depth and parent,
10,ET,Gambela,ET-GA,changed,"{""level"": null}","{""level"": 1}",iso,ISO 3166-2 depth and parent,
11,ET,Addis Ababa,ET-AA,changed,"{""level"": null}","{""level"": 1}",iso,ISO 3166-2 depth and parent,
5827,ET,Central Ethiopia,,held,"{""level"": 1, ""parent_id"": null}",,held_unverified,Intentional null-ISO local extension from prior audits; no fresh operative hierarchy provision verified in this round. Preserve existing values and do not recode ISO/local keys.,https://github.com/dr5hn/countries-states-cities-database/blob/85fb8848193db488eb7156d5b7c4d70f395a1c9f/.github/fixes-docs/FIX_1643_SUMMARY.md
5828,ET,South Ethiopia,,held,"{""level"": 1, ""parent_id"": null}",,held_unverified,Intentional null-ISO local extension from prior audits; no fresh operative hierarchy provision verified in this round. Preserve existing values and do not recode ISO/local keys.,https://github.com/dr5hn/countries-states-cities-database/blob/85fb8848193db488eb7156d5b7c4d70f395a1c9f/.github/fixes-docs/FIX_1643_SUMMARY.md
1493,FI,Tavastia Proper,FI-06,changed,"{""level"": null}","{""level"": 1}",iso,ISO 3166-2 depth and parent,
1494,FI,Central Ostrobothnia,FI-07,changed,"{""level"": null}","{""level"": 1}",iso,ISO 3166-2 depth and parent,
1495,FI,Southern Savonia,FI-04,changed,"{""level"": null}","{""level"": 1}",iso,ISO 3166-2 depth and parent,
1496,FI,Kainuu,FI-05,changed,"{""level"": null}","{""level"": 1}",iso,ISO 3166-2 depth and parent,
1497,FI,South Karelia,FI-02,changed,"{""level"": null}","{""level"": 1}",iso,ISO 3166-2 depth and parent,
1498,FI,Southern Ostrobothnia,FI-03,changed,"{""level"": null}","{""level"": 1}",iso,ISO 3166-2 depth and parent,
1500,FI,Lapland,FI-10,changed,"{""level"": null}","{""level"": 1}",iso,ISO 3166-2 depth and parent,
1501,FI,Satakunta,FI-17,changed,"{""level"": null}","{""level"": 1}",iso,ISO 3166-2 depth and parent,
1502,FI,Päijänne Tavastia,FI-16,changed,"{""level"": null}","{""level"": 1}",iso,ISO 3166-2 depth and parent,
1503,FI,Northern Savonia,FI-15,changed,"{""level"": null}","{""level"": 1}",iso,ISO 3166-2 depth and parent,
1504,FI,North Karelia,FI-13,changed,"{""level"": null}","{""level"": 1}",iso,ISO 3166-2 depth and parent,
1505,FI,Northern Ostrobothnia,FI-14,changed,"{""level"": null}","{""level"": 1}",iso,ISO 3166-2 depth and parent,
1506,FI,Pirkanmaa,FI-11,changed,"{""level"": null}","{""level"": 1}",iso,ISO 3166-2 depth and parent,
1507,FI,Finland Proper,FI-19,changed,"{""level"": null}","{""level"": 1}",iso,ISO 3166-2 depth and parent,
1508,FI,Ostrobothnia,FI-12,changed,"{""level"": null}","{""level"": 1}",iso,ISO 3166-2 depth and parent,
1510,FI,Uusimaa,FI-18,changed,"{""level"": null}","{""level"": 1}",iso,ISO 3166-2 depth and parent,
1511,FI,Central Finland,FI-08,changed,"{""level"": null}","{""level"": 1}",iso,ISO 3166-2 depth and parent,
1512,FI,Kymenlaakso,FI-09,changed,"{""level"": null}","{""level"": 1}",iso,ISO 3166-2 depth and parent,
5229,FO,Eysturoy,FO-EY,held,"{""level"": 1, ""parent_id"": null}",,held_unverified,No current official national source establishing this row's hierarchy was verified; absent from the supplied ISO mirror. Retain existing level and parent; code/identity review is outside this round.,https://github.com/dr5hn/countries-states-cities-database/blob/85fb8848193db488eb7156d5b7c4d70f395a1c9f/.github/fixes-docs/FIX_1643_SUMMARY.md
5230,FO,Northern Isles,FO-NO,held,"{""level"": 1, ""parent_id"": null}",,held_unverified,No current official national source establishing this row's hierarchy was verified; absent from the supplied ISO mirror. Retain existing level and parent; code/identity review is outside this round.,https://github.com/dr5hn/countries-states-cities-database/blob/85fb8848193db488eb7156d5b7c4d70f395a1c9f/.github/fixes-docs/FIX_1643_SUMMARY.md
5231,FO,Sandoy,FO-SA,held,"{""level"": 1, ""parent_id"": null}",,held_unverified,No current official national source establishing this row's hierarchy was verified; absent from the supplied ISO mirror. Retain existing level and parent; code/identity review is outside this round.,https://github.com/dr5hn/countries-states-cities-database/blob/85fb8848193db488eb7156d5b7c4d70f395a1c9f/.github/fixes-docs/FIX_1643_SUMMARY.md
5232,FO,Streymoy,FO-ST,held,"{""level"": 1, ""parent_id"": null}",,held_unverified,No current official national source establishing this row's hierarchy was verified; absent from the supplied ISO mirror. Retain existing level and parent; code/identity review is outside this round.,https://github.com/dr5hn/countries-states-cities-database/blob/85fb8848193db488eb7156d5b7c4d70f395a1c9f/.github/fixes-docs/FIX_1643_SUMMARY.md
5233,FO,Suðuroy,FO-SU,held,"{""level"": 1, ""parent_id"": null}",,held_unverified,No current official national source establishing this row's hierarchy was verified; absent from the supplied ISO mirror. Retain existing level and parent; code/identity review is outside this round.,https://github.com/dr5hn/countries-states-cities-database/blob/85fb8848193db488eb7156d5b7c4d70f395a1c9f/.github/fixes-docs/FIX_1643_SUMMARY.md
5234,FO,Vágar,FO-VA,held,"{""level"": 1, ""parent_id"": null}",,held_unverified,No current official national source establishing this row's hierarchy was verified; absent from the supplied ISO mirror. Retain existing level and parent; code/identity review is outside this round.,https://github.com/dr5hn/countries-states-cities-database/blob/85fb8848193db488eb7156d5b7c4d70f395a1c9f/.github/fixes-docs/FIX_1643_SUMMARY.md
5035,FR,Bas-Rhin,FR-67,held,"{""level"": 2, ""parent_id"": 4820}",,held_conflict,Preserve merged French pilot: department level 2 and Grand-Est parent. Mirror inserts Alsace and would force level 3; earlier audit/review explicitly held this disagreement.,https://github.com/dr5hn/countries-states-cities-database/blob/85fb8848193db488eb7156d5b7c4d70f395a1c9f/ADMINISTRATIVE_STRUCTURE.md https://github.com/dr5hn/countries-states-cities-database/blob/85fb8848193db488eb7156d5b7c4d70f395a1c9f/.github/fixes-docs/FIX_1643_SUMMARY.md
5036,FR,Haut-Rhin,FR-68,held,"{""level"": 2, ""parent_id"": 4820}",,held_conflict,Preserve merged French pilot: department level 2 and Grand-Est parent. Mirror inserts Alsace and would force level 3; earlier audit/review explicitly held this disagreement.,https://github.com/dr5hn/countries-states-cities-database/blob/85fb8848193db488eb7156d5b7c4d70f395a1c9f/ADMINISTRATIVE_STRUCTURE.md https://github.com/dr5hn/countries-states-cities-database/blob/85fb8848193db488eb7156d5b7c4d70f395a1c9f/.github/fixes-docs/FIX_1643_SUMMARY.md
2723,GA,Woleu-Ntem,GA-9,changed,"{""level"": null}","{""level"": 1}",iso,ISO 3166-2 depth and parent,
2724,GA,Ogooué-Ivindo,GA-6,changed,"{""level"": null}","{""level"": 1}",iso,ISO 3166-2 depth and parent,
2725,GA,Nyanga,GA-5,changed,"{""level"": null}","{""level"": 1}",iso,ISO 3166-2 depth and parent,
2726,GA,Haut-Ogooué,GA-2,changed,"{""level"": null}","{""level"": 1}",iso,ISO 3166-2 depth and parent,
2727,GA,Estuaire,GA-1,changed,"{""level"": null}","{""level"": 1}",iso,ISO 3166-2 depth and parent,
2728,GA,Ogooué-Maritime,GA-8,changed,"{""level"": null}","{""level"": 1}",iso,ISO 3166-2 depth and parent,
2729,GA,Ogooué-Lolo,GA-7,changed,"{""level"": null}","{""level"": 1}",iso,ISO 3166-2 depth and parent,
2730,GA,Moyen-Ogooué,GA-3,changed,"{""level"": null}","{""level"": 1}",iso,ISO 3166-2 depth and parent,
2731,GA,Ngounié,GA-4,changed,"{""level"": null}","{""level"": 1}",iso,ISO 3166-2 depth and parent,
2291,GB,Brent,GB-BEN,held,"{""level"": 2, ""parent_id"": 2336}",,held_conflict,"ISO parent is England, but national guidance identifies Greater London Authority above London-wide services. Greater London has no CSC/ISO parent row. Territorial versus functional hierarchy needs a decision; retain pilot/current depth and parent.",https://www.gov.uk/guidance/local-government-structure-and-elections
2306,GB,Haringey,GB-HRY,held,"{""level"": 2, ""parent_id"": 2336}",,held_conflict,"ISO parent is England, but national guidance identifies Greater London Authority above London-wide services. Greater London has no CSC/ISO parent row. Territorial versus functional hierarchy needs a decision; retain pilot/current depth and parent.",https://www.gov.uk/guidance/local-government-structure-and-elections
2307,GB,Bexley,GB-BEX,held,"{""level"": 2, ""parent_id"": 2336}",,held_conflict,"ISO parent is England, but national guidance identifies Greater London Authority above London-wide services. Greater London has no CSC/ISO parent row. Territorial versus functional hierarchy needs a decision; retain pilot/current depth and parent.",https://www.gov.uk/guidance/local-government-structure-and-elections
2313,GB,Sutton,GB-STN,held,"{""level"": 2, ""parent_id"": 2336}",,held_conflict,"ISO parent is England, but national guidance identifies Greater London Authority above London-wide services. Greater London has no CSC/ISO parent row. Territorial versus functional hierarchy needs a decision; retain pilot/current depth and parent.",https://www.gov.uk/guidance/local-government-structure-and-elections
2319,GB,Islington,GB-ISL,held,"{""level"": 2, ""parent_id"": 2336}",,held_conflict,"ISO parent is England, but national guidance identifies Greater London Authority above London-wide services. Greater London has no CSC/ISO parent row. Territorial versus functional hierarchy needs a decision; retain pilot/current depth and parent.",https://www.gov.uk/guidance/local-government-structure-and-elections
2326,GB,Waltham Forest,GB-WFT,held,"{""level"": 2, ""parent_id"": 2336}",,held_conflict,"ISO parent is England, but national guidance identifies Greater London Authority above London-wide services. Greater London has no CSC/ISO parent row. Territorial versus functional hierarchy needs a decision; retain pilot/current depth and parent.",https://www.gov.uk/guidance/local-government-structure-and-elections
2347,GB,Havering,GB-HAV,held,"{""level"": 2, ""parent_id"": 2336}",,held_conflict,"ISO parent is England, but national guidance identifies Greater London Authority above London-wide services. Greater London has no CSC/ISO parent row. Territorial versus functional hierarchy needs a decision; retain pilot/current depth and parent.",https://www.gov.uk/guidance/local-government-structure-and-elections
2349,GB,Camden,GB-CMD,held,"{""level"": 2, ""parent_id"": 2336}",,held_conflict,"ISO parent is England, but national guidance identifies Greater London Authority above London-wide services. Greater London has no CSC/ISO parent row. Territorial versus functional hierarchy needs a decision; retain pilot/current depth and parent.",https://www.gov.uk/guidance/local-government-structure-and-elections
2356,GB,Barking and Dagenham,GB-BDG,held,"{""level"": 2, ""parent_id"": 2336}",,held_conflict,"ISO parent is England, but national guidance identifies Greater London Authority above London-wide services. Greater London has no CSC/ISO parent row. Territorial versus functional hierarchy needs a decision; retain pilot/current depth and parent.",https://www.gov.uk/guidance/local-government-structure-and-elections
2357,GB,Westminster,GB-WSM,held,"{""level"": 2, ""parent_id"": 2336}",,held_conflict,"ISO parent is England, but national guidance identifies Greater London Authority above London-wide services. Greater London has no CSC/ISO parent row. Territorial versus functional hierarchy needs a decision; retain pilot/current depth and parent.",https://www.gov.uk/guidance/local-government-structure-and-elections
2358,GB,Lewisham,GB-LEW,held,"{""level"": 2, ""parent_id"": 2336}",,held_conflict,"ISO parent is England, but national guidance identifies Greater London Authority above London-wide services. Greater London has no CSC/ISO parent row. Territorial versus functional hierarchy needs a decision; retain pilot/current depth and parent.",https://www.gov.uk/guidance/local-government-structure-and-elections
2368,GB,Kensington and Chelsea,GB-KEC,held,"{""level"": 2, ""parent_id"": 2336}",,held_conflict,"ISO parent is England, but national guidance identifies Greater London Authority above London-wide services. Greater London has no CSC/ISO parent row. Territorial versus functional hierarchy needs a decision; retain pilot/current depth and parent.",https://www.gov.uk/guidance/local-government-structure-and-elections
2376,GB,Hillingdon,GB-HIL,held,"{""level"": 2, ""parent_id"": 2336}",,held_conflict,"ISO parent is England, but national guidance identifies Greater London Authority above London-wide services. Greater London has no CSC/ISO parent row. Territorial versus functional hierarchy needs a decision; retain pilot/current depth and parent.",https://www.gov.uk/guidance/local-government-structure-and-elections
2380,GB,Hounslow,GB-HNS,held,"{""level"": 2, ""parent_id"": 2336}",,held_conflict,"ISO parent is England, but national guidance identifies Greater London Authority above London-wide services. Greater London has no CSC/ISO parent row. Territorial versus functional hierarchy needs a decision; retain pilot/current depth and parent.",https://www.gov.uk/guidance/local-government-structure-and-elections
2385,GB,Harrow,GB-HRW,held,"{""level"": 2, ""parent_id"": 2336}",,held_conflict,"ISO parent is England, but national guidance identifies Greater London Authority above London-wide services. Greater London has no CSC/ISO parent row. Territorial versus functional hierarchy needs a decision; retain pilot/current depth and parent.",https://www.gov.uk/guidance/local-government-structure-and-elections
2390,GB,Tower Hamlets,GB-TWH,held,"{""level"": 2, ""parent_id"": 2336}",,held_conflict,"ISO parent is England, but national guidance identifies Greater London Authority above London-wide services. Greater London has no CSC/ISO parent row. Territorial versus functional hierarchy needs a decision; retain pilot/current depth and parent.",https://www.gov.uk/guidance/local-government-structure-and-elections
2396,GB,Lambeth,GB-LBH,held,"{""level"": 2, ""parent_id"": 2336}",,held_conflict,"ISO parent is England, but national guidance identifies Greater London Authority above London-wide services. Greater London has no CSC/ISO parent row. Territorial versus functional hierarchy needs a decision; retain pilot/current depth and parent.",https://www.gov.uk/guidance/local-government-structure-and-elections
2397,GB,Redbridge,GB-RDB,held,"{""level"": 2, ""parent_id"": 2336}",,held_conflict,"ISO parent is England, but national guidance identifies Greater London Authority above London-wide services. Greater London has no CSC/ISO parent row. Territorial versus functional hierarchy needs a decision; retain pilot/current depth and parent.",https://www.gov.uk/guidance/local-government-structure-and-elections
2411,GB,Hackney,GB-HCK,held,"{""level"": 2, ""parent_id"": 2336}",,held_conflict,"ISO parent is England, but national guidance identifies Greater London Authority above London-wide services. Greater London has no CSC/ISO parent row. Territorial versus functional hierarchy needs a decision; retain pilot/current depth and parent.",https://www.gov.uk/guidance/local-government-structure-and-elections
2418,GB,Newham,GB-NWM,held,"{""level"": 2, ""parent_id"": 2336}",,held_conflict,"ISO parent is England, but national guidance identifies Greater London Authority above London-wide services. Greater London has no CSC/ISO parent row. Territorial versus functional hierarchy needs a decision; retain pilot/current depth and parent.",https://www.gov.uk/guidance/local-government-structure-and-elections
2424,GB,London,GB-LND,held,"{""level"": 2, ""parent_id"": 2336}",,held_conflict,"ISO parent is England, but national guidance identifies Greater London Authority above London-wide services. Greater London has no CSC/ISO parent row. Territorial versus functional hierarchy needs a decision; retain pilot/current depth and parent.",https://www.gov.uk/guidance/local-government-structure-and-elections
2432,GB,Southwark,GB-SWK,held,"{""level"": 2, ""parent_id"": 2336}",,held_conflict,"ISO parent is England, but national guidance identifies Greater London Authority above London-wide services. Greater London has no CSC/ISO parent row. Territorial versus functional hierarchy needs a decision; retain pilot/current depth and parent.",https://www.gov.uk/guidance/local-government-structure-and-elections
2434,GB,Wandsworth,GB-WND,held,"{""level"": 2, ""parent_id"": 2336}",,held_conflict,"ISO parent is England, but national guidance identifies Greater London Authority above London-wide services. Greater London has no CSC/ISO parent row. Territorial versus functional hierarchy needs a decision; retain pilot/current depth and parent.",https://www.gov.uk/guidance/local-government-structure-and-elections
2448,GB,Hammersmith and Fulham,GB-HMF,held,"{""level"": 2, ""parent_id"": 2336}",,held_conflict,"ISO parent is England, but national guidance identifies Greater London Authority above London-wide services. Greater London has no CSC/ISO parent row. Territorial versus functional hierarchy needs a decision; retain pilot/current depth and parent.",https://www.gov.uk/guidance/local-government-structure-and-elections
2476,GB,Enfield,GB-ENF,held,"{""level"": 2, ""parent_id"": 2336}",,held_conflict,"ISO parent is England, but national guidance identifies Greater London Authority above London-wide services. Greater London has no CSC/ISO parent row. Territorial versus functional hierarchy needs a decision; retain pilot/current depth and parent.",https://www.gov.uk/guidance/local-government-structure-and-elections
2481,GB,Kingston upon Thames,GB-KTT,held,"{""level"": 2, ""parent_id"": 2336}",,held_conflict,"ISO parent is England, but national guidance identifies Greater London Authority above London-wide services. Greater London has no CSC/ISO parent row. Territorial versus functional hierarchy needs a decision; retain pilot/current depth and parent.",https://www.gov.uk/guidance/local-government-structure-and-elections
2483,GB,Merton,GB-MRT,held,"{""level"": 2, ""parent_id"": 2336}",,held_conflict,"ISO parent is England, but national guidance identifies Greater London Authority above London-wide services. Greater London has no CSC/ISO parent row. Territorial versus functional hierarchy needs a decision; retain pilot/current depth and parent.",https://www.gov.uk/guidance/local-government-structure-and-elections
2490,GB,Bromley,GB-BRY,held,"{""level"": 2, ""parent_id"": 2336}",,held_conflict,"ISO parent is England, but national guidance identifies Greater London Authority above London-wide services. Greater London has no CSC/ISO parent row. Territorial versus functional hierarchy needs a decision; retain pilot/current depth and parent.",https://www.gov.uk/guidance/local-government-structure-and-elections
2492,GB,Greenwich,GB-GRE,held,"{""level"": 2, ""parent_id"": 2336}",,held_conflict,"ISO parent is England, but national guidance identifies Greater London Authority above London-wide services. Greater London has no CSC/ISO parent row. Territorial versus functional hierarchy needs a decision; retain pilot/current depth and parent.",https://www.gov.uk/guidance/local-government-structure-and-elections
2501,GB,Richmond upon Thames,GB-RIC,held,"{""level"": 2, ""parent_id"": 2336}",,held_conflict,"ISO parent is England, but national guidance identifies Greater London Authority above London-wide services. Greater London has no CSC/ISO parent row. Territorial versus functional hierarchy needs a decision; retain pilot/current depth and parent.",https://www.gov.uk/guidance/local-government-structure-and-elections
2512,GB,Croydon,GB-CRY,held,"{""level"": 2, ""parent_id"": 2336}",,held_conflict,"ISO parent is England, but national guidance identifies Greater London Authority above London-wide services. Greater London has no CSC/ISO parent row. Territorial versus functional hierarchy needs a decision; retain pilot/current depth and parent.",https://www.gov.uk/guidance/local-government-structure-and-elections
2520,GB,Barnet,GB-BNE,held,"{""level"": 2, ""parent_id"": 2336}",,held_conflict,"ISO parent is England, but national guidance identifies Greater London Authority above London-wide services. Greater London has no CSC/ISO parent row. Territorial versus functional hierarchy needs a decision; retain pilot/current depth and parent.",https://www.gov.uk/guidance/local-government-structure-and-elections
2532,GB,Ealing,GB-EAL,held,"{""level"": 2, ""parent_id"": 2336}",,held_conflict,"ISO parent is England, but national guidance identifies Greater London Authority above London-wide services. Greater London has no CSC/ISO parent row. Territorial versus functional hierarchy needs a decision; retain pilot/current depth and parent.",https://www.gov.uk/guidance/local-government-structure-and-elections
3863,GD,Saint Patrick,GD-06,changed,"{""level"": null}","{""level"": 1}",iso,ISO 3166-2 depth and parent,
3864,GD,Saint George,GD-03,changed,"{""level"": null}","{""level"": 1}",iso,ISO 3166-2 depth and parent,
3865,GD,Saint Andrew,GD-01,changed,"{""level"": null}","{""level"": 1}",iso,ISO 3166-2 depth and parent,
3866,GD,Saint Mark,GD-05,changed,"{""level"": null}","{""level"": 1}",iso,ISO 3166-2 depth and parent,
3867,GD,Carriacou,GD-10,changed,"{""level"": null}","{""level"": 1}",iso,ISO 3166-2 depth and parent,
3868,GD,Saint John,GD-04,changed,"{""level"": null}","{""level"": 1}",iso,ISO 3166-2 depth and parent,
3869,GD,Saint David,GD-02,changed,"{""level"": null}","{""level"": 1}",iso,ISO 3166-2 depth and parent,
899,GE,Tbilisi,GE-TB,changed,"{""level"": null}","{""level"": 1}",iso,ISO 3166-2 depth and parent,
900,GE,Adjara,GE-AJ,changed,"{""level"": null}","{""level"": 1}",iso,ISO 3166-2 depth and parent,
901,GE,Abkhazia,GE-AB,changed,"{""level"": null}","{""level"": 1}",iso,ISO 3166-2 depth and parent,
902,GE,Mtskheta-Mtianeti,GE-MM,changed,"{""level"": null}","{""level"": 1}",iso,ISO 3166-2 depth and parent,
903,GE,Shida Kartli,GE-SK,changed,"{""level"": null}","{""level"": 1}",iso,ISO 3166-2 depth and parent,
904,GE,Kvemo Kartli,GE-KK,changed,"{""level"": null}","{""level"": 1}",iso,ISO 3166-2 depth and parent,
905,GE,Imereti,GE-IM,changed,"{""level"": null}","{""level"": 1}",iso,ISO 3166-2 depth and parent,
906,GE,Samtskhe-Javakheti,GE-SJ,changed,"{""level"": null}","{""level"": 1}",iso,ISO 3166-2 depth and parent,
907,GE,Guria,GE-GU,changed,"{""level"": null}","{""level"": 1}",iso,ISO 3166-2 depth and parent,
908,GE,Samegrelo-Zemo Svaneti,GE-SZ,changed,"{""level"": null}","{""level"": 1}",iso,ISO 3166-2 depth and parent,
909,GE,Racha-Lechkhumi and Kvemo Svaneti,GE-RL,changed,"{""level"": null}","{""level"": 1}",iso,ISO 3166-2 depth and parent,
910,GE,Kakheti,GE-KA,changed,"{""level"": null}","{""level"": 1}",iso,ISO 3166-2 depth and parent,
5818,GF,Guyane,FR-973,held,"{""level"": null, ""parent_id"": null}",,held_conflict,Dual-territory alias uses a foreign-prefix ISO code. Country-relative hierarchy needs explicit reconciliation with the parallel FR row; do not treat foreign code membership as a domestic hierarchy certificate.,https://github.com/dr5hn/countries-states-cities-database/blob/85fb8848193db488eb7156d5b7c4d70f395a1c9f/MULTI_LEVEL_TERRITORIES.md
5386,GG,Castel,GG-01,held,"{""level"": null, ""parent_id"": null}",,held_unverified,No current official national source establishing this row's hierarchy was verified; absent from the supplied ISO mirror. Retain existing level and parent; code/identity review is outside this round.,https://github.com/dr5hn/countries-states-cities-database/blob/85fb8848193db488eb7156d5b7c4d70f395a1c9f/.github/fixes-docs/FIX_1643_SUMMARY.md
5387,GG,Forest,GG-02,held,"{""level"": null, ""parent_id"": null}",,held_unverified,No current official national source establishing this row's hierarchy was verified; absent from the supplied ISO mirror. Retain existing level and parent; code/identity review is outside this round.,https://github.com/dr5hn/countries-states-cities-database/blob/85fb8848193db488eb7156d5b7c4d70f395a1c9f/.github/fixes-docs/FIX_1643_SUMMARY.md
5388,GG,St Andrew,GG-03,held,"{""level"": null, ""parent_id"": null}",,held_unverified,No current official national source establishing this row's hierarchy was verified; absent from the supplied ISO mirror. Retain existing level and parent; code/identity review is outside this round.,https://github.com/dr5hn/countries-states-cities-database/blob/85fb8848193db488eb7156d5b7c4d70f395a1c9f/.github/fixes-docs/FIX_1643_SUMMARY.md
5389,GG,Alderney,GG-04,held,"{""level"": null, ""parent_id"": null}",,held_unverified,No current official national source establishing this row's hierarchy was verified; absent from the supplied ISO mirror. Retain existing level and parent; code/identity review is outside this round.,https://github.com/dr5hn/countries-states-cities-database/blob/85fb8848193db488eb7156d5b7c4d70f395a1c9f/.github/fixes-docs/FIX_1643_SUMMARY.md
5390,GG,St Martin,GG-05,held,"{""level"": null, ""parent_id"": null}",,held_unverified,No current official national source establishing this row's hierarchy was verified; absent from the supplied ISO mirror. Retain existing level and parent; code/identity review is outside this round.,https://github.com/dr5hn/countries-states-cities-database/blob/85fb8848193db488eb7156d5b7c4d70f395a1c9f/.github/fixes-docs/FIX_1643_SUMMARY.md
5391,GG,St Peter Port,GG-06,held,"{""level"": null, ""parent_id"": null}",,held_unverified,No current official national source establishing this row's hierarchy was verified; absent from the supplied ISO mirror. Retain existing level and parent; code/identity review is outside this round.,https://github.com/dr5hn/countries-states-cities-database/blob/85fb8848193db488eb7156d5b7c4d70f395a1c9f/.github/fixes-docs/FIX_1643_SUMMARY.md
5392,GG,Sark,GG-07,held,"{""level"": null, ""parent_id"": null}",,held_unverified,No current official national source establishing this row's hierarchy was verified; absent from the supplied ISO mirror. Retain existing level and parent; code/identity review is outside this round.,https://github.com/dr5hn/countries-states-cities-database/blob/85fb8848193db488eb7156d5b7c4d70f395a1c9f/.github/fixes-docs/FIX_1643_SUMMARY.md
5393,GG,St Pierre du Bois,GG-08,held,"{""level"": null, ""parent_id"": null}",,held_unverified,No current official national source establishing this row's hierarchy was verified; absent from the supplied ISO mirror. Retain existing level and parent; code/identity review is outside this round.,https://github.com/dr5hn/countries-states-cities-database/blob/85fb8848193db488eb7156d5b7c4d70f395a1c9f/.github/fixes-docs/FIX_1643_SUMMARY.md
5394,GG,St Sampson,GG-09,held,"{""level"": null, ""parent_id"": null}",,held_unverified,No current official national source establishing this row's hierarchy was verified; absent from the supplied ISO mirror. Retain existing level and parent; code/identity review is outside this round.,https://github.com/dr5hn/countries-states-cities-database/blob/85fb8848193db488eb7156d5b7c4d70f395a1c9f/.github/fixes-docs/FIX_1643_SUMMARY.md
5395,GG,St Saviour,GG-10,held,"{""level"": null, ""parent_id"": null}",,held_unverified,No current official national source establishing this row's hierarchy was verified; absent from the supplied ISO mirror. Retain existing level and parent; code/identity review is outside this round.,https://github.com/dr5hn/countries-states-cities-database/blob/85fb8848193db488eb7156d5b7c4d70f395a1c9f/.github/fixes-docs/FIX_1643_SUMMARY.md
5396,GG,Torteval,GG-11,held,"{""level"": null, ""parent_id"": null}",,held_unverified,No current official national source establishing this row's hierarchy was verified; absent from the supplied ISO mirror. Retain existing level and parent; code/identity review is outside this round.,https://github.com/dr5hn/countries-states-cities-database/blob/85fb8848193db488eb7156d5b7c4d70f395a1c9f/.github/fixes-docs/FIX_1643_SUMMARY.md
5397,GG,Vale,GG-12,held,"{""level"": null, ""parent_id"": null}",,held_unverified,No current official national source establishing this row's hierarchy was verified; absent from the supplied ISO mirror. Retain existing level and parent; code/identity review is outside this round.,https://github.com/dr5hn/countries-states-cities-database/blob/85fb8848193db488eb7156d5b7c4d70f395a1c9f/.github/fixes-docs/FIX_1643_SUMMARY.md
48,GH,Ashanti,GH-AH,changed,"{""level"": null}","{""level"": 1}",iso,ISO 3166-2 depth and parent,
49,GH,Western,GH-WP,changed,"{""level"": null}","{""level"": 1}",iso,ISO 3166-2 depth and parent,
50,GH,Eastern,GH-EP,changed,"{""level"": null}","{""level"": 1}",iso,ISO 3166-2 depth and parent,
51,GH,Northern,GH-NP,changed,"{""level"": null}","{""level"": 1}",iso,ISO 3166-2 depth and parent,
52,GH,Central,GH-CP,changed,"{""level"": null}","{""level"": 1}",iso,ISO 3166-2 depth and parent,
53,GH,Ahafo,GH-AF,changed,"{""level"": null}","{""level"": 1}",iso,ISO 3166-2 depth and parent,
54,GH,Greater Accra,GH-AA,changed,"{""level"": null}","{""level"": 1}",iso,ISO 3166-2 depth and parent,
55,GH,Upper East,GH-UE,changed,"{""level"": null}","{""level"": 1}",iso,ISO 3166-2 depth and parent,
56,GH,Volta,GH-TV,changed,"{""level"": null}","{""level"": 1}",iso,ISO 3166-2 depth and parent,
57,GH,Upper West,GH-UW,changed,"{""level"": null}","{""level"": 1}",iso,ISO 3166-2 depth and parent,
5379,GL,Avannaata,GL-AV,changed,"{""level"": null}","{""level"": 1}",iso,ISO 3166-2 depth and parent,
5380,GL,Kujalleq,GL-KU,changed,"{""level"": null}","{""level"": 1}",iso,ISO 3166-2 depth and parent,
5381,GL,Qeqertalik,GL-QT,changed,"{""level"": null}","{""level"": 1}",iso,ISO 3166-2 depth and parent,
5382,GL,Qeqqata,GL-QE,changed,"{""level"": null}","{""level"": 1}",iso,ISO 3166-2 depth and parent,
5383,GL,Sermersooq,GL-SM,changed,"{""level"": null}","{""level"": 1}",iso,ISO 3166-2 depth and parent,
2666,GM,Banjul,GM-B,changed,"{""level"": 3}","{""level"": 1}",iso,ISO 3166-2 depth and parent,
2667,GM,West Coast,GM-W,changed,"{""level"": 2}","{""level"": 1}",iso,ISO 3166-2 depth and parent,
2668,GM,Upper River,GM-U,changed,"{""level"": 2}","{""level"": 1}",iso,ISO 3166-2 depth and parent,
2669,GM,Central River,GM-M,changed,"{""level"": 2}","{""level"": 1}",iso,ISO 3166-2 depth and parent,
2670,GM,Lower River,GM-L,changed,"{""level"": 2}","{""level"": 1}",iso,ISO 3166-2 depth and parent,
2671,GM,North Bank,GM-N,changed,"{""level"": 2}","{""level"": 1}",iso,ISO 3166-2 depth and parent,
5384,GP,Basse-Terre,GP-01,held,"{""level"": null, ""parent_id"": null}",,held_unverified,No current official national source establishing this row's hierarchy was verified; absent from the supplied ISO mirror. Retain existing level and parent; code/identity review is outside this round.,https://github.com/dr5hn/countries-states-cities-database/blob/85fb8848193db488eb7156d5b7c4d70f395a1c9f/.github/fixes-docs/FIX_1643_SUMMARY.md
5385,GP,Pointe-à-Pitre,GP-02,held,"{""level"": null, ""parent_id"": null}",,held_unverified,No current official national source establishing this row's hierarchy was verified; absent from the supplied ISO mirror. Retain existing level and parent; code/identity review is outside this round.,https://github.com/dr5hn/countries-states-cities-database/blob/85fb8848193db488eb7156d5b7c4d70f395a1c9f/.github/fixes-docs/FIX_1643_SUMMARY.md
3438,GQ,Río Muni,GQ-C,held,"{""level"": null, ""parent_id"": null}",,held_conflict,Prior ISO audit explicitly left the geographic-region hierarchy unresolved. No operative national provision establishing the two ISO regions as administrative parents was verified in this session; hold rather than force province depth 2.,https://github.com/dr5hn/countries-states-cities-database/blob/85fb8848193db488eb7156d5b7c4d70f395a1c9f/ADMINISTRATIVE_STRUCTURE.md
3439,GQ,Kié-Ntem,GQ-KN,held,"{""level"": null, ""parent_id"": null}",,held_conflict,Prior ISO audit explicitly left the geographic-region hierarchy unresolved. No operative national provision establishing the two ISO regions as administrative parents was verified in this session; hold rather than force province depth 2.,https://github.com/dr5hn/countries-states-cities-database/blob/85fb8848193db488eb7156d5b7c4d70f395a1c9f/ADMINISTRATIVE_STRUCTURE.md
3440,GQ,Wele-Nzas,GQ-WN,held,"{""level"": null, ""parent_id"": null}",,held_conflict,Prior ISO audit explicitly left the geographic-region hierarchy unresolved. No operative national provision establishing the two ISO regions as administrative parents was verified in this session; hold rather than force province depth 2.,https://github.com/dr5hn/countries-states-cities-database/blob/85fb8848193db488eb7156d5b7c4d70f395a1c9f/ADMINISTRATIVE_STRUCTURE.md
3441,GQ,Litoral,GQ-LI,held,"{""level"": null, ""parent_id"": null}",,held_conflict,Prior ISO audit explicitly left the geographic-region hierarchy unresolved. No operative national provision establishing the two ISO regions as administrative parents was verified in this session; hold rather than force province depth 2.,https://github.com/dr5hn/countries-states-cities-database/blob/85fb8848193db488eb7156d5b7c4d70f395a1c9f/ADMINISTRATIVE_STRUCTURE.md
3442,GQ,Insular,GQ-I,held,"{""level"": null, ""parent_id"": null}",,held_conflict,Prior ISO audit explicitly left the geographic-region hierarchy unresolved. No operative national provision establishing the two ISO regions as administrative parents was verified in this session; hold rather than force province depth 2.,https://github.com/dr5hn/countries-states-cities-database/blob/85fb8848193db488eb7156d5b7c4d70f395a1c9f/ADMINISTRATIVE_STRUCTURE.md
3443,GQ,Bioko Sur,GQ-BS,held,"{""level"": null, ""parent_id"": null}",,held_conflict,Prior ISO audit explicitly left the geographic-region hierarchy unresolved. No operative national provision establishing the two ISO regions as administrative parents was verified in this session; hold rather than force province depth 2.,https://github.com/dr5hn/countries-states-cities-database/blob/85fb8848193db488eb7156d5b7c4d70f395a1c9f/ADMINISTRATIVE_STRUCTURE.md
3444,GQ,Annobón,GQ-AN,held,"{""level"": null, ""parent_id"": null}",,held_conflict,Prior ISO audit explicitly left the geographic-region hierarchy unresolved. No operative national provision establishing the two ISO regions as administrative parents was verified in this session; hold rather than force province depth 2.,https://github.com/dr5hn/countries-states-cities-database/blob/85fb8848193db488eb7156d5b7c4d70f395a1c9f/ADMINISTRATIVE_STRUCTURE.md
3445,GQ,Centro Sur,GQ-CS,held,"{""level"": null, ""parent_id"": null}",,held_conflict,Prior ISO audit explicitly left the geographic-region hierarchy unresolved. No operative national provision establishing the two ISO regions as administrative parents was verified in this session; hold rather than force province depth 2.,https://github.com/dr5hn/countries-states-cities-database/blob/85fb8848193db488eb7156d5b7c4d70f395a1c9f/ADMINISTRATIVE_STRUCTURE.md
3446,GQ,Bioko Norte,GQ-BN,held,"{""level"": null, ""parent_id"": null}",,held_conflict,Prior ISO audit explicitly left the geographic-region hierarchy unresolved. No operative national provision establishing the two ISO regions as administrative parents was verified in this session; hold rather than force province depth 2.,https://github.com/dr5hn/countries-states-cities-database/blob/85fb8848193db488eb7156d5b7c4d70f395a1c9f/ADMINISTRATIVE_STRUCTURE.md
5551,GQ,Djibloho,GQ-DJ,held,"{""level"": null, ""parent_id"": null}",,held_conflict,Prior ISO audit explicitly left the geographic-region hierarchy unresolved. No operative national provision establishing the two ISO regions as administrative parents was verified in this session; hold rather than force province depth 2.,https://github.com/dr5hn/countries-states-cities-database/blob/85fb8848193db488eb7156d5b7c4d70f395a1c9f/ADMINISTRATIVE_STRUCTURE.md
2116,GR,Achaea,,held,"{""level"": 2, ""parent_id"": 2096}",,held_unverified,No current official national source establishing this row's hierarchy was verified; absent from the supplied ISO mirror. Retain existing level and parent; code/identity review is outside this round.,https://github.com/dr5hn/countries-states-cities-database/blob/85fb8848193db488eb7156d5b7c4d70f395a1c9f/.github/fixes-docs/FIX_1643_SUMMARY.md
2120,GR,East Attica,GR-A2,held,"{""level"": 2, ""parent_id"": 2122}",,held_unverified,No current official national source establishing this row's hierarchy was verified; absent from the supplied ISO mirror. Retain existing level and parent; code/identity review is outside this round.,https://github.com/dr5hn/countries-states-cities-database/blob/85fb8848193db488eb7156d5b7c4d70f395a1c9f/.github/fixes-docs/FIX_1643_SUMMARY.md
3657,GT,Quiché ,GT-14,changed,"{""level"": null}","{""level"": 1}",iso,ISO 3166-2 depth and parent,
3658,GT,Jalapa ,GT-21,changed,"{""level"": null}","{""level"": 1}",iso,ISO 3166-2 depth and parent,
3659,GT,Izabal ,GT-18,changed,"{""level"": null}","{""level"": 1}",iso,ISO 3166-2 depth and parent,
3660,GT,Suchitepéquez ,GT-10,changed,"{""level"": null}","{""level"": 1}",iso,ISO 3166-2 depth and parent,
3661,GT,Sololá ,GT-07,changed,"{""level"": null}","{""level"": 1}",iso,ISO 3166-2 depth and parent,
3662,GT,El Progreso ,GT-02,changed,"{""level"": null}","{""level"": 1}",iso,ISO 3166-2 depth and parent,
3663,GT,Totonicapán ,GT-08,changed,"{""level"": null}","{""level"": 1}",iso,ISO 3166-2 depth and parent,
3664,GT,Retalhuleu ,GT-11,changed,"{""level"": null}","{""level"": 1}",iso,ISO 3166-2 depth and parent,
3665,GT,Santa Rosa ,GT-06,changed,"{""level"": null}","{""level"": 1}",iso,ISO 3166-2 depth and parent,
3666,GT,Chiquimula ,GT-20,changed,"{""level"": null}","{""level"": 1}",iso,ISO 3166-2 depth and parent,
3667,GT,San Marcos ,GT-12,changed,"{""level"": null}","{""level"": 1}",iso,ISO 3166-2 depth and parent,
3668,GT,Quetzaltenango ,GT-09,changed,"{""level"": null}","{""level"": 1}",iso,ISO 3166-2 depth and parent,
3669,GT,Petén ,GT-17,changed,"{""level"": null}","{""level"": 1}",iso,ISO 3166-2 depth and parent,
3670,GT,Huehuetenango ,GT-13,changed,"{""level"": null}","{""level"": 1}",iso,ISO 3166-2 depth and parent,
3671,GT,Alta Verapaz ,GT-16,changed,"{""level"": null}","{""level"": 1}",iso,ISO 3166-2 depth and parent,
3672,GT,Guatemala ,GT-01,changed,"{""level"": null}","{""level"": 1}",iso,ISO 3166-2 depth and parent,
3673,GT,Jutiapa ,GT-22,changed,"{""level"": null}","{""level"": 1}",iso,ISO 3166-2 depth and parent,
3674,GT,Baja Verapaz ,GT-15,changed,"{""level"": null}","{""level"": 1}",iso,ISO 3166-2 depth and parent,
3675,GT,Chimaltenango ,GT-04,changed,"{""level"": null}","{""level"": 1}",iso,ISO 3166-2 depth and parent,
3676,GT,Sacatepéquez ,GT-03,changed,"{""level"": null}","{""level"": 1}",iso,ISO 3166-2 depth and parent,
3677,GT,Escuintla ,GT-05,changed,"{""level"": null}","{""level"": 1}",iso,ISO 3166-2 depth and parent,
5239,GT,Zacapa,GT-19,changed,"{""level"": 2}","{""level"": 1}",iso,ISO 3166-2 depth and parent,
5254,GU,Agana Heights,GU-01,held,"{""level"": 4, ""parent_id"": null}",,held_unverified,No current official national source establishing this row's hierarchy was verified; absent from the supplied ISO mirror. Retain existing level and parent; code/identity review is outside this round.,https://github.com/dr5hn/countries-states-cities-database/blob/85fb8848193db488eb7156d5b7c4d70f395a1c9f/.github/fixes-docs/FIX_1643_SUMMARY.md
5255,GU,Asan-Maina,GU-02,held,"{""level"": 4, ""parent_id"": null}",,held_unverified,No current official national source establishing this row's hierarchy was verified; absent from the supplied ISO mirror. Retain existing level and parent; code/identity review is outside this round.,https://github.com/dr5hn/countries-states-cities-database/blob/85fb8848193db488eb7156d5b7c4d70f395a1c9f/.github/fixes-docs/FIX_1643_SUMMARY.md
5256,GU,Barrigada,GU-03,held,"{""level"": 4, ""parent_id"": null}",,held_unverified,No current official national source establishing this row's hierarchy was verified; absent from the supplied ISO mirror. Retain existing level and parent; code/identity review is outside this round.,https://github.com/dr5hn/countries-states-cities-database/blob/85fb8848193db488eb7156d5b7c4d70f395a1c9f/.github/fixes-docs/FIX_1643_SUMMARY.md
5257,GU,Chalan Pago-Ordot,GU-04,held,"{""level"": 4, ""parent_id"": null}",,held_unverified,No current official national source establishing this row's hierarchy was verified; absent from the supplied ISO mirror. Retain existing level and parent; code/identity review is outside this round.,https://github.com/dr5hn/countries-states-cities-database/blob/85fb8848193db488eb7156d5b7c4d70f395a1c9f/.github/fixes-docs/FIX_1643_SUMMARY.md
5258,GU,Dededo,GU-05,held,"{""level"": 4, ""parent_id"": null}",,held_unverified,No current official national source establishing this row's hierarchy was verified; absent from the supplied ISO mirror. Retain existing level and parent; code/identity review is outside this round.,https://github.com/dr5hn/countries-states-cities-database/blob/85fb8848193db488eb7156d5b7c4d70f395a1c9f/.github/fixes-docs/FIX_1643_SUMMARY.md
5259,GU,Hågat,GU-06,held,"{""level"": 4, ""parent_id"": null}",,held_unverified,No current official national source establishing this row's hierarchy was verified; absent from the supplied ISO mirror. Retain existing level and parent; code/identity review is outside this round.,https://github.com/dr5hn/countries-states-cities-database/blob/85fb8848193db488eb7156d5b7c4d70f395a1c9f/.github/fixes-docs/FIX_1643_SUMMARY.md
5260,GU,Umatac (Humåtak),GU-07,held,"{""level"": 4, ""parent_id"": null}",,held_unverified,No current official national source establishing this row's hierarchy was verified; absent from the supplied ISO mirror. Retain existing level and parent; code/identity review is outside this round.,https://github.com/dr5hn/countries-states-cities-database/blob/85fb8848193db488eb7156d5b7c4d70f395a1c9f/.github/fixes-docs/FIX_1643_SUMMARY.md
5261,GU,Inarajan (Inalåhan),GU-08,held,"{""level"": 4, ""parent_id"": null}",,held_unverified,No current official national source establishing this row's hierarchy was verified; absent from the supplied ISO mirror. Retain existing level and parent; code/identity review is outside this round.,https://github.com/dr5hn/countries-states-cities-database/blob/85fb8848193db488eb7156d5b7c4d70f395a1c9f/.github/fixes-docs/FIX_1643_SUMMARY.md
5262,GU,Merizo (Malesso),GU-09,held,"{""level"": 4, ""parent_id"": null}",,held_unverified,No current official national source establishing this row's hierarchy was verified; absent from the supplied ISO mirror. Retain existing level and parent; code/identity review is outside this round.,https://github.com/dr5hn/countries-states-cities-database/blob/85fb8848193db488eb7156d5b7c4d70f395a1c9f/.github/fixes-docs/FIX_1643_SUMMARY.md
5263,GU,Mangilao,GU-10,held,"{""level"": 4, ""parent_id"": null}",,held_unverified,No current official national source establishing this row's hierarchy was verified; absent from the supplied ISO mirror. Retain existing level and parent; code/identity review is outside this round.,https://github.com/dr5hn/countries-states-cities-database/blob/85fb8848193db488eb7156d5b7c4d70f395a1c9f/.github/fixes-docs/FIX_1643_SUMMARY.md
5264,GU,Mongmong-Toto-Maite,GU-11,held,"{""level"": 4, ""parent_id"": null}",,held_unverified,No current official national source establishing this row's hierarchy was verified; absent from the supplied ISO mirror. Retain existing level and parent; code/identity review is outside this round.,https://github.com/dr5hn/countries-states-cities-database/blob/85fb8848193db488eb7156d5b7c4d70f395a1c9f/.github/fixes-docs/FIX_1643_SUMMARY.md
5265,GU,Hagåtña,GU-12,held,"{""level"": 4, ""parent_id"": null}",,held_unverified,No current official national source establishing this row's hierarchy was verified; absent from the supplied ISO mirror. Retain existing level and parent; code/identity review is outside this round.,https://github.com/dr5hn/countries-states-cities-database/blob/85fb8848193db488eb7156d5b7c4d70f395a1c9f/.github/fixes-docs/FIX_1643_SUMMARY.md
5266,GU,Piti,GU-13,held,"{""level"": 4, ""parent_id"": null}",,held_unverified,No current official national source establishing this row's hierarchy was verified; absent from the supplied ISO mirror. Retain existing level and parent; code/identity review is outside this round.,https://github.com/dr5hn/countries-states-cities-database/blob/85fb8848193db488eb7156d5b7c4d70f395a1c9f/.github/fixes-docs/FIX_1643_SUMMARY.md
5267,GU,Santa Rita (Sånta Rita-Sumai),GU-14,held,"{""level"": 4, ""parent_id"": null}",,held_unverified,No current official national source establishing this row's hierarchy was verified; absent from the supplied ISO mirror. Retain existing level and parent; code/identity review is outside this round.,https://github.com/dr5hn/countries-states-cities-database/blob/85fb8848193db488eb7156d5b7c4d70f395a1c9f/.github/fixes-docs/FIX_1643_SUMMARY.md
5268,GU,Sinajana,GU-15,held,"{""level"": 4, ""parent_id"": null}",,held_unverified,No current official national source establishing this row's hierarchy was verified; absent from the supplied ISO mirror. Retain existing level and parent; code/identity review is outside this round.,https://github.com/dr5hn/countries-states-cities-database/blob/85fb8848193db488eb7156d5b7c4d70f395a1c9f/.github/fixes-docs/FIX_1643_SUMMARY.md
5269,GU,Talofofo (Talo'fo'fo),GU-16,held,"{""level"": 4, ""parent_id"": null}",,held_unverified,No current official national source establishing this row's hierarchy was verified; absent from the supplied ISO mirror. Retain existing level and parent; code/identity review is outside this round.,https://github.com/dr5hn/countries-states-cities-database/blob/85fb8848193db488eb7156d5b7c4d70f395a1c9f/.github/fixes-docs/FIX_1643_SUMMARY.md
5270,GU,Tamuning,GU-17,held,"{""level"": 4, ""parent_id"": null}",,held_unverified,No current official national source establishing this row's hierarchy was verified; absent from the supplied ISO mirror. Retain existing level and parent; code/identity review is outside this round.,https://github.com/dr5hn/countries-states-cities-database/blob/85fb8848193db488eb7156d5b7c4d70f395a1c9f/.github/fixes-docs/FIX_1643_SUMMARY.md
5271,GU,Yigo,GU-18,held,"{""level"": 4, ""parent_id"": null}",,held_unverified,No current official national source establishing this row's hierarchy was verified; absent from the supplied ISO mirror. Retain existing level and parent; code/identity review is outside this round.,https://github.com/dr5hn/countries-states-cities-database/blob/85fb8848193db488eb7156d5b7c4d70f395a1c9f/.github/fixes-docs/FIX_1643_SUMMARY.md
5272,GU,Yona,GU-19,held,"{""level"": 4, ""parent_id"": null}",,held_unverified,No current official national source establishing this row's hierarchy was verified; absent from the supplied ISO mirror. Retain existing level and parent; code/identity review is outside this round.,https://github.com/dr5hn/countries-states-cities-database/blob/85fb8848193db488eb7156d5b7c4d70f395a1c9f/.github/fixes-docs/FIX_1643_SUMMARY.md
2760,GY,Cuyuni-Mazaruni,GY-CU,changed,"{""level"": null}","{""level"": 1}",iso,ISO 3166-2 depth and parent,
2761,GY,Potaro-Siparuni,GY-PT,changed,"{""level"": null}","{""level"": 1}",iso,ISO 3166-2 depth and parent,
2762,GY,Mahaica-Berbice,GY-MA,changed,"{""level"": null}","{""level"": 1}",iso,ISO 3166-2 depth and parent,
2763,GY,Upper Demerara-Berbice,GY-UD,changed,"{""level"": null}","{""level"": 1}",iso,ISO 3166-2 depth and parent,
2764,GY,Barima-Waini,GY-BA,changed,"{""level"": null}","{""level"": 1}",iso,ISO 3166-2 depth and parent,
2765,GY,Pomeroon-Supenaam,GY-PM,changed,"{""level"": null}","{""level"": 1}",iso,ISO 3166-2 depth and parent,
2766,GY,East Berbice-Corentyne,GY-EB,changed,"{""level"": null}","{""level"": 1}",iso,ISO 3166-2 depth and parent,
2767,GY,Demerara-Mahaica,GY-DE,changed,"{""level"": null}","{""level"": 1}",iso,ISO 3166-2 depth and parent,
2768,GY,Essequibo Islands-West Demerara,GY-ES,changed,"{""level"": null}","{""level"": 1}",iso,ISO 3166-2 depth and parent,
2769,GY,Upper Takutu-Upper Essequibo,GY-UT,changed,"{""level"": null}","{""level"": 1}",iso,ISO 3166-2 depth and parent,
4883,HK,Yuen Long,HK-NYL,changed,"{""level"": null}","{""level"": 1}",national,"See national_evidence.HK; country-relative target {""level"": 1, ""parent_id"": null}",https://www.had.gov.hk/en/public_services/district_governance/dis_officers.htm
4884,HK,Tsuen Wan,HK-NTW,changed,"{""level"": null}","{""level"": 1}",national,"See national_evidence.HK; country-relative target {""level"": 1, ""parent_id"": null}",https://www.had.gov.hk/en/public_services/district_governance/dis_officers.htm
4885,HK,Tai Po,HK-NTP,changed,"{""level"": null}","{""level"": 1}",national,"See national_evidence.HK; country-relative target {""level"": 1, ""parent_id"": null}",https://www.had.gov.hk/en/public_services/district_governance/dis_officers.htm
4887,HK,Sai Kung,HK-NSK,changed,"{""level"": null}","{""level"": 1}",national,"See national_evidence.HK; country-relative target {""level"": 1, ""parent_id"": null}",https://www.had.gov.hk/en/public_services/district_governance/dis_officers.htm
4888,HK,Islands,HK-NIS,changed,"{""level"": null}","{""level"": 1}",national,"See national_evidence.HK; country-relative target {""level"": 1, ""parent_id"": null}",https://www.had.gov.hk/en/public_services/district_governance/dis_officers.htm
4889,HK,Central and Western,HK-HCW,changed,"{""level"": null}","{""level"": 1}",national,"See national_evidence.HK; country-relative target {""level"": 1, ""parent_id"": null}",https://www.had.gov.hk/en/public_services/district_governance/dis_officers.htm
4890,HK,Wan Chai,HK-HWC,changed,"{""level"": null}","{""level"": 1}",national,"See national_evidence.HK; country-relative target {""level"": 1, ""parent_id"": null}",https://www.had.gov.hk/en/public_services/district_governance/dis_officers.htm
4891,HK,Eastern,HK-HEA,changed,"{""level"": null}","{""level"": 1}",national,"See national_evidence.HK; country-relative target {""level"": 1, ""parent_id"": null}",https://www.had.gov.hk/en/public_services/district_governance/dis_officers.htm
4892,HK,Southern,HK-HSO,changed,"{""level"": null}","{""level"": 1}",national,"See national_evidence.HK; country-relative target {""level"": 1, ""parent_id"": null}",https://www.had.gov.hk/en/public_services/district_governance/dis_officers.htm
4893,HK,Yau Tsim Mong,HK-KYT,changed,"{""level"": null}","{""level"": 1}",national,"See national_evidence.HK; country-relative target {""level"": 1, ""parent_id"": null}",https://www.had.gov.hk/en/public_services/district_governance/dis_officers.htm
4894,HK,Sham Shui Po,HK-KSS,changed,"{""level"": null}","{""level"": 1}",national,"See national_evidence.HK; country-relative target {""level"": 1, ""parent_id"": null}",https://www.had.gov.hk/en/public_services/district_governance/dis_officers.htm
4895,HK,Kowloon City,HK-KKC,changed,"{""level"": null}","{""level"": 1}",national,"See national_evidence.HK; country-relative target {""level"": 1, ""parent_id"": null}",https://www.had.gov.hk/en/public_services/district_governance/dis_officers.htm
4896,HK,Wong Tai Sin,HK-KWT,changed,"{""level"": null}","{""level"": 1}",national,"See national_evidence.HK; country-relative target {""level"": 1, ""parent_id"": null}",https://www.had.gov.hk/en/public_services/district_governance/dis_officers.htm
4897,HK,Kwun Tong,HK-KKT,changed,"{""level"": null}","{""level"": 1}",national,"See national_evidence.HK; country-relative target {""level"": 1, ""parent_id"": null}",https://www.had.gov.hk/en/public_services/district_governance/dis_officers.htm
4898,HK,Kwai Tsing,HK-NKT,changed,"{""level"": null}","{""level"": 1}",national,"See national_evidence.HK; country-relative target {""level"": 1, ""parent_id"": null}",https://www.had.gov.hk/en/public_services/district_governance/dis_officers.htm
4899,HK,Tuen Mun,HK-NTM,changed,"{""level"": null}","{""level"": 1}",national,"See national_evidence.HK; country-relative target {""level"": 1, ""parent_id"": null}",https://www.had.gov.hk/en/public_services/district_governance/dis_officers.htm
4900,HK,North,HK-NNO,changed,"{""level"": null}","{""level"": 1}",national,"See national_evidence.HK; country-relative target {""level"": 1, ""parent_id"": null}",https://www.had.gov.hk/en/public_services/district_governance/dis_officers.htm
4901,HK,Sha Tin,HK-NST,changed,"{""level"": null}","{""level"": 1}",national,"See national_evidence.HK; country-relative target {""level"": 1, ""parent_id"": null}",https://www.had.gov.hk/en/public_services/district_governance/dis_officers.htm
4041,HN,Choluteca,HN-CH,changed,"{""level"": null}","{""level"": 1}",iso,ISO 3166-2 depth and parent,
4042,HN,Comayagua,HN-CM,changed,"{""level"": null}","{""level"": 1}",iso,ISO 3166-2 depth and parent,
4043,HN,El Paraíso,HN-EP,changed,"{""level"": null}","{""level"": 1}",iso,ISO 3166-2 depth and parent,
4044,HN,Intibucá,HN-IN,changed,"{""level"": null}","{""level"": 1}",iso,ISO 3166-2 depth and parent,
4045,HN,Bay Islands,HN-IB,changed,"{""level"": null}","{""level"": 1}",iso,ISO 3166-2 depth and parent,
4046,HN,Cortés,HN-CR,changed,"{""level"": null}","{""level"": 1}",iso,ISO 3166-2 depth and parent,
4047,HN,Atlántida,HN-AT,changed,"{""level"": null}","{""level"": 1}",iso,ISO 3166-2 depth and parent,
4048,HN,Gracias a Dios,HN-GD,changed,"{""level"": null}","{""level"": 1}",iso,ISO 3166-2 depth and parent,
4049,HN,Copán,HN-CP,changed,"{""level"": null}","{""level"": 1}",iso,ISO 3166-2 depth and parent,
4050,HN,Olancho,HN-OL,changed,"{""level"": null}","{""level"": 1}",iso,ISO 3166-2 depth and parent,
4051,HN,Colón,HN-CL,changed,"{""level"": null}","{""level"": 1}",iso,ISO 3166-2 depth and parent,
4052,HN,Francisco Morazán,HN-FM,changed,"{""level"": null}","{""level"": 1}",iso,ISO 3166-2 depth and parent,
4053,HN,Santa Bárbara,HN-SB,changed,"{""level"": null}","{""level"": 1}",iso,ISO 3166-2 depth and parent,
4054,HN,Lempira,HN-LE,changed,"{""level"": null}","{""level"": 1}",iso,ISO 3166-2 depth and parent,
4055,HN,Valle,HN-VA,changed,"{""level"": null}","{""level"": 1}",iso,ISO 3166-2 depth and parent,
4056,HN,Ocotepeque,HN-OC,changed,"{""level"": null}","{""level"": 1}",iso,ISO 3166-2 depth and parent,
4057,HN,Yoro,HN-YO,changed,"{""level"": null}","{""level"": 1}",iso,ISO 3166-2 depth and parent,
4058,HN,La Paz,HN-LP,changed,"{""level"": null}","{""level"": 1}",iso,ISO 3166-2 depth and parent,
724,HR,Požega-Slavonia,HR-11,changed,"{""level"": null}","{""level"": 1}",iso,ISO 3166-2 depth and parent,
725,HR,Split-Dalmatia,HR-17,changed,"{""level"": null}","{""level"": 1}",iso,ISO 3166-2 depth and parent,
726,HR,Međimurje,HR-20,changed,"{""level"": null}","{""level"": 1}",iso,ISO 3166-2 depth and parent,
727,HR,Zadar,HR-13,changed,"{""level"": null}","{""level"": 1}",iso,ISO 3166-2 depth and parent,
728,HR,Dubrovnik-Neretva,HR-19,changed,"{""level"": null}","{""level"": 1}",iso,ISO 3166-2 depth and parent,
729,HR,Krapina-Zagorje,HR-02,changed,"{""level"": null}","{""level"": 1}",iso,ISO 3166-2 depth and parent,
730,HR,Šibenik-Knin,HR-15,changed,"{""level"": null}","{""level"": 1}",iso,ISO 3166-2 depth and parent,
731,HR,Lika-Senj,HR-09,changed,"{""level"": null}","{""level"": 1}",iso,ISO 3166-2 depth and parent,
732,HR,Virovitica-Podravina,HR-10,changed,"{""level"": null}","{""level"": 1}",iso,ISO 3166-2 depth and parent,
733,HR,Sisak-Moslavina,HR-03,changed,"{""level"": null}","{""level"": 1}",iso,ISO 3166-2 depth and parent,
734,HR,Bjelovar-Bilogora,HR-07,changed,"{""level"": null}","{""level"": 1}",iso,ISO 3166-2 depth and parent,
735,HR,Primorje-Gorski Kotar,HR-08,changed,"{""level"": null}","{""level"": 1}",iso,ISO 3166-2 depth and parent,
736,HR,Zagreb,HR-01,changed,"{""level"": null}","{""level"": 1}",iso,ISO 3166-2 depth and parent,
737,HR,Brod-Posavina,HR-12,changed,"{""level"": null}","{""level"": 1}",iso,ISO 3166-2 depth and parent,
739,HR,Varaždin,HR-05,changed,"{""level"": null}","{""level"": 1}",iso,ISO 3166-2 depth and parent,
740,HR,Osijek-Baranja,HR-14,changed,"{""level"": null}","{""level"": 1}",iso,ISO 3166-2 depth and parent,
741,HR,Vukovar-Syrmia,HR-16,changed,"{""level"": null}","{""level"": 1}",iso,ISO 3166-2 depth and parent,
742,HR,Koprivnica-Križevci,HR-06,changed,"{""level"": null}","{""level"": 1}",iso,ISO 3166-2 depth and parent,
743,HR,Istria,HR-18,changed,"{""level"": null}","{""level"": 1}",iso,ISO 3166-2 depth and parent,
5069,HR,Karlovac,HR-04,changed,"{""level"": 2}","{""level"": 1}",iso,ISO 3166-2 depth and parent,
4117,HT,Nord,HT-ND,changed,"{""level"": null}","{""level"": 1}",iso,ISO 3166-2 depth and parent,
4118,HT,Nippes,HT-NI,changed,"{""level"": null}","{""level"": 1}",iso,ISO 3166-2 depth and parent,
4119,HT,Grand'Anse,HT-GA,changed,"{""level"": null}","{""level"": 1}",iso,ISO 3166-2 depth and parent,
4120,HT,Ouest,HT-OU,changed,"{""level"": null}","{""level"": 1}",iso,ISO 3166-2 depth and parent,
4121,HT,Nord-Est,HT-NE,changed,"{""level"": null}","{""level"": 1}",iso,ISO 3166-2 depth and parent,
4122,HT,Sud,HT-SD,changed,"{""level"": null}","{""level"": 1}",iso,ISO 3166-2 depth and parent,
4123,HT,Artibonite,HT-AR,changed,"{""level"": null}","{""level"": 1}",iso,ISO 3166-2 depth and parent,
4124,HT,Sud-Est,HT-SE,changed,"{""level"": null}","{""level"": 1}",iso,ISO 3166-2 depth and parent,
4125,HT,Centre,HT-CE,changed,"{""level"": null}","{""level"": 1}",iso,ISO 3166-2 depth and parent,
4126,HT,Nord-Ouest,HT-NO,changed,"{""level"": null}","{""level"": 1}",iso,ISO 3166-2 depth and parent,
1027,HU,Hódmezővásárhely,HU-HV,changed,"{""level"": null}","{""level"": 1}",iso,ISO 3166-2 depth and parent,
1028,HU,Érd,HU-ER,changed,"{""level"": null}","{""level"": 1}",iso,ISO 3166-2 depth and parent,
1029,HU,Szeged,HU-SD,changed,"{""level"": null}","{""level"": 1}",iso,ISO 3166-2 depth and parent,
1030,HU,Nagykanizsa,HU-NK,changed,"{""level"": null}","{""level"": 1}",iso,ISO 3166-2 depth and parent,
1031,HU,Csongrád County,HU-CS,changed,"{""level"": null}","{""level"": 1}",iso,ISO 3166-2 depth and parent,
1032,HU,Debrecen,HU-DE,changed,"{""level"": null}","{""level"": 1}",iso,ISO 3166-2 depth and parent,
1033,HU,Székesfehérvár,HU-SF,changed,"{""level"": null}","{""level"": 1}",iso,ISO 3166-2 depth and parent,
1034,HU,Nyíregyháza,HU-NY,changed,"{""level"": null}","{""level"": 1}",iso,ISO 3166-2 depth and parent,
1035,HU,Somogy County,HU-SO,changed,"{""level"": null}","{""level"": 1}",iso,ISO 3166-2 depth and parent,
1036,HU,Békéscsaba,HU-BC,changed,"{""level"": null}","{""level"": 1}",iso,ISO 3166-2 depth and parent,
1037,HU,Eger,HU-EG,changed,"{""level"": null}","{""level"": 1}",iso,ISO 3166-2 depth and parent,
1038,HU,Tolna County,HU-TO,changed,"{""level"": null}","{""level"": 1}",iso,ISO 3166-2 depth and parent,
1039,HU,Vas County,HU-VA,changed,"{""level"": null}","{""level"": 1}",iso,ISO 3166-2 depth and parent,
1040,HU,Heves County,HU-HE,changed,"{""level"": null}","{""level"": 1}",iso,ISO 3166-2 depth and parent,
1041,HU,Győr,HU-GY,changed,"{""level"": null}","{""level"": 1}",iso,ISO 3166-2 depth and parent,
1042,HU,Győr-Moson-Sopron County,HU-GS,changed,"{""level"": null}","{""level"": 1}",iso,ISO 3166-2 depth and parent,
1043,HU,Jász-Nagykun-Szolnok County,HU-JN,changed,"{""level"": null}","{""level"": 1}",iso,ISO 3166-2 depth and parent,
1044,HU,Fejér County,HU-FE,changed,"{""level"": null}","{""level"": 1}",iso,ISO 3166-2 depth and parent,
1045,HU,Szabolcs-Szatmár-Bereg County,HU-SZ,changed,"{""level"": null}","{""level"": 1}",iso,ISO 3166-2 depth and parent,
1046,HU,Zala County,HU-ZA,changed,"{""level"": null}","{""level"": 1}",iso,ISO 3166-2 depth and parent,
1047,HU,Szolnok,HU-SK,changed,"{""level"": null}","{""level"": 1}",iso,ISO 3166-2 depth and parent,
1048,HU,Bács-Kiskun,HU-BK,changed,"{""level"": null}","{""level"": 1}",iso,ISO 3166-2 depth and parent,
1049,HU,Dunaújváros,HU-DU,changed,"{""level"": null}","{""level"": 1}",iso,ISO 3166-2 depth and parent,
1050,HU,Zalaegerszeg,HU-ZE,changed,"{""level"": null}","{""level"": 1}",iso,ISO 3166-2 depth and parent,
1051,HU,Nógrád County,HU-NO,changed,"{""level"": null}","{""level"": 1}",iso,ISO 3166-2 depth and parent,
1052,HU,Szombathely,HU-SH,changed,"{""level"": null}","{""level"": 1}",iso,ISO 3166-2 depth and parent,
1053,HU,Pécs,HU-PS,changed,"{""level"": null}","{""level"": 1}",iso,ISO 3166-2 depth and parent,
1054,HU,Veszprém County,HU-VE,changed,"{""level"": null}","{""level"": 1}",iso,ISO 3166-2 depth and parent,
1055,HU,Baranya,HU-BA,changed,"{""level"": null}","{""level"": 1}",iso,ISO 3166-2 depth and parent,
1056,HU,Kecskemét,HU-KM,changed,"{""level"": null}","{""level"": 1}",iso,ISO 3166-2 depth and parent,
1057,HU,Sopron,HU-SN,changed,"{""level"": null}","{""level"": 1}",iso,ISO 3166-2 depth and parent,
1058,HU,Borsod-Abaúj-Zemplén,HU-BZ,changed,"{""level"": null}","{""level"": 1}",iso,ISO 3166-2 depth and parent,
1059,HU,Pest County,HU-PE,changed,"{""level"": null}","{""level"": 1}",iso,ISO 3166-2 depth and parent,
1060,HU,Békés,HU-BE,changed,"{""level"": null}","{""level"": 1}",iso,ISO 3166-2 depth and parent,
1061,HU,Szekszárd,HU-SS,changed,"{""level"": null}","{""level"": 1}",iso,ISO 3166-2 depth and parent,
1062,HU,Veszprém,HU-VM,changed,"{""level"": null}","{""level"": 1}",iso,ISO 3166-2 depth and parent,
1063,HU,Hajdú-Bihar County,HU-HB,changed,"{""level"": null}","{""level"": 1}",iso,ISO 3166-2 depth and parent,
1064,HU,Budapest,HU-BU,changed,"{""level"": null}","{""level"": 1}",iso,ISO 3166-2 depth and parent,
1065,HU,Miskolc,HU-MI,changed,"{""level"": null}","{""level"": 1}",iso,ISO 3166-2 depth and parent,
1066,HU,Tatabánya,HU-TB,changed,"{""level"": null}","{""level"": 1}",iso,ISO 3166-2 depth and parent,
1067,HU,Kaposvár,HU-KV,changed,"{""level"": null}","{""level"": 1}",iso,ISO 3166-2 depth and parent,
1068,HU,Salgótarján,HU-ST,changed,"{""level"": null}","{""level"": 1}",iso,ISO 3166-2 depth and parent,
5085,HU,Komárom-Esztergom,HU-KE,changed,"{""level"": 2}","{""level"": 1}",iso,ISO 3166-2 depth and parent,
1805,ID,DKI Jakarta,ID-JK,changed,"{""level"": 2}","{""level"": 1}",national,Jakarta is a province (Law 2/2024); ISO island groups are not a tier of government.,https://setkab.go.id/pemerintah-sahkan-undang-undang-daerah-khusus-jakarta/
1792,ID,Sumatera Utara,ID-SU,held,"{""level"": 1, ""parent_id"": null}",,held_conflict,"ISO islands/geographical units are not the province tier of government. Article 2 of Law 23/2014 places provinces directly below the republic and regencies/cities below provinces. Hold geographic groups and their children, including Jakarta; do not manufacture island parents.",https://s.mkri.id/public/content/infoumum/undang/pdf/anotasiRev_201742_2.%20Anotasi%20UU%20No.%2023%20Tahun%202014-Pemda-hyp.pdf https://github.com/dr5hn/countries-states-cities-database/blob/85fb8848193db488eb7156d5b7c4d70f395a1c9f/ADMINISTRATIVE_STRUCTURE.md
1793,ID,Bengkulu,ID-BE,held,"{""level"": 1, ""parent_id"": null}",,held_conflict,"ISO islands/geographical units are not the province tier of government. Article 2 of Law 23/2014 places provinces directly below the republic and regencies/cities below provinces. Hold geographic groups and their children, including Jakarta; do not manufacture island parents.",https://s.mkri.id/public/content/infoumum/undang/pdf/anotasiRev_201742_2.%20Anotasi%20UU%20No.%2023%20Tahun%202014-Pemda-hyp.pdf https://github.com/dr5hn/countries-states-cities-database/blob/85fb8848193db488eb7156d5b7c4d70f395a1c9f/ADMINISTRATIVE_STRUCTURE.md
1794,ID,Kalimantan Tengah,ID-KT,held,"{""level"": 1, ""parent_id"": null}",,held_conflict,"ISO islands/geographical units are not the province tier of government. Article 2 of Law 23/2014 places provinces directly below the republic and regencies/cities below provinces. Hold geographic groups and their children, including Jakarta; do not manufacture island parents.",https://s.mkri.id/public/content/infoumum/undang/pdf/anotasiRev_201742_2.%20Anotasi%20UU%20No.%2023%20Tahun%202014-Pemda-hyp.pdf https://github.com/dr5hn/countries-states-cities-database/blob/85fb8848193db488eb7156d5b7c4d70f395a1c9f/ADMINISTRATIVE_STRUCTURE.md
1795,ID,Sulawesi Selatan,ID-SN,held,"{""level"": 1, ""parent_id"": null}",,held_conflict,"ISO islands/geographical units are not the province tier of government. Article 2 of Law 23/2014 places provinces directly below the republic and regencies/cities below provinces. Hold geographic groups and their children, including Jakarta; do not manufacture island parents.",https://s.mkri.id/public/content/infoumum/undang/pdf/anotasiRev_201742_2.%20Anotasi%20UU%20No.%2023%20Tahun%202014-Pemda-hyp.pdf https://github.com/dr5hn/countries-states-cities-database/blob/85fb8848193db488eb7156d5b7c4d70f395a1c9f/ADMINISTRATIVE_STRUCTURE.md
1796,ID,Sulawesi Tenggara,ID-SG,held,"{""level"": 1, ""parent_id"": null}",,held_conflict,"ISO islands/geographical units are not the province tier of government. Article 2 of Law 23/2014 places provinces directly below the republic and regencies/cities below provinces. Hold geographic groups and their children, including Jakarta; do not manufacture island parents.",https://s.mkri.id/public/content/infoumum/undang/pdf/anotasiRev_201742_2.%20Anotasi%20UU%20No.%2023%20Tahun%202014-Pemda-hyp.pdf https://github.com/dr5hn/countries-states-cities-database/blob/85fb8848193db488eb7156d5b7c4d70f395a1c9f/ADMINISTRATIVE_STRUCTURE.md
1798,ID,Papua,ID-PA,held,"{""level"": 1, ""parent_id"": null}",,held_conflict,"ISO islands/geographical units are not the province tier of government. Article 2 of Law 23/2014 places provinces directly below the republic and regencies/cities below provinces. Hold geographic groups and their children, including Jakarta; do not manufacture island parents.",https://s.mkri.id/public/content/infoumum/undang/pdf/anotasiRev_201742_2.%20Anotasi%20UU%20No.%2023%20Tahun%202014-Pemda-hyp.pdf https://github.com/dr5hn/countries-states-cities-database/blob/85fb8848193db488eb7156d5b7c4d70f395a1c9f/ADMINISTRATIVE_STRUCTURE.md
1799,ID,Papua Barat,ID-PB,held,"{""level"": 1, ""parent_id"": null}",,held_conflict,"ISO islands/geographical units are not the province tier of government. Article 2 of Law 23/2014 places provinces directly below the republic and regencies/cities below provinces. Hold geographic groups and their children, including Jakarta; do not manufacture island parents.",https://s.mkri.id/public/content/infoumum/undang/pdf/anotasiRev_201742_2.%20Anotasi%20UU%20No.%2023%20Tahun%202014-Pemda-hyp.pdf https://github.com/dr5hn/countries-states-cities-database/blob/85fb8848193db488eb7156d5b7c4d70f395a1c9f/ADMINISTRATIVE_STRUCTURE.md
1800,ID,Maluku,ID-MA,held,"{""level"": 1, ""parent_id"": null}",,held_conflict,"ISO islands/geographical units are not the province tier of government. Article 2 of Law 23/2014 places provinces directly below the republic and regencies/cities below provinces. Hold geographic groups and their children, including Jakarta; do not manufacture island parents.",https://s.mkri.id/public/content/infoumum/undang/pdf/anotasiRev_201742_2.%20Anotasi%20UU%20No.%2023%20Tahun%202014-Pemda-hyp.pdf https://github.com/dr5hn/countries-states-cities-database/blob/85fb8848193db488eb7156d5b7c4d70f395a1c9f/ADMINISTRATIVE_STRUCTURE.md
1801,ID,Maluku Utara,ID-MU,held,"{""level"": 1, ""parent_id"": null}",,held_conflict,"ISO islands/geographical units are not the province tier of government. Article 2 of Law 23/2014 places provinces directly below the republic and regencies/cities below provinces. Hold geographic groups and their children, including Jakarta; do not manufacture island parents.",https://s.mkri.id/public/content/infoumum/undang/pdf/anotasiRev_201742_2.%20Anotasi%20UU%20No.%2023%20Tahun%202014-Pemda-hyp.pdf https://github.com/dr5hn/countries-states-cities-database/blob/85fb8848193db488eb7156d5b7c4d70f395a1c9f/ADMINISTRATIVE_STRUCTURE.md
1802,ID,Jawa Tengah,ID-JT,held,"{""level"": 1, ""parent_id"": null}",,held_conflict,"ISO islands/geographical units are not the province tier of government. Article 2 of Law 23/2014 places provinces directly below the republic and regencies/cities below provinces. Hold geographic groups and their children, including Jakarta; do not manufacture island parents.",https://s.mkri.id/public/content/infoumum/undang/pdf/anotasiRev_201742_2.%20Anotasi%20UU%20No.%2023%20Tahun%202014-Pemda-hyp.pdf https://github.com/dr5hn/countries-states-cities-database/blob/85fb8848193db488eb7156d5b7c4d70f395a1c9f/ADMINISTRATIVE_STRUCTURE.md
1804,ID,Kalimantan Timur,ID-KI,held,"{""level"": 1, ""parent_id"": null}",,held_conflict,"ISO islands/geographical units are not the province tier of government. Article 2 of Law 23/2014 places provinces directly below the republic and regencies/cities below provinces. Hold geographic groups and their children, including Jakarta; do not manufacture island parents.",https://s.mkri.id/public/content/infoumum/undang/pdf/anotasiRev_201742_2.%20Anotasi%20UU%20No.%2023%20Tahun%202014-Pemda-hyp.pdf https://github.com/dr5hn/countries-states-cities-database/blob/85fb8848193db488eb7156d5b7c4d70f395a1c9f/ADMINISTRATIVE_STRUCTURE.md
1806,ID,Kalimantan Barat,ID-KB,held,"{""level"": 1, ""parent_id"": null}",,held_conflict,"ISO islands/geographical units are not the province tier of government. Article 2 of Law 23/2014 places provinces directly below the republic and regencies/cities below provinces. Hold geographic groups and their children, including Jakarta; do not manufacture island parents.",https://s.mkri.id/public/content/infoumum/undang/pdf/anotasiRev_201742_2.%20Anotasi%20UU%20No.%2023%20Tahun%202014-Pemda-hyp.pdf https://github.com/dr5hn/countries-states-cities-database/blob/85fb8848193db488eb7156d5b7c4d70f395a1c9f/ADMINISTRATIVE_STRUCTURE.md
1807,ID,Kepulauan Riau,ID-KR,held,"{""level"": 1, ""parent_id"": null}",,held_conflict,"ISO islands/geographical units are not the province tier of government. Article 2 of Law 23/2014 places provinces directly below the republic and regencies/cities below provinces. Hold geographic groups and their children, including Jakarta; do not manufacture island parents.",https://s.mkri.id/public/content/infoumum/undang/pdf/anotasiRev_201742_2.%20Anotasi%20UU%20No.%2023%20Tahun%202014-Pemda-hyp.pdf https://github.com/dr5hn/countries-states-cities-database/blob/85fb8848193db488eb7156d5b7c4d70f395a1c9f/ADMINISTRATIVE_STRUCTURE.md
1808,ID,Sulawesi Utara,ID-SA,held,"{""level"": 1, ""parent_id"": null}",,held_conflict,"ISO islands/geographical units are not the province tier of government. Article 2 of Law 23/2014 places provinces directly below the republic and regencies/cities below provinces. Hold geographic groups and their children, including Jakarta; do not manufacture island parents.",https://s.mkri.id/public/content/infoumum/undang/pdf/anotasiRev_201742_2.%20Anotasi%20UU%20No.%2023%20Tahun%202014-Pemda-hyp.pdf https://github.com/dr5hn/countries-states-cities-database/blob/85fb8848193db488eb7156d5b7c4d70f395a1c9f/ADMINISTRATIVE_STRUCTURE.md
1809,ID,Riau,ID-RI,held,"{""level"": 1, ""parent_id"": null}",,held_conflict,"ISO islands/geographical units are not the province tier of government. Article 2 of Law 23/2014 places provinces directly below the republic and regencies/cities below provinces. Hold geographic groups and their children, including Jakarta; do not manufacture island parents.",https://s.mkri.id/public/content/infoumum/undang/pdf/anotasiRev_201742_2.%20Anotasi%20UU%20No.%2023%20Tahun%202014-Pemda-hyp.pdf https://github.com/dr5hn/countries-states-cities-database/blob/85fb8848193db488eb7156d5b7c4d70f395a1c9f/ADMINISTRATIVE_STRUCTURE.md
1810,ID,Banten,ID-BT,held,"{""level"": 1, ""parent_id"": null}",,held_conflict,"ISO islands/geographical units are not the province tier of government. Article 2 of Law 23/2014 places provinces directly below the republic and regencies/cities below provinces. Hold geographic groups and their children, including Jakarta; do not manufacture island parents.",https://s.mkri.id/public/content/infoumum/undang/pdf/anotasiRev_201742_2.%20Anotasi%20UU%20No.%2023%20Tahun%202014-Pemda-hyp.pdf https://github.com/dr5hn/countries-states-cities-database/blob/85fb8848193db488eb7156d5b7c4d70f395a1c9f/ADMINISTRATIVE_STRUCTURE.md
1811,ID,Lampung,ID-LA,held,"{""level"": 1, ""parent_id"": null}",,held_conflict,"ISO islands/geographical units are not the province tier of government. Article 2 of Law 23/2014 places provinces directly below the republic and regencies/cities below provinces. Hold geographic groups and their children, including Jakarta; do not manufacture island parents.",https://s.mkri.id/public/content/infoumum/undang/pdf/anotasiRev_201742_2.%20Anotasi%20UU%20No.%2023%20Tahun%202014-Pemda-hyp.pdf https://github.com/dr5hn/countries-states-cities-database/blob/85fb8848193db488eb7156d5b7c4d70f395a1c9f/ADMINISTRATIVE_STRUCTURE.md
1812,ID,Gorontalo,ID-GO,held,"{""level"": 1, ""parent_id"": null}",,held_conflict,"ISO islands/geographical units are not the province tier of government. Article 2 of Law 23/2014 places provinces directly below the republic and regencies/cities below provinces. Hold geographic groups and their children, including Jakarta; do not manufacture island parents.",https://s.mkri.id/public/content/infoumum/undang/pdf/anotasiRev_201742_2.%20Anotasi%20UU%20No.%2023%20Tahun%202014-Pemda-hyp.pdf https://github.com/dr5hn/countries-states-cities-database/blob/85fb8848193db488eb7156d5b7c4d70f395a1c9f/ADMINISTRATIVE_STRUCTURE.md
1813,ID,Sulawesi Tengah,ID-ST,held,"{""level"": 1, ""parent_id"": null}",,held_conflict,"ISO islands/geographical units are not the province tier of government. Article 2 of Law 23/2014 places provinces directly below the republic and regencies/cities below provinces. Hold geographic groups and their children, including Jakarta; do not manufacture island parents.",https://s.mkri.id/public/content/infoumum/undang/pdf/anotasiRev_201742_2.%20Anotasi%20UU%20No.%2023%20Tahun%202014-Pemda-hyp.pdf https://github.com/dr5hn/countries-states-cities-database/blob/85fb8848193db488eb7156d5b7c4d70f395a1c9f/ADMINISTRATIVE_STRUCTURE.md
1814,ID,Nusa Tenggara Barat,ID-NB,held,"{""level"": 1, ""parent_id"": null}",,held_conflict,"ISO islands/geographical units are not the province tier of government. Article 2 of Law 23/2014 places provinces directly below the republic and regencies/cities below provinces. Hold geographic groups and their children, including Jakarta; do not manufacture island parents.",https://s.mkri.id/public/content/infoumum/undang/pdf/anotasiRev_201742_2.%20Anotasi%20UU%20No.%2023%20Tahun%202014-Pemda-hyp.pdf https://github.com/dr5hn/countries-states-cities-database/blob/85fb8848193db488eb7156d5b7c4d70f395a1c9f/ADMINISTRATIVE_STRUCTURE.md
1815,ID,Jambi,ID-JA,held,"{""level"": 1, ""parent_id"": null}",,held_conflict,"ISO islands/geographical units are not the province tier of government. Article 2 of Law 23/2014 places provinces directly below the republic and regencies/cities below provinces. Hold geographic groups and their children, including Jakarta; do not manufacture island parents.",https://s.mkri.id/public/content/infoumum/undang/pdf/anotasiRev_201742_2.%20Anotasi%20UU%20No.%2023%20Tahun%202014-Pemda-hyp.pdf https://github.com/dr5hn/countries-states-cities-database/blob/85fb8848193db488eb7156d5b7c4d70f395a1c9f/ADMINISTRATIVE_STRUCTURE.md
1816,ID,Sumatera Selatan,ID-SS,held,"{""level"": 1, ""parent_id"": null}",,held_conflict,"ISO islands/geographical units are not the province tier of government. Article 2 of Law 23/2014 places provinces directly below the republic and regencies/cities below provinces. Hold geographic groups and their children, including Jakarta; do not manufacture island parents.",https://s.mkri.id/public/content/infoumum/undang/pdf/anotasiRev_201742_2.%20Anotasi%20UU%20No.%2023%20Tahun%202014-Pemda-hyp.pdf https://github.com/dr5hn/countries-states-cities-database/blob/85fb8848193db488eb7156d5b7c4d70f395a1c9f/ADMINISTRATIVE_STRUCTURE.md
1817,ID,Sulawesi Barat,ID-SR,held,"{""level"": 1, ""parent_id"": null}",,held_conflict,"ISO islands/geographical units are not the province tier of government. Article 2 of Law 23/2014 places provinces directly below the republic and regencies/cities below provinces. Hold geographic groups and their children, including Jakarta; do not manufacture island parents.",https://s.mkri.id/public/content/infoumum/undang/pdf/anotasiRev_201742_2.%20Anotasi%20UU%20No.%2023%20Tahun%202014-Pemda-hyp.pdf https://github.com/dr5hn/countries-states-cities-database/blob/85fb8848193db488eb7156d5b7c4d70f395a1c9f/ADMINISTRATIVE_STRUCTURE.md
1818,ID,Nusa Tenggara Timur,ID-NT,held,"{""level"": 1, ""parent_id"": null}",,held_conflict,"ISO islands/geographical units are not the province tier of government. Article 2 of Law 23/2014 places provinces directly below the republic and regencies/cities below provinces. Hold geographic groups and their children, including Jakarta; do not manufacture island parents.",https://s.mkri.id/public/content/infoumum/undang/pdf/anotasiRev_201742_2.%20Anotasi%20UU%20No.%2023%20Tahun%202014-Pemda-hyp.pdf https://github.com/dr5hn/countries-states-cities-database/blob/85fb8848193db488eb7156d5b7c4d70f395a1c9f/ADMINISTRATIVE_STRUCTURE.md
1819,ID,Kalimantan Selatan,ID-KS,held,"{""level"": 1, ""parent_id"": null}",,held_conflict,"ISO islands/geographical units are not the province tier of government. Article 2 of Law 23/2014 places provinces directly below the republic and regencies/cities below provinces. Hold geographic groups and their children, including Jakarta; do not manufacture island parents.",https://s.mkri.id/public/content/infoumum/undang/pdf/anotasiRev_201742_2.%20Anotasi%20UU%20No.%2023%20Tahun%202014-Pemda-hyp.pdf https://github.com/dr5hn/countries-states-cities-database/blob/85fb8848193db488eb7156d5b7c4d70f395a1c9f/ADMINISTRATIVE_STRUCTURE.md
1820,ID,Kepulauan Bangka Belitung,ID-BB,held,"{""level"": 1, ""parent_id"": null}",,held_conflict,"ISO islands/geographical units are not the province tier of government. Article 2 of Law 23/2014 places provinces directly below the republic and regencies/cities below provinces. Hold geographic groups and their children, including Jakarta; do not manufacture island parents.",https://s.mkri.id/public/content/infoumum/undang/pdf/anotasiRev_201742_2.%20Anotasi%20UU%20No.%2023%20Tahun%202014-Pemda-hyp.pdf https://github.com/dr5hn/countries-states-cities-database/blob/85fb8848193db488eb7156d5b7c4d70f395a1c9f/ADMINISTRATIVE_STRUCTURE.md
1822,ID,Aceh,ID-AC,held,"{""level"": 1, ""parent_id"": null}",,held_conflict,"ISO islands/geographical units are not the province tier of government. Article 2 of Law 23/2014 places provinces directly below the republic and regencies/cities below provinces. Hold geographic groups and their children, including Jakarta; do not manufacture island parents.",https://s.mkri.id/public/content/infoumum/undang/pdf/anotasiRev_201742_2.%20Anotasi%20UU%20No.%2023%20Tahun%202014-Pemda-hyp.pdf https://github.com/dr5hn/countries-states-cities-database/blob/85fb8848193db488eb7156d5b7c4d70f395a1c9f/ADMINISTRATIVE_STRUCTURE.md
1824,ID,Kalimantan Utara,ID-KU,held,"{""level"": 1, ""parent_id"": null}",,held_conflict,"ISO islands/geographical units are not the province tier of government. Article 2 of Law 23/2014 places provinces directly below the republic and regencies/cities below provinces. Hold geographic groups and their children, including Jakarta; do not manufacture island parents.",https://s.mkri.id/public/content/infoumum/undang/pdf/anotasiRev_201742_2.%20Anotasi%20UU%20No.%2023%20Tahun%202014-Pemda-hyp.pdf https://github.com/dr5hn/countries-states-cities-database/blob/85fb8848193db488eb7156d5b7c4d70f395a1c9f/ADMINISTRATIVE_STRUCTURE.md
1825,ID,Jawa Barat,ID-JB,held,"{""level"": 1, ""parent_id"": null}",,held_conflict,"ISO islands/geographical units are not the province tier of government. Article 2 of Law 23/2014 places provinces directly below the republic and regencies/cities below provinces. Hold geographic groups and their children, including Jakarta; do not manufacture island parents.",https://s.mkri.id/public/content/infoumum/undang/pdf/anotasiRev_201742_2.%20Anotasi%20UU%20No.%2023%20Tahun%202014-Pemda-hyp.pdf https://github.com/dr5hn/countries-states-cities-database/blob/85fb8848193db488eb7156d5b7c4d70f395a1c9f/ADMINISTRATIVE_STRUCTURE.md
1826,ID,Bali,ID-BA,held,"{""level"": 1, ""parent_id"": null}",,held_conflict,"ISO islands/geographical units are not the province tier of government. Article 2 of Law 23/2014 places provinces directly below the republic and regencies/cities below provinces. Hold geographic groups and their children, including Jakarta; do not manufacture island parents.",https://s.mkri.id/public/content/infoumum/undang/pdf/anotasiRev_201742_2.%20Anotasi%20UU%20No.%2023%20Tahun%202014-Pemda-hyp.pdf https://github.com/dr5hn/countries-states-cities-database/blob/85fb8848193db488eb7156d5b7c4d70f395a1c9f/ADMINISTRATIVE_STRUCTURE.md
1827,ID,Jawa Timur,ID-JI,held,"{""level"": 1, ""parent_id"": null}",,held_conflict,"ISO islands/geographical units are not the province tier of government. Article 2 of Law 23/2014 places provinces directly below the republic and regencies/cities below provinces. Hold geographic groups and their children, including Jakarta; do not manufacture island parents.",https://s.mkri.id/public/content/infoumum/undang/pdf/anotasiRev_201742_2.%20Anotasi%20UU%20No.%2023%20Tahun%202014-Pemda-hyp.pdf https://github.com/dr5hn/countries-states-cities-database/blob/85fb8848193db488eb7156d5b7c4d70f395a1c9f/ADMINISTRATIVE_STRUCTURE.md
1828,ID,Sumatera Barat,ID-SB,held,"{""level"": 1, ""parent_id"": null}",,held_conflict,"ISO islands/geographical units are not the province tier of government. Article 2 of Law 23/2014 places provinces directly below the republic and regencies/cities below provinces. Hold geographic groups and their children, including Jakarta; do not manufacture island parents.",https://s.mkri.id/public/content/infoumum/undang/pdf/anotasiRev_201742_2.%20Anotasi%20UU%20No.%2023%20Tahun%202014-Pemda-hyp.pdf https://github.com/dr5hn/countries-states-cities-database/blob/85fb8848193db488eb7156d5b7c4d70f395a1c9f/ADMINISTRATIVE_STRUCTURE.md
1829,ID,DI Yogyakarta,ID-YO,held,"{""level"": 1, ""parent_id"": null}",,held_conflict,"ISO islands/geographical units are not the province tier of government. Article 2 of Law 23/2014 places provinces directly below the republic and regencies/cities below provinces. Hold geographic groups and their children, including Jakarta; do not manufacture island parents.",https://s.mkri.id/public/content/infoumum/undang/pdf/anotasiRev_201742_2.%20Anotasi%20UU%20No.%2023%20Tahun%202014-Pemda-hyp.pdf https://github.com/dr5hn/countries-states-cities-database/blob/85fb8848193db488eb7156d5b7c4d70f395a1c9f/ADMINISTRATIVE_STRUCTURE.md
5235,ID,Papua Tengah,ID-PT,held,"{""level"": 1, ""parent_id"": null}",,held_conflict,"ISO islands/geographical units are not the province tier of government. Article 2 of Law 23/2014 places provinces directly below the republic and regencies/cities below provinces. Hold geographic groups and their children, including Jakarta; do not manufacture island parents.",https://s.mkri.id/public/content/infoumum/undang/pdf/anotasiRev_201742_2.%20Anotasi%20UU%20No.%2023%20Tahun%202014-Pemda-hyp.pdf https://github.com/dr5hn/countries-states-cities-database/blob/85fb8848193db488eb7156d5b7c4d70f395a1c9f/ADMINISTRATIVE_STRUCTURE.md
5236,ID,Papua Pegunungan,ID-PE,held,"{""level"": 1, ""parent_id"": null}",,held_conflict,"ISO islands/geographical units are not the province tier of government. Article 2 of Law 23/2014 places provinces directly below the republic and regencies/cities below provinces. Hold geographic groups and their children, including Jakarta; do not manufacture island parents.",https://s.mkri.id/public/content/infoumum/undang/pdf/anotasiRev_201742_2.%20Anotasi%20UU%20No.%2023%20Tahun%202014-Pemda-hyp.pdf https://github.com/dr5hn/countries-states-cities-database/blob/85fb8848193db488eb7156d5b7c4d70f395a1c9f/ADMINISTRATIVE_STRUCTURE.md
5237,ID,Papua Selatan,ID-PS,held,"{""level"": 1, ""parent_id"": null}",,held_conflict,"ISO islands/geographical units are not the province tier of government. Article 2 of Law 23/2014 places provinces directly below the republic and regencies/cities below provinces. Hold geographic groups and their children, including Jakarta; do not manufacture island parents.",https://s.mkri.id/public/content/infoumum/undang/pdf/anotasiRev_201742_2.%20Anotasi%20UU%20No.%2023%20Tahun%202014-Pemda-hyp.pdf https://github.com/dr5hn/countries-states-cities-database/blob/85fb8848193db488eb7156d5b7c4d70f395a1c9f/ADMINISTRATIVE_STRUCTURE.md
5238,ID,Papua Barat Daya,ID-PD,held,"{""level"": 1, ""parent_id"": null}",,held_conflict,"ISO islands/geographical units are not the province tier of government. Article 2 of Law 23/2014 places provinces directly below the republic and regencies/cities below provinces. Hold geographic groups and their children, including Jakarta; do not manufacture island parents.",https://s.mkri.id/public/content/infoumum/undang/pdf/anotasiRev_201742_2.%20Anotasi%20UU%20No.%2023%20Tahun%202014-Pemda-hyp.pdf https://github.com/dr5hn/countries-states-cities-database/blob/85fb8848193db488eb7156d5b7c4d70f395a1c9f/ADMINISTRATIVE_STRUCTURE.md
5618,ID,Jawa,ID-JW,held,"{""level"": null, ""parent_id"": null}",,held_conflict,"ISO islands/geographical units are not the province tier of government. Article 2 of Law 23/2014 places provinces directly below the republic and regencies/cities below provinces. Hold geographic groups and their children, including Jakarta; do not manufacture island parents.",https://s.mkri.id/public/content/infoumum/undang/pdf/anotasiRev_201742_2.%20Anotasi%20UU%20No.%2023%20Tahun%202014-Pemda-hyp.pdf https://github.com/dr5hn/countries-states-cities-database/blob/85fb8848193db488eb7156d5b7c4d70f395a1c9f/ADMINISTRATIVE_STRUCTURE.md
5619,ID,Kalimantan,ID-KA,held,"{""level"": null, ""parent_id"": null}",,held_conflict,"ISO islands/geographical units are not the province tier of government. Article 2 of Law 23/2014 places provinces directly below the republic and regencies/cities below provinces. Hold geographic groups and their children, including Jakarta; do not manufacture island parents.",https://s.mkri.id/public/content/infoumum/undang/pdf/anotasiRev_201742_2.%20Anotasi%20UU%20No.%2023%20Tahun%202014-Pemda-hyp.pdf https://github.com/dr5hn/countries-states-cities-database/blob/85fb8848193db488eb7156d5b7c4d70f395a1c9f/ADMINISTRATIVE_STRUCTURE.md
5620,ID,Maluku,ID-ML,held,"{""level"": null, ""parent_id"": null}",,held_conflict,"ISO islands/geographical units are not the province tier of government. Article 2 of Law 23/2014 places provinces directly below the republic and regencies/cities below provinces. Hold geographic groups and their children, including Jakarta; do not manufacture island parents.",https://s.mkri.id/public/content/infoumum/undang/pdf/anotasiRev_201742_2.%20Anotasi%20UU%20No.%2023%20Tahun%202014-Pemda-hyp.pdf https://github.com/dr5hn/countries-states-cities-database/blob/85fb8848193db488eb7156d5b7c4d70f395a1c9f/ADMINISTRATIVE_STRUCTURE.md
5621,ID,Nusa Tenggara,ID-NU,held,"{""level"": null, ""parent_id"": null}",,held_conflict,"ISO islands/geographical units are not the province tier of government. Article 2 of Law 23/2014 places provinces directly below the republic and regencies/cities below provinces. Hold geographic groups and their children, including Jakarta; do not manufacture island parents.",https://s.mkri.id/public/content/infoumum/undang/pdf/anotasiRev_201742_2.%20Anotasi%20UU%20No.%2023%20Tahun%202014-Pemda-hyp.pdf https://github.com/dr5hn/countries-states-cities-database/blob/85fb8848193db488eb7156d5b7c4d70f395a1c9f/ADMINISTRATIVE_STRUCTURE.md
5622,ID,Papua,ID-PP,held,"{""level"": null, ""parent_id"": null}",,held_conflict,"ISO islands/geographical units are not the province tier of government. Article 2 of Law 23/2014 places provinces directly below the republic and regencies/cities below provinces. Hold geographic groups and their children, including Jakarta; do not manufacture island parents.",https://s.mkri.id/public/content/infoumum/undang/pdf/anotasiRev_201742_2.%20Anotasi%20UU%20No.%2023%20Tahun%202014-Pemda-hyp.pdf https://github.com/dr5hn/countries-states-cities-database/blob/85fb8848193db488eb7156d5b7c4d70f395a1c9f/ADMINISTRATIVE_STRUCTURE.md
5623,ID,Sulawesi,ID-SL,held,"{""level"": null, ""parent_id"": null}",,held_conflict,"ISO islands/geographical units are not the province tier of government. Article 2 of Law 23/2014 places provinces directly below the republic and regencies/cities below provinces. Hold geographic groups and their children, including Jakarta; do not manufacture island parents.",https://s.mkri.id/public/content/infoumum/undang/pdf/anotasiRev_201742_2.%20Anotasi%20UU%20No.%2023%20Tahun%202014-Pemda-hyp.pdf https://github.com/dr5hn/countries-states-cities-database/blob/85fb8848193db488eb7156d5b7c4d70f395a1c9f/ADMINISTRATIVE_STRUCTURE.md
5624,ID,Sumatera,ID-SM,held,"{""level"": null, ""parent_id"": null}",,held_conflict,"ISO islands/geographical units are not the province tier of government. Article 2 of Law 23/2014 places provinces directly below the republic and regencies/cities below provinces. Hold geographic groups and their children, including Jakarta; do not manufacture island parents.",https://s.mkri.id/public/content/infoumum/undang/pdf/anotasiRev_201742_2.%20Anotasi%20UU%20No.%2023%20Tahun%202014-Pemda-hyp.pdf https://github.com/dr5hn/countries-states-cities-database/blob/85fb8848193db488eb7156d5b7c4d70f395a1c9f/ADMINISTRATIVE_STRUCTURE.md
1069,IE,Tipperary,IE-TA,held,"{""level"": 1, ""parent_id"": 1080}",,held_conflict,"Current government list has county/city local authorities rather than province governments. ISO historical provinces are not proven direct statutory administrative parents; preserve county level 1 and hold province/depth convention, including historical Dublin/Tipperary scope.",https://www.gov.ie/en/department-of-rural-and-community-development-and-the-gaeltacht/publications/local-authorities/ https://github.com/dr5hn/countries-states-cities-database/blob/85fb8848193db488eb7156d5b7c4d70f395a1c9f/ADMINISTRATIVE_STRUCTURE.md
1070,IE,Sligo,IE-SO,held,"{""level"": 1, ""parent_id"": 1087}",,held_conflict,"Current government list has county/city local authorities rather than province governments. ISO historical provinces are not proven direct statutory administrative parents; preserve county level 1 and hold province/depth convention, including historical Dublin/Tipperary scope.",https://www.gov.ie/en/department-of-rural-and-community-development-and-the-gaeltacht/publications/local-authorities/ https://github.com/dr5hn/countries-states-cities-database/blob/85fb8848193db488eb7156d5b7c4d70f395a1c9f/ADMINISTRATIVE_STRUCTURE.md
1071,IE,Donegal,IE-DL,held,"{""level"": 1, ""parent_id"": 1086}",,held_conflict,"Current government list has county/city local authorities rather than province governments. ISO historical provinces are not proven direct statutory administrative parents; preserve county level 1 and hold province/depth convention, including historical Dublin/Tipperary scope.",https://www.gov.ie/en/department-of-rural-and-community-development-and-the-gaeltacht/publications/local-authorities/ https://github.com/dr5hn/countries-states-cities-database/blob/85fb8848193db488eb7156d5b7c4d70f395a1c9f/ADMINISTRATIVE_STRUCTURE.md
1072,IE,Dublin,IE-D,held,"{""level"": 1, ""parent_id"": 1073}",,held_conflict,"Current government list has county/city local authorities rather than province governments. ISO historical provinces are not proven direct statutory administrative parents; preserve county level 1 and hold province/depth convention, including historical Dublin/Tipperary scope.",https://www.gov.ie/en/department-of-rural-and-community-development-and-the-gaeltacht/publications/local-authorities/ https://github.com/dr5hn/countries-states-cities-database/blob/85fb8848193db488eb7156d5b7c4d70f395a1c9f/ADMINISTRATIVE_STRUCTURE.md
1073,IE,Leinster,IE-L,held,"{""level"": null, ""parent_id"": null}",,held_conflict,"Current government list has county/city local authorities rather than province governments. ISO historical provinces are not proven direct statutory administrative parents; preserve county level 1 and hold province/depth convention, including historical Dublin/Tipperary scope.",https://www.gov.ie/en/department-of-rural-and-community-development-and-the-gaeltacht/publications/local-authorities/ https://github.com/dr5hn/countries-states-cities-database/blob/85fb8848193db488eb7156d5b7c4d70f395a1c9f/ADMINISTRATIVE_STRUCTURE.md
1074,IE,Cork,IE-CO,held,"{""level"": 1, ""parent_id"": 1080}",,held_conflict,"Current government list has county/city local authorities rather than province governments. ISO historical provinces are not proven direct statutory administrative parents; preserve county level 1 and hold province/depth convention, including historical Dublin/Tipperary scope.",https://www.gov.ie/en/department-of-rural-and-community-development-and-the-gaeltacht/publications/local-authorities/ https://github.com/dr5hn/countries-states-cities-database/blob/85fb8848193db488eb7156d5b7c4d70f395a1c9f/ADMINISTRATIVE_STRUCTURE.md
1075,IE,Monaghan,IE-MN,held,"{""level"": 1, ""parent_id"": 1086}",,held_conflict,"Current government list has county/city local authorities rather than province governments. ISO historical provinces are not proven direct statutory administrative parents; preserve county level 1 and hold province/depth convention, including historical Dublin/Tipperary scope.",https://www.gov.ie/en/department-of-rural-and-community-development-and-the-gaeltacht/publications/local-authorities/ https://github.com/dr5hn/countries-states-cities-database/blob/85fb8848193db488eb7156d5b7c4d70f395a1c9f/ADMINISTRATIVE_STRUCTURE.md
1076,IE,Longford,IE-LD,held,"{""level"": 1, ""parent_id"": 1073}",,held_conflict,"Current government list has county/city local authorities rather than province governments. ISO historical provinces are not proven direct statutory administrative parents; preserve county level 1 and hold province/depth convention, including historical Dublin/Tipperary scope.",https://www.gov.ie/en/department-of-rural-and-community-development-and-the-gaeltacht/publications/local-authorities/ https://github.com/dr5hn/countries-states-cities-database/blob/85fb8848193db488eb7156d5b7c4d70f395a1c9f/ADMINISTRATIVE_STRUCTURE.md
1077,IE,Kerry,IE-KY,held,"{""level"": 1, ""parent_id"": 1080}",,held_conflict,"Current government list has county/city local authorities rather than province governments. ISO historical provinces are not proven direct statutory administrative parents; preserve county level 1 and hold province/depth convention, including historical Dublin/Tipperary scope.",https://www.gov.ie/en/department-of-rural-and-community-development-and-the-gaeltacht/publications/local-authorities/ https://github.com/dr5hn/countries-states-cities-database/blob/85fb8848193db488eb7156d5b7c4d70f395a1c9f/ADMINISTRATIVE_STRUCTURE.md
1078,IE,Offaly,IE-OY,held,"{""level"": 1, ""parent_id"": 1073}",,held_conflict,"Current government list has county/city local authorities rather than province governments. ISO historical provinces are not proven direct statutory administrative parents; preserve county level 1 and hold province/depth convention, including historical Dublin/Tipperary scope.",https://www.gov.ie/en/department-of-rural-and-community-development-and-the-gaeltacht/publications/local-authorities/ https://github.com/dr5hn/countries-states-cities-database/blob/85fb8848193db488eb7156d5b7c4d70f395a1c9f/ADMINISTRATIVE_STRUCTURE.md
1079,IE,Galway,IE-G,held,"{""level"": 1, ""parent_id"": 1087}",,held_conflict,"Current government list has county/city local authorities rather than province governments. ISO historical provinces are not proven direct statutory administrative parents; preserve county level 1 and hold province/depth convention, including historical Dublin/Tipperary scope.",https://www.gov.ie/en/department-of-rural-and-community-development-and-the-gaeltacht/publications/local-authorities/ https://github.com/dr5hn/countries-states-cities-database/blob/85fb8848193db488eb7156d5b7c4d70f395a1c9f/ADMINISTRATIVE_STRUCTURE.md
1080,IE,Munster,IE-M,held,"{""level"": null, ""parent_id"": null}",,held_conflict,"Current government list has county/city local authorities rather than province governments. ISO historical provinces are not proven direct statutory administrative parents; preserve county level 1 and hold province/depth convention, including historical Dublin/Tipperary scope.",https://www.gov.ie/en/department-of-rural-and-community-development-and-the-gaeltacht/publications/local-authorities/ https://github.com/dr5hn/countries-states-cities-database/blob/85fb8848193db488eb7156d5b7c4d70f395a1c9f/ADMINISTRATIVE_STRUCTURE.md
1081,IE,Roscommon,IE-RN,held,"{""level"": 1, ""parent_id"": 1087}",,held_conflict,"Current government list has county/city local authorities rather than province governments. ISO historical provinces are not proven direct statutory administrative parents; preserve county level 1 and hold province/depth convention, including historical Dublin/Tipperary scope.",https://www.gov.ie/en/department-of-rural-and-community-development-and-the-gaeltacht/publications/local-authorities/ https://github.com/dr5hn/countries-states-cities-database/blob/85fb8848193db488eb7156d5b7c4d70f395a1c9f/ADMINISTRATIVE_STRUCTURE.md
1082,IE,Kildare,IE-KE,held,"{""level"": 1, ""parent_id"": 1073}",,held_conflict,"Current government list has county/city local authorities rather than province governments. ISO historical provinces are not proven direct statutory administrative parents; preserve county level 1 and hold province/depth convention, including historical Dublin/Tipperary scope.",https://www.gov.ie/en/department-of-rural-and-community-development-and-the-gaeltacht/publications/local-authorities/ https://github.com/dr5hn/countries-states-cities-database/blob/85fb8848193db488eb7156d5b7c4d70f395a1c9f/ADMINISTRATIVE_STRUCTURE.md
1083,IE,Louth,IE-LH,held,"{""level"": 1, ""parent_id"": 1073}",,held_conflict,"Current government list has county/city local authorities rather than province governments. ISO historical provinces are not proven direct statutory administrative parents; preserve county level 1 and hold province/depth convention, including historical Dublin/Tipperary scope.",https://www.gov.ie/en/department-of-rural-and-community-development-and-the-gaeltacht/publications/local-authorities/ https://github.com/dr5hn/countries-states-cities-database/blob/85fb8848193db488eb7156d5b7c4d70f395a1c9f/ADMINISTRATIVE_STRUCTURE.md
1084,IE,Mayo,IE-MO,held,"{""level"": 1, ""parent_id"": 1087}",,held_conflict,"Current government list has county/city local authorities rather than province governments. ISO historical provinces are not proven direct statutory administrative parents; preserve county level 1 and hold province/depth convention, including historical Dublin/Tipperary scope.",https://www.gov.ie/en/department-of-rural-and-community-development-and-the-gaeltacht/publications/local-authorities/ https://github.com/dr5hn/countries-states-cities-database/blob/85fb8848193db488eb7156d5b7c4d70f395a1c9f/ADMINISTRATIVE_STRUCTURE.md
1085,IE,Wicklow,IE-WW,held,"{""level"": 1, ""parent_id"": 1073}",,held_conflict,"Current government list has county/city local authorities rather than province governments. ISO historical provinces are not proven direct statutory administrative parents; preserve county level 1 and hold province/depth convention, including historical Dublin/Tipperary scope.",https://www.gov.ie/en/department-of-rural-and-community-development-and-the-gaeltacht/publications/local-authorities/ https://github.com/dr5hn/countries-states-cities-database/blob/85fb8848193db488eb7156d5b7c4d70f395a1c9f/ADMINISTRATIVE_STRUCTURE.md
1086,IE,Ulster,IE-U,held,"{""level"": null, ""parent_id"": null}",,held_conflict,"Current government list has county/city local authorities rather than province governments. ISO historical provinces are not proven direct statutory administrative parents; preserve county level 1 and hold province/depth convention, including historical Dublin/Tipperary scope.",https://www.gov.ie/en/department-of-rural-and-community-development-and-the-gaeltacht/publications/local-authorities/ https://github.com/dr5hn/countries-states-cities-database/blob/85fb8848193db488eb7156d5b7c4d70f395a1c9f/ADMINISTRATIVE_STRUCTURE.md
1087,IE,Connacht,IE-C,held,"{""level"": null, ""parent_id"": null}",,held_conflict,"Current government list has county/city local authorities rather than province governments. ISO historical provinces are not proven direct statutory administrative parents; preserve county level 1 and hold province/depth convention, including historical Dublin/Tipperary scope.",https://www.gov.ie/en/department-of-rural-and-community-development-and-the-gaeltacht/publications/local-authorities/ https://github.com/dr5hn/countries-states-cities-database/blob/85fb8848193db488eb7156d5b7c4d70f395a1c9f/ADMINISTRATIVE_STRUCTURE.md
1088,IE,Cavan,IE-CN,held,"{""level"": 1, ""parent_id"": 1086}",,held_conflict,"Current government list has county/city local authorities rather than province governments. ISO historical provinces are not proven direct statutory administrative parents; preserve county level 1 and hold province/depth convention, including historical Dublin/Tipperary scope.",https://www.gov.ie/en/department-of-rural-and-community-development-and-the-gaeltacht/publications/local-authorities/ https://github.com/dr5hn/countries-states-cities-database/blob/85fb8848193db488eb7156d5b7c4d70f395a1c9f/ADMINISTRATIVE_STRUCTURE.md
1089,IE,Waterford,IE-WD,held,"{""level"": 1, ""parent_id"": 1080}",,held_conflict,"Current government list has county/city local authorities rather than province governments. ISO historical provinces are not proven direct statutory administrative parents; preserve county level 1 and hold province/depth convention, including historical Dublin/Tipperary scope.",https://www.gov.ie/en/department-of-rural-and-community-development-and-the-gaeltacht/publications/local-authorities/ https://github.com/dr5hn/countries-states-cities-database/blob/85fb8848193db488eb7156d5b7c4d70f395a1c9f/ADMINISTRATIVE_STRUCTURE.md
1090,IE,Kilkenny,IE-KK,held,"{""level"": 1, ""parent_id"": 1073}",,held_conflict,"Current government list has county/city local authorities rather than province governments. ISO historical provinces are not proven direct statutory administrative parents; preserve county level 1 and hold province/depth convention, including historical Dublin/Tipperary scope.",https://www.gov.ie/en/department-of-rural-and-community-development-and-the-gaeltacht/publications/local-authorities/ https://github.com/dr5hn/countries-states-cities-database/blob/85fb8848193db488eb7156d5b7c4d70f395a1c9f/ADMINISTRATIVE_STRUCTURE.md
1091,IE,Clare,IE-CE,held,"{""level"": 1, ""parent_id"": 1080}",,held_conflict,"Current government list has county/city local authorities rather than province governments. ISO historical provinces are not proven direct statutory administrative parents; preserve county level 1 and hold province/depth convention, including historical Dublin/Tipperary scope.",https://www.gov.ie/en/department-of-rural-and-community-development-and-the-gaeltacht/publications/local-authorities/ https://github.com/dr5hn/countries-states-cities-database/blob/85fb8848193db488eb7156d5b7c4d70f395a1c9f/ADMINISTRATIVE_STRUCTURE.md
1092,IE,Meath,IE-MH,held,"{""level"": 1, ""parent_id"": 1073}",,held_conflict,"Current government list has county/city local authorities rather than province governments. ISO historical provinces are not proven direct statutory administrative parents; preserve county level 1 and hold province/depth convention, including historical Dublin/Tipperary scope.",https://www.gov.ie/en/department-of-rural-and-community-development-and-the-gaeltacht/publications/local-authorities/ https://github.com/dr5hn/countries-states-cities-database/blob/85fb8848193db488eb7156d5b7c4d70f395a1c9f/ADMINISTRATIVE_STRUCTURE.md
1093,IE,Wexford,IE-WX,held,"{""level"": 1, ""parent_id"": 1073}",,held_conflict,"Current government list has county/city local authorities rather than province governments. ISO historical provinces are not proven direct statutory administrative parents; preserve county level 1 and hold province/depth convention, including historical Dublin/Tipperary scope.",https://www.gov.ie/en/department-of-rural-and-community-development-and-the-gaeltacht/publications/local-authorities/ https://github.com/dr5hn/countries-states-cities-database/blob/85fb8848193db488eb7156d5b7c4d70f395a1c9f/ADMINISTRATIVE_STRUCTURE.md
1094,IE,Limerick,IE-LK,held,"{""level"": 1, ""parent_id"": 1080}",,held_conflict,"Current government list has county/city local authorities rather than province governments. ISO historical provinces are not proven direct statutory administrative parents; preserve county level 1 and hold province/depth convention, including historical Dublin/Tipperary scope.",https://www.gov.ie/en/department-of-rural-and-community-development-and-the-gaeltacht/publications/local-authorities/ https://github.com/dr5hn/countries-states-cities-database/blob/85fb8848193db488eb7156d5b7c4d70f395a1c9f/ADMINISTRATIVE_STRUCTURE.md
1095,IE,Carlow,IE-CW,held,"{""level"": 1, ""parent_id"": 1073}",,held_conflict,"Current government list has county/city local authorities rather than province governments. ISO historical provinces are not proven direct statutory administrative parents; preserve county level 1 and hold province/depth convention, including historical Dublin/Tipperary scope.",https://www.gov.ie/en/department-of-rural-and-community-development-and-the-gaeltacht/publications/local-authorities/ https://github.com/dr5hn/countries-states-cities-database/blob/85fb8848193db488eb7156d5b7c4d70f395a1c9f/ADMINISTRATIVE_STRUCTURE.md
1096,IE,Laois,IE-LS,held,"{""level"": 1, ""parent_id"": 1073}",,held_conflict,"Current government list has county/city local authorities rather than province governments. ISO historical provinces are not proven direct statutory administrative parents; preserve county level 1 and hold province/depth convention, including historical Dublin/Tipperary scope.",https://www.gov.ie/en/department-of-rural-and-community-development-and-the-gaeltacht/publications/local-authorities/ https://github.com/dr5hn/countries-states-cities-database/blob/85fb8848193db488eb7156d5b7c4d70f395a1c9f/ADMINISTRATIVE_STRUCTURE.md
1097,IE,Westmeath,IE-WH,held,"{""level"": 1, ""parent_id"": 1073}",,held_conflict,"Current government list has county/city local authorities rather than province governments. ISO historical provinces are not proven direct statutory administrative parents; preserve county level 1 and hold province/depth convention, including historical Dublin/Tipperary scope.",https://www.gov.ie/en/department-of-rural-and-community-development-and-the-gaeltacht/publications/local-authorities/ https://github.com/dr5hn/countries-states-cities-database/blob/85fb8848193db488eb7156d5b7c4d70f395a1c9f/ADMINISTRATIVE_STRUCTURE.md
5345,IE,Leitrim,IE-LM,held,"{""level"": 1, ""parent_id"": 1087}",,held_conflict,"Current government list has county/city local authorities rather than province governments. ISO historical provinces are not proven direct statutory administrative parents; preserve county level 1 and hold province/depth convention, including historical Dublin/Tipperary scope.",https://www.gov.ie/en/department-of-rural-and-community-development-and-the-gaeltacht/publications/local-authorities/ https://github.com/dr5hn/countries-states-cities-database/blob/85fb8848193db488eb7156d5b7c4d70f395a1c9f/ADMINISTRATIVE_STRUCTURE.md
1366,IL,Northern,IL-Z,changed,"{""level"": null}","{""level"": 1}",iso,ISO 3166-2 depth and parent,
1367,IL,Central,IL-M,changed,"{""level"": null}","{""level"": 1}",iso,ISO 3166-2 depth and parent,
1368,IL,Southern,IL-D,changed,"{""level"": null}","{""level"": 1}",iso,ISO 3166-2 depth and parent,
1369,IL,Haifa,IL-HA,changed,"{""level"": null}","{""level"": 1}",iso,ISO 3166-2 depth and parent,
1370,IL,Jerusalem,IL-JM,changed,"{""level"": null}","{""level"": 1}",iso,ISO 3166-2 depth and parent,
1371,IL,Tel Aviv,IL-TA,changed,"{""level"": null}","{""level"": 1}",iso,ISO 3166-2 depth and parent,
5303,IM,Ayre,IM-01,held,"{""level"": 3, ""parent_id"": null}",,held_unverified,No current official national source establishing this row's hierarchy was verified; absent from the supplied ISO mirror. Retain existing level and parent; code/identity review is outside this round.,https://github.com/dr5hn/countries-states-cities-database/blob/85fb8848193db488eb7156d5b7c4d70f395a1c9f/.github/fixes-docs/FIX_1643_SUMMARY.md
5304,IM,Garff,IM-02,held,"{""level"": 3, ""parent_id"": null}",,held_unverified,No current official national source establishing this row's hierarchy was verified; absent from the supplied ISO mirror. Retain existing level and parent; code/identity review is outside this round.,https://github.com/dr5hn/countries-states-cities-database/blob/85fb8848193db488eb7156d5b7c4d70f395a1c9f/.github/fixes-docs/FIX_1643_SUMMARY.md
5305,IM,Glenfaba,IM-03,held,"{""level"": 3, ""parent_id"": null}",,held_unverified,No current official national source establishing this row's hierarchy was verified; absent from the supplied ISO mirror. Retain existing level and parent; code/identity review is outside this round.,https://github.com/dr5hn/countries-states-cities-database/blob/85fb8848193db488eb7156d5b7c4d70f395a1c9f/.github/fixes-docs/FIX_1643_SUMMARY.md
5306,IM,Michael,IM-04,held,"{""level"": 3, ""parent_id"": null}",,held_unverified,No current official national source establishing this row's hierarchy was verified; absent from the supplied ISO mirror. Retain existing level and parent; code/identity review is outside this round.,https://github.com/dr5hn/countries-states-cities-database/blob/85fb8848193db488eb7156d5b7c4d70f395a1c9f/.github/fixes-docs/FIX_1643_SUMMARY.md
5307,IM,Middle,IM-05,held,"{""level"": 3, ""parent_id"": null}",,held_unverified,No current official national source establishing this row's hierarchy was verified; absent from the supplied ISO mirror. Retain existing level and parent; code/identity review is outside this round.,https://github.com/dr5hn/countries-states-cities-database/blob/85fb8848193db488eb7156d5b7c4d70f395a1c9f/.github/fixes-docs/FIX_1643_SUMMARY.md
5308,IM,Rushen,IM-06,held,"{""level"": 3, ""parent_id"": null}",,held_unverified,No current official national source establishing this row's hierarchy was verified; absent from the supplied ISO mirror. Retain existing level and parent; code/identity review is outside this round.,https://github.com/dr5hn/countries-states-cities-database/blob/85fb8848193db488eb7156d5b7c4d70f395a1c9f/.github/fixes-docs/FIX_1643_SUMMARY.md
4006,IN,Meghalaya,IN-ML,changed,"{""level"": null}","{""level"": 1}",iso,ISO 3166-2 depth and parent,
4007,IN,Haryana,IN-HR,changed,"{""level"": null}","{""level"": 1}",iso,ISO 3166-2 depth and parent,
4008,IN,Maharashtra,IN-MH,changed,"{""level"": null}","{""level"": 1}",iso,ISO 3166-2 depth and parent,
4009,IN,Goa,IN-GA,changed,"{""level"": null}","{""level"": 1}",iso,ISO 3166-2 depth and parent,
4010,IN,Manipur,IN-MN,changed,"{""level"": null}","{""level"": 1}",iso,ISO 3166-2 depth and parent,
4011,IN,Puducherry,IN-PY,changed,"{""level"": null}","{""level"": 1}",iso,ISO 3166-2 depth and parent,
4012,IN,Telangana,IN-TS,changed,"{""level"": null}","{""level"": 1}",iso,ISO 3166-2 depth and parent,
4013,IN,Odisha,IN-OD,changed,"{""level"": null}","{""level"": 1}",iso,ISO 3166-2 depth and parent,
4014,IN,Rajasthan,IN-RJ,changed,"{""level"": null}","{""level"": 1}",iso,ISO 3166-2 depth and parent,
4015,IN,Punjab,IN-PB,changed,"{""level"": null}","{""level"": 1}",iso,ISO 3166-2 depth and parent,
4016,IN,Uttarakhand,IN-UK,changed,"{""level"": null}","{""level"": 1}",iso,ISO 3166-2 depth and parent,
4017,IN,Andhra Pradesh,IN-AP,changed,"{""level"": null}","{""level"": 1}",iso,ISO 3166-2 depth and parent,
4018,IN,Nagaland,IN-NL,changed,"{""level"": null}","{""level"": 1}",iso,ISO 3166-2 depth and parent,
4019,IN,Lakshadweep,IN-LD,changed,"{""level"": null}","{""level"": 1}",iso,ISO 3166-2 depth and parent,
4020,IN,Himachal Pradesh,IN-HP,changed,"{""level"": null}","{""level"": 1}",iso,ISO 3166-2 depth and parent,
4021,IN,Delhi,IN-DL,changed,"{""level"": null}","{""level"": 1}",iso,ISO 3166-2 depth and parent,
4022,IN,Uttar Pradesh,IN-UP,changed,"{""level"": null}","{""level"": 1}",iso,ISO 3166-2 depth and parent,
4023,IN,Andaman and Nicobar Islands,IN-AN,changed,"{""level"": null}","{""level"": 1}",iso,ISO 3166-2 depth and parent,
4024,IN,Arunachal Pradesh,IN-AR,changed,"{""level"": null}","{""level"": 1}",iso,ISO 3166-2 depth and parent,
4025,IN,Jharkhand,IN-JH,changed,"{""level"": null}","{""level"": 1}",iso,ISO 3166-2 depth and parent,
4026,IN,Karnataka,IN-KA,changed,"{""level"": null}","{""level"": 1}",iso,ISO 3166-2 depth and parent,
4027,IN,Assam,IN-AS,changed,"{""level"": null}","{""level"": 1}",iso,ISO 3166-2 depth and parent,
4028,IN,Kerala,IN-KL,changed,"{""level"": null}","{""level"": 1}",iso,ISO 3166-2 depth and parent,
4029,IN,Jammu and Kashmir,IN-JK,changed,"{""level"": null}","{""level"": 1}",iso,ISO 3166-2 depth and parent,
4030,IN,Gujarat,IN-GJ,changed,"{""level"": null}","{""level"": 1}",iso,ISO 3166-2 depth and parent,
4031,IN,Chandigarh,IN-CH,changed,"{""level"": null}","{""level"": 1}",iso,ISO 3166-2 depth and parent,
4033,IN,Dadra and Nagar Haveli and Daman and Diu,IN-DH,changed,"{""level"": null}","{""level"": 1}",iso,ISO 3166-2 depth and parent,
4034,IN,Sikkim,IN-SK,changed,"{""level"": null}","{""level"": 1}",iso,ISO 3166-2 depth and parent,
4035,IN,Tamil Nadu,IN-TN,changed,"{""level"": null}","{""level"": 1}",iso,ISO 3166-2 depth and parent,
4036,IN,Mizoram,IN-MZ,changed,"{""level"": null}","{""level"": 1}",iso,ISO 3166-2 depth and parent,
4037,IN,Bihar,IN-BR,changed,"{""level"": null}","{""level"": 1}",iso,ISO 3166-2 depth and parent,
4038,IN,Tripura,IN-TR,changed,"{""level"": null}","{""level"": 1}",iso,ISO 3166-2 depth and parent,
4039,IN,Madhya Pradesh,IN-MP,changed,"{""level"": null}","{""level"": 1}",iso,ISO 3166-2 depth and parent,
4040,IN,Chhattisgarh,IN-CG,changed,"{""level"": null}","{""level"": 1}",iso,ISO 3166-2 depth and parent,
4852,IN,Ladakh,IN-LA,changed,"{""level"": null}","{""level"": 1}",iso,ISO 3166-2 depth and parent,
4853,IN,West Bengal,IN-WB,changed,"{""level"": null}","{""level"": 1}",iso,ISO 3166-2 depth and parent,
3954,IQ,Dhi Qar,IQ-DQ,changed,"{""level"": null}","{""level"": 1}",iso,ISO 3166-2 depth and parent,
3955,IQ,Babylon,IQ-BB,changed,"{""level"": null}","{""level"": 1}",iso,ISO 3166-2 depth and parent,
3956,IQ,Al-Qādisiyyah,IQ-QA,changed,"{""level"": null}","{""level"": 1}",iso,ISO 3166-2 depth and parent,
3957,IQ,Karbala,IQ-KA,changed,"{""level"": null}","{""level"": 1}",iso,ISO 3166-2 depth and parent,
3958,IQ,Al Muthanna,IQ-MU,changed,"{""level"": null}","{""level"": 1}",iso,ISO 3166-2 depth and parent,
3959,IQ,Baghdad,IQ-BG,changed,"{""level"": null}","{""level"": 1}",iso,ISO 3166-2 depth and parent,
3960,IQ,Basra,IQ-BA,changed,"{""level"": null}","{""level"": 1}",iso,ISO 3166-2 depth and parent,
3961,IQ,Saladin,IQ-SD,changed,"{""level"": null}","{""level"": 1}",iso,ISO 3166-2 depth and parent,
3962,IQ,Najaf,IQ-NA,changed,"{""level"": null}","{""level"": 1}",iso,ISO 3166-2 depth and parent,
3963,IQ,Nineveh,IQ-NI,changed,"{""level"": null}","{""level"": 1}",iso,ISO 3166-2 depth and parent,
3964,IQ,Al Anbar,IQ-AN,changed,"{""level"": null}","{""level"": 1}",iso,ISO 3166-2 depth and parent,
3965,IQ,Diyala,IQ-DI,changed,"{""level"": null}","{""level"": 1}",iso,ISO 3166-2 depth and parent,
3966,IQ,Maysan,IQ-MA,changed,"{""level"": null}","{""level"": 1}",iso,ISO 3166-2 depth and parent,
3967,IQ,Dohuk,IQ-DA,changed,"{""level"": null, ""parent_id"": null}","{""level"": 2, ""parent_id"": 5625}",iso,ISO 3166-2 depth and parent,
3968,IQ,Erbil,IQ-AR,changed,"{""level"": null, ""parent_id"": null}","{""level"": 2, ""parent_id"": 5625}",iso,ISO 3166-2 depth and parent,
3969,IQ,Sulaymaniyah,IQ-SU,changed,"{""level"": null, ""parent_id"": null}","{""level"": 2, ""parent_id"": 5625}",iso,ISO 3166-2 depth and parent,
3970,IQ,Wasit,IQ-WA,changed,"{""level"": null}","{""level"": 1}",iso,ISO 3166-2 depth and parent,
3971,IQ,Kirkuk,IQ-KI,changed,"{""level"": null}","{""level"": 1}",iso,ISO 3166-2 depth and parent,
5625,IQ,Iqlim Kurdistan,IQ-KR,changed,"{""level"": null}","{""level"": 1}",iso,ISO 3166-2 depth and parent,
5841,IQ,Halabja,,changed,"{""level"": null, ""parent_id"": null}","{""level"": 2, ""parent_id"": 5625}",national,"See national_evidence.IQ; country-relative target {""level"": 2, ""parent_id"": 5625}",https://moj.gov.iq/upload/pdf/4824_compressed_282.pdf#page=3
3916,IR,Markazi,IR-00,changed,"{""level"": null}","{""level"": 1}",iso,ISO 3166-2 depth and parent,
3917,IR,Khuzestan,IR-06,changed,"{""level"": null}","{""level"": 1}",iso,ISO 3166-2 depth and parent,
3918,IR,Ilam,IR-16,changed,"{""level"": null}","{""level"": 1}",iso,ISO 3166-2 depth and parent,
3919,IR,Kermanshah,IR-05,changed,"{""level"": null}","{""level"": 1}",iso,ISO 3166-2 depth and parent,
3920,IR,Gilan,IR-01,changed,"{""level"": null}","{""level"": 1}",iso,ISO 3166-2 depth and parent,
3921,IR,Chaharmahal and Bakhtiari,IR-14,changed,"{""level"": null}","{""level"": 1}",iso,ISO 3166-2 depth and parent,
3922,IR,Qom,IR-25,changed,"{""level"": null}","{""level"": 1}",iso,ISO 3166-2 depth and parent,
3923,IR,Isfahan,IR-10,changed,"{""level"": null}","{""level"": 1}",iso,ISO 3166-2 depth and parent,
3924,IR,West Azarbaijan,IR-04,changed,"{""level"": null}","{""level"": 1}",iso,ISO 3166-2 depth and parent,
3925,IR,Zanjan,IR-19,changed,"{""level"": null}","{""level"": 1}",iso,ISO 3166-2 depth and parent,
3926,IR,Kohgiluyeh and Boyer-Ahmad,IR-17,changed,"{""level"": null}","{""level"": 1}",iso,ISO 3166-2 depth and parent,
3927,IR,Razavi Khorasan,IR-09,changed,"{""level"": null}","{""level"": 1}",iso,ISO 3166-2 depth and parent,
3928,IR,Lorestan,IR-15,changed,"{""level"": null}","{""level"": 1}",iso,ISO 3166-2 depth and parent,
3929,IR,Alborz,IR-30,changed,"{""level"": null}","{""level"": 1}",iso,ISO 3166-2 depth and parent,
3930,IR,South Khorasan,IR-29,changed,"{""level"": null}","{""level"": 1}",iso,ISO 3166-2 depth and parent,
3931,IR,Sistan and Baluchestan,IR-11,changed,"{""level"": null}","{""level"": 1}",iso,ISO 3166-2 depth and parent,
3932,IR,Bushehr,IR-18,changed,"{""level"": null}","{""level"": 1}",iso,ISO 3166-2 depth and parent,
3933,IR,Golestan,IR-27,changed,"{""level"": null}","{""level"": 1}",iso,ISO 3166-2 depth and parent,
3934,IR,Ardabil,IR-24,changed,"{""level"": null}","{""level"": 1}",iso,ISO 3166-2 depth and parent,
3935,IR,Kurdistan,IR-12,changed,"{""level"": null}","{""level"": 1}",iso,ISO 3166-2 depth and parent,
3936,IR,Yazd,IR-21,changed,"{""level"": null}","{""level"": 1}",iso,ISO 3166-2 depth and parent,
3937,IR,Hormozgan,IR-22,changed,"{""level"": null}","{""level"": 1}",iso,ISO 3166-2 depth and parent,
3938,IR,Mazandaran,IR-02,changed,"{""level"": null}","{""level"": 1}",iso,ISO 3166-2 depth and parent,
3939,IR,Fars,IR-07,changed,"{""level"": null}","{""level"": 1}",iso,ISO 3166-2 depth and parent,
3940,IR,Semnan,IR-20,changed,"{""level"": null}","{""level"": 1}",iso,ISO 3166-2 depth and parent,
3941,IR,Qazvin,IR-26,changed,"{""level"": null}","{""level"": 1}",iso,ISO 3166-2 depth and parent,
3942,IR,North Khorasan,IR-28,changed,"{""level"": null}","{""level"": 1}",iso,ISO 3166-2 depth and parent,
3943,IR,Kerman,IR-08,changed,"{""level"": null}","{""level"": 1}",iso,ISO 3166-2 depth and parent,
3944,IR,East Azerbaijan,IR-03,changed,"{""level"": null}","{""level"": 1}",iso,ISO 3166-2 depth and parent,
3945,IR,Tehran,IR-23,changed,"{""level"": null}","{""level"": 1}",iso,ISO 3166-2 depth and parent,
4920,IR,Hamadan,IR-13,changed,"{""level"": null}","{""level"": 1}",iso,ISO 3166-2 depth and parent,
3430,IS,Southern Peninsula,IS-2,held,"{""level"": null, ""parent_id"": null}",,held_conflict,"The national Multicultural Information Centre describes government and municipalities as the two government tiers. ISO regions would add an intervening tier; prior audit also holds municipality mergers/identities. Page contains stale officeholder/count text, which is not used.",https://mcc.is/living-in-iceland/governance/authorities https://github.com/dr5hn/countries-states-cities-database/blob/85fb8848193db488eb7156d5b7c4d70f395a1c9f/ADMINISTRATIVE_STRUCTURE.md
3431,IS,Capital,IS-1,held,"{""level"": null, ""parent_id"": null}",,held_conflict,"The national Multicultural Information Centre describes government and municipalities as the two government tiers. ISO regions would add an intervening tier; prior audit also holds municipality mergers/identities. Page contains stale officeholder/count text, which is not used.",https://mcc.is/living-in-iceland/governance/authorities https://github.com/dr5hn/countries-states-cities-database/blob/85fb8848193db488eb7156d5b7c4d70f395a1c9f/ADMINISTRATIVE_STRUCTURE.md
3432,IS,Westfjords,IS-4,held,"{""level"": null, ""parent_id"": null}",,held_conflict,"The national Multicultural Information Centre describes government and municipalities as the two government tiers. ISO regions would add an intervening tier; prior audit also holds municipality mergers/identities. Page contains stale officeholder/count text, which is not used.",https://mcc.is/living-in-iceland/governance/authorities https://github.com/dr5hn/countries-states-cities-database/blob/85fb8848193db488eb7156d5b7c4d70f395a1c9f/ADMINISTRATIVE_STRUCTURE.md
3433,IS,Eastern,IS-7,held,"{""level"": null, ""parent_id"": null}",,held_conflict,"The national Multicultural Information Centre describes government and municipalities as the two government tiers. ISO regions would add an intervening tier; prior audit also holds municipality mergers/identities. Page contains stale officeholder/count text, which is not used.",https://mcc.is/living-in-iceland/governance/authorities https://github.com/dr5hn/countries-states-cities-database/blob/85fb8848193db488eb7156d5b7c4d70f395a1c9f/ADMINISTRATIVE_STRUCTURE.md
3434,IS,Southern,IS-8,held,"{""level"": null, ""parent_id"": null}",,held_conflict,"The national Multicultural Information Centre describes government and municipalities as the two government tiers. ISO regions would add an intervening tier; prior audit also holds municipality mergers/identities. Page contains stale officeholder/count text, which is not used.",https://mcc.is/living-in-iceland/governance/authorities https://github.com/dr5hn/countries-states-cities-database/blob/85fb8848193db488eb7156d5b7c4d70f395a1c9f/ADMINISTRATIVE_STRUCTURE.md
3435,IS,Northwestern,IS-5,held,"{""level"": null, ""parent_id"": null}",,held_conflict,"The national Multicultural Information Centre describes government and municipalities as the two government tiers. ISO regions would add an intervening tier; prior audit also holds municipality mergers/identities. Page contains stale officeholder/count text, which is not used.",https://mcc.is/living-in-iceland/governance/authorities https://github.com/dr5hn/countries-states-cities-database/blob/85fb8848193db488eb7156d5b7c4d70f395a1c9f/ADMINISTRATIVE_STRUCTURE.md
3436,IS,Western,IS-3,held,"{""level"": null, ""parent_id"": null}",,held_conflict,"The national Multicultural Information Centre describes government and municipalities as the two government tiers. ISO regions would add an intervening tier; prior audit also holds municipality mergers/identities. Page contains stale officeholder/count text, which is not used.",https://mcc.is/living-in-iceland/governance/authorities https://github.com/dr5hn/countries-states-cities-database/blob/85fb8848193db488eb7156d5b7c4d70f395a1c9f/ADMINISTRATIVE_STRUCTURE.md
3437,IS,Northeastern,IS-6,held,"{""level"": null, ""parent_id"": null}",,held_conflict,"The national Multicultural Information Centre describes government and municipalities as the two government tiers. ISO regions would add an intervening tier; prior audit also holds municipality mergers/identities. Page contains stale officeholder/count text, which is not used.",https://mcc.is/living-in-iceland/governance/authorities https://github.com/dr5hn/countries-states-cities-database/blob/85fb8848193db488eb7156d5b7c4d70f395a1c9f/ADMINISTRATIVE_STRUCTURE.md
5554,IS,Akranes,IS-AKN,held,"{""level"": null, ""parent_id"": null}",,held_conflict,"The national Multicultural Information Centre describes government and municipalities as the two government tiers. ISO regions would add an intervening tier; prior audit also holds municipality mergers/identities. Page contains stale officeholder/count text, which is not used.",https://mcc.is/living-in-iceland/governance/authorities https://github.com/dr5hn/countries-states-cities-database/blob/85fb8848193db488eb7156d5b7c4d70f395a1c9f/ADMINISTRATIVE_STRUCTURE.md
5555,IS,Akureyri,IS-AKU,held,"{""level"": null, ""parent_id"": null}",,held_conflict,"The national Multicultural Information Centre describes government and municipalities as the two government tiers. ISO regions would add an intervening tier; prior audit also holds municipality mergers/identities. Page contains stale officeholder/count text, which is not used.",https://mcc.is/living-in-iceland/governance/authorities https://github.com/dr5hn/countries-states-cities-database/blob/85fb8848193db488eb7156d5b7c4d70f395a1c9f/ADMINISTRATIVE_STRUCTURE.md
5556,IS,Árneshreppur,IS-ARN,held,"{""level"": null, ""parent_id"": null}",,held_conflict,"The national Multicultural Information Centre describes government and municipalities as the two government tiers. ISO regions would add an intervening tier; prior audit also holds municipality mergers/identities. Page contains stale officeholder/count text, which is not used.",https://mcc.is/living-in-iceland/governance/authorities https://github.com/dr5hn/countries-states-cities-database/blob/85fb8848193db488eb7156d5b7c4d70f395a1c9f/ADMINISTRATIVE_STRUCTURE.md
5557,IS,Ásahreppur,IS-ASA,held,"{""level"": null, ""parent_id"": null}",,held_conflict,"The national Multicultural Information Centre describes government and municipalities as the two government tiers. ISO regions would add an intervening tier; prior audit also holds municipality mergers/identities. Page contains stale officeholder/count text, which is not used.",https://mcc.is/living-in-iceland/governance/authorities https://github.com/dr5hn/countries-states-cities-database/blob/85fb8848193db488eb7156d5b7c4d70f395a1c9f/ADMINISTRATIVE_STRUCTURE.md
5558,IS,Bláskógabyggð,IS-BLA,held,"{""level"": null, ""parent_id"": null}",,held_conflict,"The national Multicultural Information Centre describes government and municipalities as the two government tiers. ISO regions would add an intervening tier; prior audit also holds municipality mergers/identities. Page contains stale officeholder/count text, which is not used.",https://mcc.is/living-in-iceland/governance/authorities https://github.com/dr5hn/countries-states-cities-database/blob/85fb8848193db488eb7156d5b7c4d70f395a1c9f/ADMINISTRATIVE_STRUCTURE.md
5559,IS,Borgarbyggð,IS-BOG,held,"{""level"": null, ""parent_id"": null}",,held_conflict,"The national Multicultural Information Centre describes government and municipalities as the two government tiers. ISO regions would add an intervening tier; prior audit also holds municipality mergers/identities. Page contains stale officeholder/count text, which is not used.",https://mcc.is/living-in-iceland/governance/authorities https://github.com/dr5hn/countries-states-cities-database/blob/85fb8848193db488eb7156d5b7c4d70f395a1c9f/ADMINISTRATIVE_STRUCTURE.md
5560,IS,Bolungarvík,IS-BOL,held,"{""level"": null, ""parent_id"": null}",,held_conflict,"The national Multicultural Information Centre describes government and municipalities as the two government tiers. ISO regions would add an intervening tier; prior audit also holds municipality mergers/identities. Page contains stale officeholder/count text, which is not used.",https://mcc.is/living-in-iceland/governance/authorities https://github.com/dr5hn/countries-states-cities-database/blob/85fb8848193db488eb7156d5b7c4d70f395a1c9f/ADMINISTRATIVE_STRUCTURE.md
5561,IS,Dalabyggð,IS-DAB,held,"{""level"": null, ""parent_id"": null}",,held_conflict,"The national Multicultural Information Centre describes government and municipalities as the two government tiers. ISO regions would add an intervening tier; prior audit also holds municipality mergers/identities. Page contains stale officeholder/count text, which is not used.",https://mcc.is/living-in-iceland/governance/authorities https://github.com/dr5hn/countries-states-cities-database/blob/85fb8848193db488eb7156d5b7c4d70f395a1c9f/ADMINISTRATIVE_STRUCTURE.md
5562,IS,Dalvíkurbyggð,IS-DAV,held,"{""level"": null, ""parent_id"": null}",,held_conflict,"The national Multicultural Information Centre describes government and municipalities as the two government tiers. ISO regions would add an intervening tier; prior audit also holds municipality mergers/identities. Page contains stale officeholder/count text, which is not used.",https://mcc.is/living-in-iceland/governance/authorities https://github.com/dr5hn/countries-states-cities-database/blob/85fb8848193db488eb7156d5b7c4d70f395a1c9f/ADMINISTRATIVE_STRUCTURE.md
5563,IS,Eyja- og Miklaholtshreppur,IS-EOM,held,"{""level"": null, ""parent_id"": null}",,held_conflict,"The national Multicultural Information Centre describes government and municipalities as the two government tiers. ISO regions would add an intervening tier; prior audit also holds municipality mergers/identities. Page contains stale officeholder/count text, which is not used.",https://mcc.is/living-in-iceland/governance/authorities https://github.com/dr5hn/countries-states-cities-database/blob/85fb8848193db488eb7156d5b7c4d70f395a1c9f/ADMINISTRATIVE_STRUCTURE.md
5564,IS,Eyjafjarðarsveit,IS-EYF,held,"{""level"": null, ""parent_id"": null}",,held_conflict,"The national Multicultural Information Centre describes government and municipalities as the two government tiers. ISO regions would add an intervening tier; prior audit also holds municipality mergers/identities. Page contains stale officeholder/count text, which is not used.",https://mcc.is/living-in-iceland/governance/authorities https://github.com/dr5hn/countries-states-cities-database/blob/85fb8848193db488eb7156d5b7c4d70f395a1c9f/ADMINISTRATIVE_STRUCTURE.md
5565,IS,Fjarðabyggð,IS-FJD,held,"{""level"": null, ""parent_id"": null}",,held_conflict,"The national Multicultural Information Centre describes government and municipalities as the two government tiers. ISO regions would add an intervening tier; prior audit also holds municipality mergers/identities. Page contains stale officeholder/count text, which is not used.",https://mcc.is/living-in-iceland/governance/authorities https://github.com/dr5hn/countries-states-cities-database/blob/85fb8848193db488eb7156d5b7c4d70f395a1c9f/ADMINISTRATIVE_STRUCTURE.md
5566,IS,Fjallabyggð,IS-FJL,held,"{""level"": null, ""parent_id"": null}",,held_conflict,"The national Multicultural Information Centre describes government and municipalities as the two government tiers. ISO regions would add an intervening tier; prior audit also holds municipality mergers/identities. Page contains stale officeholder/count text, which is not used.",https://mcc.is/living-in-iceland/governance/authorities https://github.com/dr5hn/countries-states-cities-database/blob/85fb8848193db488eb7156d5b7c4d70f395a1c9f/ADMINISTRATIVE_STRUCTURE.md
5567,IS,Flóahreppur,IS-FLA,held,"{""level"": null, ""parent_id"": null}",,held_conflict,"The national Multicultural Information Centre describes government and municipalities as the two government tiers. ISO regions would add an intervening tier; prior audit also holds municipality mergers/identities. Page contains stale officeholder/count text, which is not used.",https://mcc.is/living-in-iceland/governance/authorities https://github.com/dr5hn/countries-states-cities-database/blob/85fb8848193db488eb7156d5b7c4d70f395a1c9f/ADMINISTRATIVE_STRUCTURE.md
5568,IS,Fljótsdalshreppur,IS-FLR,held,"{""level"": null, ""parent_id"": null}",,held_conflict,"The national Multicultural Information Centre describes government and municipalities as the two government tiers. ISO regions would add an intervening tier; prior audit also holds municipality mergers/identities. Page contains stale officeholder/count text, which is not used.",https://mcc.is/living-in-iceland/governance/authorities https://github.com/dr5hn/countries-states-cities-database/blob/85fb8848193db488eb7156d5b7c4d70f395a1c9f/ADMINISTRATIVE_STRUCTURE.md
5569,IS,Garðabær,IS-GAR,held,"{""level"": null, ""parent_id"": null}",,held_conflict,"The national Multicultural Information Centre describes government and municipalities as the two government tiers. ISO regions would add an intervening tier; prior audit also holds municipality mergers/identities. Page contains stale officeholder/count text, which is not used.",https://mcc.is/living-in-iceland/governance/authorities https://github.com/dr5hn/countries-states-cities-database/blob/85fb8848193db488eb7156d5b7c4d70f395a1c9f/ADMINISTRATIVE_STRUCTURE.md
5570,IS,Grímsnes- og Grafningshreppur,IS-GOG,held,"{""level"": null, ""parent_id"": null}",,held_conflict,"The national Multicultural Information Centre describes government and municipalities as the two government tiers. ISO regions would add an intervening tier; prior audit also holds municipality mergers/identities. Page contains stale officeholder/count text, which is not used.",https://mcc.is/living-in-iceland/governance/authorities https://github.com/dr5hn/countries-states-cities-database/blob/85fb8848193db488eb7156d5b7c4d70f395a1c9f/ADMINISTRATIVE_STRUCTURE.md
5571,IS,Grindavík,IS-GRN,held,"{""level"": null, ""parent_id"": null}",,held_conflict,"The national Multicultural Information Centre describes government and municipalities as the two government tiers. ISO regions would add an intervening tier; prior audit also holds municipality mergers/identities. Page contains stale officeholder/count text, which is not used.",https://mcc.is/living-in-iceland/governance/authorities https://github.com/dr5hn/countries-states-cities-database/blob/85fb8848193db488eb7156d5b7c4d70f395a1c9f/ADMINISTRATIVE_STRUCTURE.md
5572,IS,Grundarfjörður,IS-GRU,held,"{""level"": null, ""parent_id"": null}",,held_conflict,"The national Multicultural Information Centre describes government and municipalities as the two government tiers. ISO regions would add an intervening tier; prior audit also holds municipality mergers/identities. Page contains stale officeholder/count text, which is not used.",https://mcc.is/living-in-iceland/governance/authorities https://github.com/dr5hn/countries-states-cities-database/blob/85fb8848193db488eb7156d5b7c4d70f395a1c9f/ADMINISTRATIVE_STRUCTURE.md
5573,IS,Grýtubakkahreppur,IS-GRY,held,"{""level"": null, ""parent_id"": null}",,held_conflict,"The national Multicultural Information Centre describes government and municipalities as the two government tiers. ISO regions would add an intervening tier; prior audit also holds municipality mergers/identities. Page contains stale officeholder/count text, which is not used.",https://mcc.is/living-in-iceland/governance/authorities https://github.com/dr5hn/countries-states-cities-database/blob/85fb8848193db488eb7156d5b7c4d70f395a1c9f/ADMINISTRATIVE_STRUCTURE.md
5574,IS,Hafnarfjörður,IS-HAF,held,"{""level"": null, ""parent_id"": null}",,held_conflict,"The national Multicultural Information Centre describes government and municipalities as the two government tiers. ISO regions would add an intervening tier; prior audit also holds municipality mergers/identities. Page contains stale officeholder/count text, which is not used.",https://mcc.is/living-in-iceland/governance/authorities https://github.com/dr5hn/countries-states-cities-database/blob/85fb8848193db488eb7156d5b7c4d70f395a1c9f/ADMINISTRATIVE_STRUCTURE.md
5575,IS,Hörgársveit,IS-HRG,held,"{""level"": null, ""parent_id"": null}",,held_conflict,"The national Multicultural Information Centre describes government and municipalities as the two government tiers. ISO regions would add an intervening tier; prior audit also holds municipality mergers/identities. Page contains stale officeholder/count text, which is not used.",https://mcc.is/living-in-iceland/governance/authorities https://github.com/dr5hn/countries-states-cities-database/blob/85fb8848193db488eb7156d5b7c4d70f395a1c9f/ADMINISTRATIVE_STRUCTURE.md
5576,IS,Hrunamannahreppur,IS-HRU,held,"{""level"": null, ""parent_id"": null}",,held_conflict,"The national Multicultural Information Centre describes government and municipalities as the two government tiers. ISO regions would add an intervening tier; prior audit also holds municipality mergers/identities. Page contains stale officeholder/count text, which is not used.",https://mcc.is/living-in-iceland/governance/authorities https://github.com/dr5hn/countries-states-cities-database/blob/85fb8848193db488eb7156d5b7c4d70f395a1c9f/ADMINISTRATIVE_STRUCTURE.md
5577,IS,Húnabyggð,IS-HUG,held,"{""level"": null, ""parent_id"": null}",,held_conflict,"The national Multicultural Information Centre describes government and municipalities as the two government tiers. ISO regions would add an intervening tier; prior audit also holds municipality mergers/identities. Page contains stale officeholder/count text, which is not used.",https://mcc.is/living-in-iceland/governance/authorities https://github.com/dr5hn/countries-states-cities-database/blob/85fb8848193db488eb7156d5b7c4d70f395a1c9f/ADMINISTRATIVE_STRUCTURE.md
5578,IS,Húnaþing vestra,IS-HUV,held,"{""level"": null, ""parent_id"": null}",,held_conflict,"The national Multicultural Information Centre describes government and municipalities as the two government tiers. ISO regions would add an intervening tier; prior audit also holds municipality mergers/identities. Page contains stale officeholder/count text, which is not used.",https://mcc.is/living-in-iceland/governance/authorities https://github.com/dr5hn/countries-states-cities-database/blob/85fb8848193db488eb7156d5b7c4d70f395a1c9f/ADMINISTRATIVE_STRUCTURE.md
5579,IS,Hvalfjarðarsveit,IS-HVA,held,"{""level"": null, ""parent_id"": null}",,held_conflict,"The national Multicultural Information Centre describes government and municipalities as the two government tiers. ISO regions would add an intervening tier; prior audit also holds municipality mergers/identities. Page contains stale officeholder/count text, which is not used.",https://mcc.is/living-in-iceland/governance/authorities https://github.com/dr5hn/countries-states-cities-database/blob/85fb8848193db488eb7156d5b7c4d70f395a1c9f/ADMINISTRATIVE_STRUCTURE.md
5580,IS,Hveragerði,IS-HVE,held,"{""level"": null, ""parent_id"": null}",,held_conflict,"The national Multicultural Information Centre describes government and municipalities as the two government tiers. ISO regions would add an intervening tier; prior audit also holds municipality mergers/identities. Page contains stale officeholder/count text, which is not used.",https://mcc.is/living-in-iceland/governance/authorities https://github.com/dr5hn/countries-states-cities-database/blob/85fb8848193db488eb7156d5b7c4d70f395a1c9f/ADMINISTRATIVE_STRUCTURE.md
5581,IS,Ísafjörður,IS-ISA,held,"{""level"": null, ""parent_id"": null}",,held_conflict,"The national Multicultural Information Centre describes government and municipalities as the two government tiers. ISO regions would add an intervening tier; prior audit also holds municipality mergers/identities. Page contains stale officeholder/count text, which is not used.",https://mcc.is/living-in-iceland/governance/authorities https://github.com/dr5hn/countries-states-cities-database/blob/85fb8848193db488eb7156d5b7c4d70f395a1c9f/ADMINISTRATIVE_STRUCTURE.md
5582,IS,Kaldrananeshreppur,IS-KAL,held,"{""level"": null, ""parent_id"": null}",,held_conflict,"The national Multicultural Information Centre describes government and municipalities as the two government tiers. ISO regions would add an intervening tier; prior audit also holds municipality mergers/identities. Page contains stale officeholder/count text, which is not used.",https://mcc.is/living-in-iceland/governance/authorities https://github.com/dr5hn/countries-states-cities-database/blob/85fb8848193db488eb7156d5b7c4d70f395a1c9f/ADMINISTRATIVE_STRUCTURE.md
5583,IS,Kjósarhreppur,IS-KJO,held,"{""level"": null, ""parent_id"": null}",,held_conflict,"The national Multicultural Information Centre describes government and municipalities as the two government tiers. ISO regions would add an intervening tier; prior audit also holds municipality mergers/identities. Page contains stale officeholder/count text, which is not used.",https://mcc.is/living-in-iceland/governance/authorities https://github.com/dr5hn/countries-states-cities-database/blob/85fb8848193db488eb7156d5b7c4d70f395a1c9f/ADMINISTRATIVE_STRUCTURE.md
5584,IS,Kópavogur,IS-KOP,held,"{""level"": null, ""parent_id"": null}",,held_conflict,"The national Multicultural Information Centre describes government and municipalities as the two government tiers. ISO regions would add an intervening tier; prior audit also holds municipality mergers/identities. Page contains stale officeholder/count text, which is not used.",https://mcc.is/living-in-iceland/governance/authorities https://github.com/dr5hn/countries-states-cities-database/blob/85fb8848193db488eb7156d5b7c4d70f395a1c9f/ADMINISTRATIVE_STRUCTURE.md
5585,IS,Langanesbyggð,IS-LAN,held,"{""level"": null, ""parent_id"": null}",,held_conflict,"The national Multicultural Information Centre describes government and municipalities as the two government tiers. ISO regions would add an intervening tier; prior audit also holds municipality mergers/identities. Page contains stale officeholder/count text, which is not used.",https://mcc.is/living-in-iceland/governance/authorities https://github.com/dr5hn/countries-states-cities-database/blob/85fb8848193db488eb7156d5b7c4d70f395a1c9f/ADMINISTRATIVE_STRUCTURE.md
5586,IS,Mosfellsbær,IS-MOS,held,"{""level"": null, ""parent_id"": null}",,held_conflict,"The national Multicultural Information Centre describes government and municipalities as the two government tiers. ISO regions would add an intervening tier; prior audit also holds municipality mergers/identities. Page contains stale officeholder/count text, which is not used.",https://mcc.is/living-in-iceland/governance/authorities https://github.com/dr5hn/countries-states-cities-database/blob/85fb8848193db488eb7156d5b7c4d70f395a1c9f/ADMINISTRATIVE_STRUCTURE.md
5587,IS,Múlaþing,IS-MUL,held,"{""level"": null, ""parent_id"": null}",,held_conflict,"The national Multicultural Information Centre describes government and municipalities as the two government tiers. ISO regions would add an intervening tier; prior audit also holds municipality mergers/identities. Page contains stale officeholder/count text, which is not used.",https://mcc.is/living-in-iceland/governance/authorities https://github.com/dr5hn/countries-states-cities-database/blob/85fb8848193db488eb7156d5b7c4d70f395a1c9f/ADMINISTRATIVE_STRUCTURE.md
5588,IS,Mýrdalshreppur,IS-MYR,held,"{""level"": null, ""parent_id"": null}",,held_conflict,"The national Multicultural Information Centre describes government and municipalities as the two government tiers. ISO regions would add an intervening tier; prior audit also holds municipality mergers/identities. Page contains stale officeholder/count text, which is not used.",https://mcc.is/living-in-iceland/governance/authorities https://github.com/dr5hn/countries-states-cities-database/blob/85fb8848193db488eb7156d5b7c4d70f395a1c9f/ADMINISTRATIVE_STRUCTURE.md
5589,IS,Norðurþing,IS-NOR,held,"{""level"": null, ""parent_id"": null}",,held_conflict,"The national Multicultural Information Centre describes government and municipalities as the two government tiers. ISO regions would add an intervening tier; prior audit also holds municipality mergers/identities. Page contains stale officeholder/count text, which is not used.",https://mcc.is/living-in-iceland/governance/authorities https://github.com/dr5hn/countries-states-cities-database/blob/85fb8848193db488eb7156d5b7c4d70f395a1c9f/ADMINISTRATIVE_STRUCTURE.md
5590,IS,Rangárþing eystra,IS-RGE,held,"{""level"": null, ""parent_id"": null}",,held_conflict,"The national Multicultural Information Centre describes government and municipalities as the two government tiers. ISO regions would add an intervening tier; prior audit also holds municipality mergers/identities. Page contains stale officeholder/count text, which is not used.",https://mcc.is/living-in-iceland/governance/authorities https://github.com/dr5hn/countries-states-cities-database/blob/85fb8848193db488eb7156d5b7c4d70f395a1c9f/ADMINISTRATIVE_STRUCTURE.md
5591,IS,Rangárþing ytra,IS-RGY,held,"{""level"": null, ""parent_id"": null}",,held_conflict,"The national Multicultural Information Centre describes government and municipalities as the two government tiers. ISO regions would add an intervening tier; prior audit also holds municipality mergers/identities. Page contains stale officeholder/count text, which is not used.",https://mcc.is/living-in-iceland/governance/authorities https://github.com/dr5hn/countries-states-cities-database/blob/85fb8848193db488eb7156d5b7c4d70f395a1c9f/ADMINISTRATIVE_STRUCTURE.md
5592,IS,Reykhólahreppur,IS-RHH,held,"{""level"": null, ""parent_id"": null}",,held_conflict,"The national Multicultural Information Centre describes government and municipalities as the two government tiers. ISO regions would add an intervening tier; prior audit also holds municipality mergers/identities. Page contains stale officeholder/count text, which is not used.",https://mcc.is/living-in-iceland/governance/authorities https://github.com/dr5hn/countries-states-cities-database/blob/85fb8848193db488eb7156d5b7c4d70f395a1c9f/ADMINISTRATIVE_STRUCTURE.md
5593,IS,Reykjanesbær,IS-RKN,held,"{""level"": null, ""parent_id"": null}",,held_conflict,"The national Multicultural Information Centre describes government and municipalities as the two government tiers. ISO regions would add an intervening tier; prior audit also holds municipality mergers/identities. Page contains stale officeholder/count text, which is not used.",https://mcc.is/living-in-iceland/governance/authorities https://github.com/dr5hn/countries-states-cities-database/blob/85fb8848193db488eb7156d5b7c4d70f395a1c9f/ADMINISTRATIVE_STRUCTURE.md
5594,IS,Reykjavík,IS-RKV,held,"{""level"": null, ""parent_id"": null}",,held_conflict,"The national Multicultural Information Centre describes government and municipalities as the two government tiers. ISO regions would add an intervening tier; prior audit also holds municipality mergers/identities. Page contains stale officeholder/count text, which is not used.",https://mcc.is/living-in-iceland/governance/authorities https://github.com/dr5hn/countries-states-cities-database/blob/85fb8848193db488eb7156d5b7c4d70f395a1c9f/ADMINISTRATIVE_STRUCTURE.md
5595,IS,Svalbardsstrandarhreppur,IS-SBT,held,"{""level"": null, ""parent_id"": null}",,held_conflict,"The national Multicultural Information Centre describes government and municipalities as the two government tiers. ISO regions would add an intervening tier; prior audit also holds municipality mergers/identities. Page contains stale officeholder/count text, which is not used.",https://mcc.is/living-in-iceland/governance/authorities https://github.com/dr5hn/countries-states-cities-database/blob/85fb8848193db488eb7156d5b7c4d70f395a1c9f/ADMINISTRATIVE_STRUCTURE.md
5596,IS,Suðurnesjabær,IS-SDN,held,"{""level"": null, ""parent_id"": null}",,held_conflict,"The national Multicultural Information Centre describes government and municipalities as the two government tiers. ISO regions would add an intervening tier; prior audit also holds municipality mergers/identities. Page contains stale officeholder/count text, which is not used.",https://mcc.is/living-in-iceland/governance/authorities https://github.com/dr5hn/countries-states-cities-database/blob/85fb8848193db488eb7156d5b7c4d70f395a1c9f/ADMINISTRATIVE_STRUCTURE.md
5597,IS,Súðavík,IS-SDV,held,"{""level"": null, ""parent_id"": null}",,held_conflict,"The national Multicultural Information Centre describes government and municipalities as the two government tiers. ISO regions would add an intervening tier; prior audit also holds municipality mergers/identities. Page contains stale officeholder/count text, which is not used.",https://mcc.is/living-in-iceland/governance/authorities https://github.com/dr5hn/countries-states-cities-database/blob/85fb8848193db488eb7156d5b7c4d70f395a1c9f/ADMINISTRATIVE_STRUCTURE.md
5598,IS,Seltjarnarnes,IS-SEL,held,"{""level"": null, ""parent_id"": null}",,held_conflict,"The national Multicultural Information Centre describes government and municipalities as the two government tiers. ISO regions would add an intervening tier; prior audit also holds municipality mergers/identities. Page contains stale officeholder/count text, which is not used.",https://mcc.is/living-in-iceland/governance/authorities https://github.com/dr5hn/countries-states-cities-database/blob/85fb8848193db488eb7156d5b7c4d70f395a1c9f/ADMINISTRATIVE_STRUCTURE.md
5599,IS,Árborg,IS-SFA,held,"{""level"": null, ""parent_id"": null}",,held_conflict,"The national Multicultural Information Centre describes government and municipalities as the two government tiers. ISO regions would add an intervening tier; prior audit also holds municipality mergers/identities. Page contains stale officeholder/count text, which is not used.",https://mcc.is/living-in-iceland/governance/authorities https://github.com/dr5hn/countries-states-cities-database/blob/85fb8848193db488eb7156d5b7c4d70f395a1c9f/ADMINISTRATIVE_STRUCTURE.md
5600,IS,Hornafjörður,IS-SHF,held,"{""level"": null, ""parent_id"": null}",,held_conflict,"The national Multicultural Information Centre describes government and municipalities as the two government tiers. ISO regions would add an intervening tier; prior audit also holds municipality mergers/identities. Page contains stale officeholder/count text, which is not used.",https://mcc.is/living-in-iceland/governance/authorities https://github.com/dr5hn/countries-states-cities-database/blob/85fb8848193db488eb7156d5b7c4d70f395a1c9f/ADMINISTRATIVE_STRUCTURE.md
5601,IS,Skaftárhreppur,IS-SKF,held,"{""level"": null, ""parent_id"": null}",,held_conflict,"The national Multicultural Information Centre describes government and municipalities as the two government tiers. ISO regions would add an intervening tier; prior audit also holds municipality mergers/identities. Page contains stale officeholder/count text, which is not used.",https://mcc.is/living-in-iceland/governance/authorities https://github.com/dr5hn/countries-states-cities-database/blob/85fb8848193db488eb7156d5b7c4d70f395a1c9f/ADMINISTRATIVE_STRUCTURE.md
5602,IS,Skagabyggð,IS-SKG,held,"{""level"": null, ""parent_id"": null}",,held_conflict,"The national Multicultural Information Centre describes government and municipalities as the two government tiers. ISO regions would add an intervening tier; prior audit also holds municipality mergers/identities. Page contains stale officeholder/count text, which is not used.",https://mcc.is/living-in-iceland/governance/authorities https://github.com/dr5hn/countries-states-cities-database/blob/85fb8848193db488eb7156d5b7c4d70f395a1c9f/ADMINISTRATIVE_STRUCTURE.md
5603,IS,Skorradalshreppur,IS-SKO,held,"{""level"": null, ""parent_id"": null}",,held_conflict,"The national Multicultural Information Centre describes government and municipalities as the two government tiers. ISO regions would add an intervening tier; prior audit also holds municipality mergers/identities. Page contains stale officeholder/count text, which is not used.",https://mcc.is/living-in-iceland/governance/authorities https://github.com/dr5hn/countries-states-cities-database/blob/85fb8848193db488eb7156d5b7c4d70f395a1c9f/ADMINISTRATIVE_STRUCTURE.md
5604,IS,Skagafjörður,IS-SKR,held,"{""level"": null, ""parent_id"": null}",,held_conflict,"The national Multicultural Information Centre describes government and municipalities as the two government tiers. ISO regions would add an intervening tier; prior audit also holds municipality mergers/identities. Page contains stale officeholder/count text, which is not used.",https://mcc.is/living-in-iceland/governance/authorities https://github.com/dr5hn/countries-states-cities-database/blob/85fb8848193db488eb7156d5b7c4d70f395a1c9f/ADMINISTRATIVE_STRUCTURE.md
5605,IS,Snæfellsbær,IS-SNF,held,"{""level"": null, ""parent_id"": null}",,held_conflict,"The national Multicultural Information Centre describes government and municipalities as the two government tiers. ISO regions would add an intervening tier; prior audit also holds municipality mergers/identities. Page contains stale officeholder/count text, which is not used.",https://mcc.is/living-in-iceland/governance/authorities https://github.com/dr5hn/countries-states-cities-database/blob/85fb8848193db488eb7156d5b7c4d70f395a1c9f/ADMINISTRATIVE_STRUCTURE.md
5606,IS,Skeiða- og Gnúpverjahreppur,IS-SOG,held,"{""level"": null, ""parent_id"": null}",,held_conflict,"The national Multicultural Information Centre describes government and municipalities as the two government tiers. ISO regions would add an intervening tier; prior audit also holds municipality mergers/identities. Page contains stale officeholder/count text, which is not used.",https://mcc.is/living-in-iceland/governance/authorities https://github.com/dr5hn/countries-states-cities-database/blob/85fb8848193db488eb7156d5b7c4d70f395a1c9f/ADMINISTRATIVE_STRUCTURE.md
5607,IS,Ölfus,IS-SOL,held,"{""level"": null, ""parent_id"": null}",,held_conflict,"The national Multicultural Information Centre describes government and municipalities as the two government tiers. ISO regions would add an intervening tier; prior audit also holds municipality mergers/identities. Page contains stale officeholder/count text, which is not used.",https://mcc.is/living-in-iceland/governance/authorities https://github.com/dr5hn/countries-states-cities-database/blob/85fb8848193db488eb7156d5b7c4d70f395a1c9f/ADMINISTRATIVE_STRUCTURE.md
5608,IS,Skagaströnd,IS-SSS,held,"{""level"": null, ""parent_id"": null}",,held_conflict,"The national Multicultural Information Centre describes government and municipalities as the two government tiers. ISO regions would add an intervening tier; prior audit also holds municipality mergers/identities. Page contains stale officeholder/count text, which is not used.",https://mcc.is/living-in-iceland/governance/authorities https://github.com/dr5hn/countries-states-cities-database/blob/85fb8848193db488eb7156d5b7c4d70f395a1c9f/ADMINISTRATIVE_STRUCTURE.md
5609,IS,Strandabyggð,IS-STR,held,"{""level"": null, ""parent_id"": null}",,held_conflict,"The national Multicultural Information Centre describes government and municipalities as the two government tiers. ISO regions would add an intervening tier; prior audit also holds municipality mergers/identities. Page contains stale officeholder/count text, which is not used.",https://mcc.is/living-in-iceland/governance/authorities https://github.com/dr5hn/countries-states-cities-database/blob/85fb8848193db488eb7156d5b7c4d70f395a1c9f/ADMINISTRATIVE_STRUCTURE.md
5610,IS,Stykkishólmur,IS-STY,held,"{""level"": null, ""parent_id"": null}",,held_conflict,"The national Multicultural Information Centre describes government and municipalities as the two government tiers. ISO regions would add an intervening tier; prior audit also holds municipality mergers/identities. Page contains stale officeholder/count text, which is not used.",https://mcc.is/living-in-iceland/governance/authorities https://github.com/dr5hn/countries-states-cities-database/blob/85fb8848193db488eb7156d5b7c4d70f395a1c9f/ADMINISTRATIVE_STRUCTURE.md
5611,IS,Vogar,IS-SVG,held,"{""level"": null, ""parent_id"": null}",,held_conflict,"The national Multicultural Information Centre describes government and municipalities as the two government tiers. ISO regions would add an intervening tier; prior audit also holds municipality mergers/identities. Page contains stale officeholder/count text, which is not used.",https://mcc.is/living-in-iceland/governance/authorities https://github.com/dr5hn/countries-states-cities-database/blob/85fb8848193db488eb7156d5b7c4d70f395a1c9f/ADMINISTRATIVE_STRUCTURE.md
5612,IS,Tálknafjarðarhreppur,IS-TAL,held,"{""level"": null, ""parent_id"": null}",,held_conflict,"The national Multicultural Information Centre describes government and municipalities as the two government tiers. ISO regions would add an intervening tier; prior audit also holds municipality mergers/identities. Page contains stale officeholder/count text, which is not used.",https://mcc.is/living-in-iceland/governance/authorities https://github.com/dr5hn/countries-states-cities-database/blob/85fb8848193db488eb7156d5b7c4d70f395a1c9f/ADMINISTRATIVE_STRUCTURE.md
5613,IS,Þingeyjarsveit,IS-THG,held,"{""level"": null, ""parent_id"": null}",,held_conflict,"The national Multicultural Information Centre describes government and municipalities as the two government tiers. ISO regions would add an intervening tier; prior audit also holds municipality mergers/identities. Page contains stale officeholder/count text, which is not used.",https://mcc.is/living-in-iceland/governance/authorities https://github.com/dr5hn/countries-states-cities-database/blob/85fb8848193db488eb7156d5b7c4d70f395a1c9f/ADMINISTRATIVE_STRUCTURE.md
5614,IS,Tjörneshreppur,IS-TJO,held,"{""level"": null, ""parent_id"": null}",,held_conflict,"The national Multicultural Information Centre describes government and municipalities as the two government tiers. ISO regions would add an intervening tier; prior audit also holds municipality mergers/identities. Page contains stale officeholder/count text, which is not used.",https://mcc.is/living-in-iceland/governance/authorities https://github.com/dr5hn/countries-states-cities-database/blob/85fb8848193db488eb7156d5b7c4d70f395a1c9f/ADMINISTRATIVE_STRUCTURE.md
5615,IS,Vestmannaeyjar,IS-VEM,held,"{""level"": null, ""parent_id"": null}",,held_conflict,"The national Multicultural Information Centre describes government and municipalities as the two government tiers. ISO regions would add an intervening tier; prior audit also holds municipality mergers/identities. Page contains stale officeholder/count text, which is not used.",https://mcc.is/living-in-iceland/governance/authorities https://github.com/dr5hn/countries-states-cities-database/blob/85fb8848193db488eb7156d5b7c4d70f395a1c9f/ADMINISTRATIVE_STRUCTURE.md
5616,IS,Vesturbyggð,IS-VER,held,"{""level"": null, ""parent_id"": null}",,held_conflict,"The national Multicultural Information Centre describes government and municipalities as the two government tiers. ISO regions would add an intervening tier; prior audit also holds municipality mergers/identities. Page contains stale officeholder/count text, which is not used.",https://mcc.is/living-in-iceland/governance/authorities https://github.com/dr5hn/countries-states-cities-database/blob/85fb8848193db488eb7156d5b7c4d70f395a1c9f/ADMINISTRATIVE_STRUCTURE.md
5617,IS,Vopnafjarðarhreppur,IS-VOP,held,"{""level"": null, ""parent_id"": null}",,held_conflict,"The national Multicultural Information Centre describes government and municipalities as the two government tiers. ISO regions would add an intervening tier; prior audit also holds municipality mergers/identities. Page contains stale officeholder/count text, which is not used.",https://mcc.is/living-in-iceland/governance/authorities https://github.com/dr5hn/countries-states-cities-database/blob/85fb8848193db488eb7156d5b7c4d70f395a1c9f/ADMINISTRATIVE_STRUCTURE.md
5309,JE,Grouville,JE-01,changed,"{""level"": 3}","{""level"": 1}",national,"See national_evidence.JE; country-relative target {""level"": 1, ""parent_id"": null}",https://www.gov.je/LifeEvents/MovingToJersey/SettlingIn/Pages/ParishLife.aspx
5310,JE,St Brelade,JE-02,changed,"{""level"": 3}","{""level"": 1}",national,"See national_evidence.JE; country-relative target {""level"": 1, ""parent_id"": null}",https://www.gov.je/LifeEvents/MovingToJersey/SettlingIn/Pages/ParishLife.aspx
5311,JE,St Clement,JE-03,changed,"{""level"": 3}","{""level"": 1}",national,"See national_evidence.JE; country-relative target {""level"": 1, ""parent_id"": null}",https://www.gov.je/LifeEvents/MovingToJersey/SettlingIn/Pages/ParishLife.aspx
5312,JE,St Helier,JE-04,changed,"{""level"": 3}","{""level"": 1}",national,"See national_evidence.JE; country-relative target {""level"": 1, ""parent_id"": null}",https://www.gov.je/LifeEvents/MovingToJersey/SettlingIn/Pages/ParishLife.aspx
5313,JE,St John,JE-05,changed,"{""level"": 3}","{""level"": 1}",national,"See national_evidence.JE; country-relative target {""level"": 1, ""parent_id"": null}",https://www.gov.je/LifeEvents/MovingToJersey/SettlingIn/Pages/ParishLife.aspx
5314,JE,St Lawrence,JE-06,changed,"{""level"": 3}","{""level"": 1}",national,"See national_evidence.JE; country-relative target {""level"": 1, ""parent_id"": null}",https://www.gov.je/LifeEvents/MovingToJersey/SettlingIn/Pages/ParishLife.aspx
5315,JE,St Martin,JE-07,changed,"{""level"": 3}","{""level"": 1}",national,"See national_evidence.JE; country-relative target {""level"": 1, ""parent_id"": null}",https://www.gov.je/LifeEvents/MovingToJersey/SettlingIn/Pages/ParishLife.aspx
5316,JE,St Mary,JE-08,changed,"{""level"": 3}","{""level"": 1}",national,"See national_evidence.JE; country-relative target {""level"": 1, ""parent_id"": null}",https://www.gov.je/LifeEvents/MovingToJersey/SettlingIn/Pages/ParishLife.aspx
5317,JE,St Ouen,JE-09,changed,"{""level"": 3}","{""level"": 1}",national,"See national_evidence.JE; country-relative target {""level"": 1, ""parent_id"": null}",https://www.gov.je/LifeEvents/MovingToJersey/SettlingIn/Pages/ParishLife.aspx
5318,JE,St Peter,JE-10,changed,"{""level"": 3}","{""level"": 1}",national,"See national_evidence.JE; country-relative target {""level"": 1, ""parent_id"": null}",https://www.gov.je/LifeEvents/MovingToJersey/SettlingIn/Pages/ParishLife.aspx
5319,JE,St Saviour,JE-11,changed,"{""level"": 3}","{""level"": 1}",national,"See national_evidence.JE; country-relative target {""level"": 1, ""parent_id"": null}",https://www.gov.je/LifeEvents/MovingToJersey/SettlingIn/Pages/ParishLife.aspx
5320,JE,Trinity,JE-12,changed,"{""level"": 3}","{""level"": 1}",national,"See national_evidence.JE; country-relative target {""level"": 1, ""parent_id"": null}",https://www.gov.je/LifeEvents/MovingToJersey/SettlingIn/Pages/ParishLife.aspx
3742,JM,Westmoreland,JM-10,changed,"{""level"": null}","{""level"": 1}",iso,ISO 3166-2 depth and parent,
3743,JM,Saint Elizabeth,JM-11,changed,"{""level"": null}","{""level"": 1}",iso,ISO 3166-2 depth and parent,
3744,JM,Saint Ann,JM-06,changed,"{""level"": null}","{""level"": 1}",iso,ISO 3166-2 depth and parent,
3745,JM,Saint James,JM-08,changed,"{""level"": null}","{""level"": 1}",iso,ISO 3166-2 depth and parent,
3746,JM,Saint Catherine,JM-14,changed,"{""level"": null}","{""level"": 1}",iso,ISO 3166-2 depth and parent,
3747,JM,Saint Mary,JM-05,changed,"{""level"": null}","{""level"": 1}",iso,ISO 3166-2 depth and parent,
3748,JM,Kingston,JM-01,changed,"{""level"": null}","{""level"": 1}",iso,ISO 3166-2 depth and parent,
3749,JM,Hanover,JM-09,changed,"{""level"": null}","{""level"": 1}",iso,ISO 3166-2 depth and parent,
3750,JM,Saint Thomas,JM-03,changed,"{""level"": null}","{""level"": 1}",iso,ISO 3166-2 depth and parent,
3751,JM,Saint Andrew,JM-02,changed,"{""level"": null}","{""level"": 1}",iso,ISO 3166-2 depth and parent,
3752,JM,Portland,JM-04,changed,"{""level"": null}","{""level"": 1}",iso,ISO 3166-2 depth and parent,
3753,JM,Clarendon,JM-13,changed,"{""level"": null}","{""level"": 1}",iso,ISO 3166-2 depth and parent,
3754,JM,Manchester,JM-12,changed,"{""level"": null}","{""level"": 1}",iso,ISO 3166-2 depth and parent,
3755,JM,Trelawny,JM-07,changed,"{""level"": null}","{""level"": 1}",iso,ISO 3166-2 depth and parent,
956,JO,Karak,JO-KA,changed,"{""level"": null}","{""level"": 1}",iso,ISO 3166-2 depth and parent,
957,JO,Tafilah,JO-AT,changed,"{""level"": null}","{""level"": 1}",iso,ISO 3166-2 depth and parent,
958,JO,Madaba,JO-MD,changed,"{""level"": null}","{""level"": 1}",iso,ISO 3166-2 depth and parent,
959,JO,Aqaba,JO-AQ,changed,"{""level"": null}","{""level"": 1}",iso,ISO 3166-2 depth and parent,
960,JO,Irbid,JO-IR,changed,"{""level"": null}","{""level"": 1}",iso,ISO 3166-2 depth and parent,
961,JO,Balqa,JO-BA,changed,"{""level"": null}","{""level"": 1}",iso,ISO 3166-2 depth and parent,
962,JO,Mafraq,JO-MA,changed,"{""level"": null}","{""level"": 1}",iso,ISO 3166-2 depth and parent,
963,JO,Ajloun,JO-AJ,changed,"{""level"": null}","{""level"": 1}",iso,ISO 3166-2 depth and parent,
964,JO,Ma'an,JO-MN,changed,"{""level"": null}","{""level"": 1}",iso,ISO 3166-2 depth and parent,
965,JO,Amman,JO-AM,changed,"{""level"": null}","{""level"": 1}",iso,ISO 3166-2 depth and parent,
966,JO,Jerash,JO-JA,changed,"{""level"": null}","{""level"": 1}",iso,ISO 3166-2 depth and parent,
967,JO,Zarqa,JO-AZ,changed,"{""level"": null}","{""level"": 1}",iso,ISO 3166-2 depth and parent,
820,JP,Okayama,JP-33,changed,"{""level"": null}","{""level"": 1}",iso,ISO 3166-2 depth and parent,
821,JP,Chiba,JP-12,changed,"{""level"": null}","{""level"": 1}",iso,ISO 3166-2 depth and parent,
822,JP,Ōita,JP-44,changed,"{""level"": null}","{""level"": 1}",iso,ISO 3166-2 depth and parent,
823,JP,Tokyo,JP-13,changed,"{""level"": null}","{""level"": 1}",iso,ISO 3166-2 depth and parent,
824,JP,Nara,JP-29,changed,"{""level"": null}","{""level"": 1}",iso,ISO 3166-2 depth and parent,
825,JP,Shizuoka,JP-22,changed,"{""level"": null}","{""level"": 1}",iso,ISO 3166-2 depth and parent,
826,JP,Shimane,JP-32,changed,"{""level"": null}","{""level"": 1}",iso,ISO 3166-2 depth and parent,
827,JP,Aichi,JP-23,changed,"{""level"": null}","{""level"": 1}",iso,ISO 3166-2 depth and parent,
828,JP,Hiroshima,JP-34,changed,"{""level"": null}","{""level"": 1}",iso,ISO 3166-2 depth and parent,
829,JP,Akita,JP-05,changed,"{""level"": null}","{""level"": 1}",iso,ISO 3166-2 depth and parent,
830,JP,Ishikawa,JP-17,changed,"{""level"": null}","{""level"": 1}",iso,ISO 3166-2 depth and parent,
831,JP,Hyōgo,JP-28,changed,"{""level"": null}","{""level"": 1}",iso,ISO 3166-2 depth and parent,
832,JP,Hokkaidō,JP-01,changed,"{""level"": null}","{""level"": 1}",iso,ISO 3166-2 depth and parent,
833,JP,Mie,JP-24,changed,"{""level"": null}","{""level"": 1}",iso,ISO 3166-2 depth and parent,
834,JP,Kyōto,JP-26,changed,"{""level"": null}","{""level"": 1}",iso,ISO 3166-2 depth and parent,
835,JP,Yamaguchi,JP-35,changed,"{""level"": null}","{""level"": 1}",iso,ISO 3166-2 depth and parent,
836,JP,Tokushima,JP-36,changed,"{""level"": null}","{""level"": 1}",iso,ISO 3166-2 depth and parent,
837,JP,Yamagata,JP-06,changed,"{""level"": null}","{""level"": 1}",iso,ISO 3166-2 depth and parent,
838,JP,Toyama,JP-16,changed,"{""level"": null}","{""level"": 1}",iso,ISO 3166-2 depth and parent,
839,JP,Aomori,JP-02,changed,"{""level"": null}","{""level"": 1}",iso,ISO 3166-2 depth and parent,
840,JP,Kagoshima,JP-46,changed,"{""level"": null}","{""level"": 1}",iso,ISO 3166-2 depth and parent,
841,JP,Niigata,JP-15,changed,"{""level"": null}","{""level"": 1}",iso,ISO 3166-2 depth and parent,
842,JP,Kanagawa,JP-14,changed,"{""level"": null}","{""level"": 1}",iso,ISO 3166-2 depth and parent,
843,JP,Nagano,JP-20,changed,"{""level"": null}","{""level"": 1}",iso,ISO 3166-2 depth and parent,
844,JP,Wakayama,JP-30,changed,"{""level"": null}","{""level"": 1}",iso,ISO 3166-2 depth and parent,
845,JP,Shiga,JP-25,changed,"{""level"": null}","{""level"": 1}",iso,ISO 3166-2 depth and parent,
846,JP,Kumamoto,JP-43,changed,"{""level"": null}","{""level"": 1}",iso,ISO 3166-2 depth and parent,
847,JP,Fukushima,JP-07,changed,"{""level"": null}","{""level"": 1}",iso,ISO 3166-2 depth and parent,
848,JP,Fukui,JP-18,changed,"{""level"": null}","{""level"": 1}",iso,ISO 3166-2 depth and parent,
849,JP,Nagasaki,JP-42,changed,"{""level"": null}","{""level"": 1}",iso,ISO 3166-2 depth and parent,
850,JP,Tottori,JP-31,changed,"{""level"": null}","{""level"": 1}",iso,ISO 3166-2 depth and parent,
851,JP,Ibaraki,JP-08,changed,"{""level"": null}","{""level"": 1}",iso,ISO 3166-2 depth and parent,
852,JP,Yamanashi,JP-19,changed,"{""level"": null}","{""level"": 1}",iso,ISO 3166-2 depth and parent,
853,JP,Okinawa,JP-47,changed,"{""level"": null}","{""level"": 1}",iso,ISO 3166-2 depth and parent,
854,JP,Tochigi,JP-09,changed,"{""level"": null}","{""level"": 1}",iso,ISO 3166-2 depth and parent,
855,JP,Miyazaki,JP-45,changed,"{""level"": null}","{""level"": 1}",iso,ISO 3166-2 depth and parent,
856,JP,Iwate,JP-03,changed,"{""level"": null}","{""level"": 1}",iso,ISO 3166-2 depth and parent,
857,JP,Miyagi,JP-04,changed,"{""level"": null}","{""level"": 1}",iso,ISO 3166-2 depth and parent,
858,JP,Gifu,JP-21,changed,"{""level"": null}","{""level"": 1}",iso,ISO 3166-2 depth and parent,
859,JP,Ōsaka,JP-27,changed,"{""level"": null}","{""level"": 1}",iso,ISO 3166-2 depth and parent,
860,JP,Saitama,JP-11,changed,"{""level"": null}","{""level"": 1}",iso,ISO 3166-2 depth and parent,
861,JP,Fukuoka,JP-40,changed,"{""level"": null}","{""level"": 1}",iso,ISO 3166-2 depth and parent,
862,JP,Gunma,JP-10,changed,"{""level"": null}","{""level"": 1}",iso,ISO 3166-2 depth and parent,
863,JP,Saga,JP-41,changed,"{""level"": null}","{""level"": 1}",iso,ISO 3166-2 depth and parent,
864,JP,Kagawa,JP-37,changed,"{""level"": null}","{""level"": 1}",iso,ISO 3166-2 depth and parent,
865,JP,Ehime,JP-38,changed,"{""level"": null}","{""level"": 1}",iso,ISO 3166-2 depth and parent,
4924,JP,Kōchi,JP-39,changed,"{""level"": null}","{""level"": 1}",iso,ISO 3166-2 depth and parent,
158,KE,Kakamega,KE-11,changed,"{""level"": null}","{""level"": 1}",iso,ISO 3166-2 depth and parent,
159,KE,Kisii,KE-16,changed,"{""level"": null}","{""level"": 1}",iso,ISO 3166-2 depth and parent,
161,KE,Busia,KE-04,changed,"{""level"": null}","{""level"": 1}",iso,ISO 3166-2 depth and parent,
163,KE,Embu,KE-06,changed,"{""level"": null}","{""level"": 1}",iso,ISO 3166-2 depth and parent,
164,KE,Laikipia,KE-20,changed,"{""level"": null}","{""level"": 1}",iso,ISO 3166-2 depth and parent,
165,KE,Nandi,KE-32,changed,"{""level"": null}","{""level"": 1}",iso,ISO 3166-2 depth and parent,
166,KE,Lamu,KE-21,changed,"{""level"": null}","{""level"": 1}",iso,ISO 3166-2 depth and parent,
167,KE,Kirinyaga,KE-15,changed,"{""level"": null}","{""level"": 1}",iso,ISO 3166-2 depth and parent,
168,KE,Bungoma,KE-03,changed,"{""level"": null}","{""level"": 1}",iso,ISO 3166-2 depth and parent,
169,KE,Uasin Gishu,KE-44,changed,"{""level"": null}","{""level"": 1}",iso,ISO 3166-2 depth and parent,
170,KE,Isiolo,KE-09,changed,"{""level"": null}","{""level"": 1}",iso,ISO 3166-2 depth and parent,
171,KE,Kisumu,KE-17,changed,"{""level"": null}","{""level"": 1}",iso,ISO 3166-2 depth and parent,
173,KE,Kwale,KE-19,changed,"{""level"": null}","{""level"": 1}",iso,ISO 3166-2 depth and parent,
174,KE,Kilifi,KE-14,changed,"{""level"": null}","{""level"": 1}",iso,ISO 3166-2 depth and parent,
175,KE,Narok,KE-33,changed,"{""level"": null}","{""level"": 1}",iso,ISO 3166-2 depth and parent,
176,KE,Taita–Taveta,KE-39,changed,"{""level"": null}","{""level"": 1}",iso,ISO 3166-2 depth and parent,
178,KE,Murang'a,KE-29,changed,"{""level"": null}","{""level"": 1}",iso,ISO 3166-2 depth and parent,
180,KE,Nyeri,KE-36,changed,"{""level"": null}","{""level"": 1}",iso,ISO 3166-2 depth and parent,
181,KE,Baringo,KE-01,changed,"{""level"": null}","{""level"": 1}",iso,ISO 3166-2 depth and parent,
182,KE,Wajir,KE-46,changed,"{""level"": null}","{""level"": 1}",iso,ISO 3166-2 depth and parent,
183,KE,Trans Nzoia,KE-42,changed,"{""level"": null}","{""level"": 1}",iso,ISO 3166-2 depth and parent,
184,KE,Machakos,KE-22,changed,"{""level"": null}","{""level"": 1}",iso,ISO 3166-2 depth and parent,
185,KE,Tharaka-Nithi,KE-41,changed,"{""level"": null}","{""level"": 1}",iso,ISO 3166-2 depth and parent,
186,KE,Siaya,KE-38,changed,"{""level"": null}","{""level"": 1}",iso,ISO 3166-2 depth and parent,
187,KE,Mandera,KE-24,changed,"{""level"": null}","{""level"": 1}",iso,ISO 3166-2 depth and parent,
188,KE,Makueni,KE-23,changed,"{""level"": null}","{""level"": 1}",iso,ISO 3166-2 depth and parent,
190,KE,Migori,KE-27,changed,"{""level"": null}","{""level"": 1}",iso,ISO 3166-2 depth and parent,
191,KE,Nairobi City,KE-30,changed,"{""level"": null}","{""level"": 1}",iso,ISO 3166-2 depth and parent,
192,KE,Nyandarua,KE-35,changed,"{""level"": null}","{""level"": 1}",iso,ISO 3166-2 depth and parent,
193,KE,Kericho,KE-12,changed,"{""level"": null}","{""level"": 1}",iso,ISO 3166-2 depth and parent,
194,KE,Marsabit,KE-25,changed,"{""level"": null}","{""level"": 1}",iso,ISO 3166-2 depth and parent,
195,KE,Homa Bay,KE-08,changed,"{""level"": null}","{""level"": 1}",iso,ISO 3166-2 depth and parent,
196,KE,Garissa,KE-07,changed,"{""level"": null}","{""level"": 1}",iso,ISO 3166-2 depth and parent,
197,KE,Kajiado,KE-10,changed,"{""level"": null}","{""level"": 1}",iso,ISO 3166-2 depth and parent,
198,KE,Meru,KE-26,changed,"{""level"": null}","{""level"": 1}",iso,ISO 3166-2 depth and parent,
199,KE,Kiambu,KE-13,changed,"{""level"": null}","{""level"": 1}",iso,ISO 3166-2 depth and parent,
200,KE,Mombasa,KE-28,changed,"{""level"": null}","{""level"": 1}",iso,ISO 3166-2 depth and parent,
201,KE,Elgeyo-Marakwet,KE-05,changed,"{""level"": null}","{""level"": 1}",iso,ISO 3166-2 depth and parent,
202,KE,Vihiga,KE-45,changed,"{""level"": null}","{""level"": 1}",iso,ISO 3166-2 depth and parent,
203,KE,Nakuru,KE-31,changed,"{""level"": null}","{""level"": 1}",iso,ISO 3166-2 depth and parent,
205,KE,Tana River,KE-40,changed,"{""level"": null}","{""level"": 1}",iso,ISO 3166-2 depth and parent,
206,KE,Turkana,KE-43,changed,"{""level"": null}","{""level"": 1}",iso,ISO 3166-2 depth and parent,
207,KE,Samburu,KE-37,changed,"{""level"": null}","{""level"": 1}",iso,ISO 3166-2 depth and parent,
208,KE,West Pokot,KE-47,changed,"{""level"": null}","{""level"": 1}",iso,ISO 3166-2 depth and parent,
209,KE,Nyamira,KE-34,changed,"{""level"": null}","{""level"": 1}",iso,ISO 3166-2 depth and parent,
210,KE,Bomet,KE-02,changed,"{""level"": null}","{""level"": 1}",iso,ISO 3166-2 depth and parent,
211,KE,Kitui,KE-18,changed,"{""level"": null}","{""level"": 1}",iso,ISO 3166-2 depth and parent,
997,KG,Talas,KG-T,changed,"{""level"": null}","{""level"": 1}",iso,ISO 3166-2 depth and parent,
998,KG,Batken,KG-B,changed,"{""level"": null}","{""level"": 1}",iso,ISO 3166-2 depth and parent,
999,KG,Naryn,KG-N,changed,"{""level"": null}","{""level"": 1}",iso,ISO 3166-2 depth and parent,
1000,KG,Jalal-Abad,KG-J,changed,"{""level"": null}","{""level"": 1}",iso,ISO 3166-2 depth and parent,
1001,KG,Bishkek,KG-GB,changed,"{""level"": null}","{""level"": 1}",iso,ISO 3166-2 depth and parent,
1002,KG,Issyk-Kul,KG-Y,changed,"{""level"": null}","{""level"": 1}",iso,ISO 3166-2 depth and parent,
1003,KG,Osh,KG-GO,changed,"{""level"": null}","{""level"": 1}",iso,ISO 3166-2 depth and parent,
1004,KG,Chuy,KG-C,changed,"{""level"": null}","{""level"": 1}",iso,ISO 3166-2 depth and parent,
1005,KG,Osh,KG-O,changed,"{""level"": null}","{""level"": 1}",iso,ISO 3166-2 depth and parent,
3972,KH,Svay Rieng,KH-20,changed,"{""level"": null}","{""level"": 1}",iso,ISO 3166-2 depth and parent,
3973,KH,Preah Vihear,KH-13,changed,"{""level"": null}","{""level"": 1}",iso,ISO 3166-2 depth and parent,
3974,KH,Prey Veng,KH-14,changed,"{""level"": null}","{""level"": 1}",iso,ISO 3166-2 depth and parent,
3975,KH,Takeo,KH-21,changed,"{""level"": null}","{""level"": 1}",iso,ISO 3166-2 depth and parent,
3976,KH,Battambang,KH-2,changed,"{""level"": null}","{""level"": 1}",iso,ISO 3166-2 depth and parent,
3977,KH,Pursat,KH-15,changed,"{""level"": null}","{""level"": 1}",iso,ISO 3166-2 depth and parent,
3978,KH,Kep,KH-23,changed,"{""level"": null}","{""level"": 1}",iso,ISO 3166-2 depth and parent,
3979,KH,Kampong Chhnang,KH-4,changed,"{""level"": null}","{""level"": 1}",iso,ISO 3166-2 depth and parent,
3980,KH,Pailin,KH-24,changed,"{""level"": null}","{""level"": 1}",iso,ISO 3166-2 depth and parent,
3981,KH,Kampot,KH-7,changed,"{""level"": null}","{""level"": 1}",iso,ISO 3166-2 depth and parent,
3982,KH,Koh Kong,KH-9,changed,"{""level"": null}","{""level"": 1}",iso,ISO 3166-2 depth and parent,
3983,KH,Kandal,KH-8,changed,"{""level"": null}","{""level"": 1}",iso,ISO 3166-2 depth and parent,
3984,KH,Banteay Meanchey,KH-1,changed,"{""level"": null}","{""level"": 1}",iso,ISO 3166-2 depth and parent,
3985,KH,Mondulkiri,KH-11,changed,"{""level"": null}","{""level"": 1}",iso,ISO 3166-2 depth and parent,
3986,KH,Kratie,KH-10,changed,"{""level"": null}","{""level"": 1}",iso,ISO 3166-2 depth and parent,
3987,KH,Oddar Meanchey,KH-22,changed,"{""level"": null}","{""level"": 1}",iso,ISO 3166-2 depth and parent,
3988,KH,Kampong Speu,KH-5,changed,"{""level"": null}","{""level"": 1}",iso,ISO 3166-2 depth and parent,
3989,KH,Sihanoukville,KH-18,changed,"{""level"": null}","{""level"": 1}",iso,ISO 3166-2 depth and parent,
3990,KH,Ratanakiri,KH-16,changed,"{""level"": null}","{""level"": 1}",iso,ISO 3166-2 depth and parent,
3991,KH,Kampong Cham,KH-3,changed,"{""level"": null}","{""level"": 1}",iso,ISO 3166-2 depth and parent,
3992,KH,Siem Reap,KH-17,changed,"{""level"": null}","{""level"": 1}",iso,ISO 3166-2 depth and parent,
3993,KH,Stung Treng,KH-19,changed,"{""level"": null}","{""level"": 1}",iso,ISO 3166-2 depth and parent,
3994,KH,Phnom Penh,KH-12,changed,"{""level"": null}","{""level"": 1}",iso,ISO 3166-2 depth and parent,
5537,KH,Tboung Khmum,KH-25,changed,"{""level"": null}","{""level"": 1}",iso,ISO 3166-2 depth and parent,
1830,KI,Phoenix,KI-P,held,"{""level"": 4, ""parent_id"": null}",,held_conflict,"ISO Gilbert/Line/Phoenix are island groups. The ministry identifies 23 island/urban councils, while NSO uses five districts, not three island-group governments. Hold the geographic-group convention rather than assign administrative depth from ISO root membership.",https://www.mcia.gov.ki/island-profiles https://github.com/dr5hn/countries-states-cities-database/blob/85fb8848193db488eb7156d5b7c4d70f395a1c9f/ADMINISTRATIVE_STRUCTURE.md
1831,KI,Gilbert,KI-G,held,"{""level"": 4, ""parent_id"": null}",,held_conflict,"ISO Gilbert/Line/Phoenix are island groups. The ministry identifies 23 island/urban councils, while NSO uses five districts, not three island-group governments. Hold the geographic-group convention rather than assign administrative depth from ISO root membership.",https://www.mcia.gov.ki/island-profiles https://github.com/dr5hn/countries-states-cities-database/blob/85fb8848193db488eb7156d5b7c4d70f395a1c9f/ADMINISTRATIVE_STRUCTURE.md
1832,KI,Line,KI-L,held,"{""level"": 4, ""parent_id"": null}",,held_conflict,"ISO Gilbert/Line/Phoenix are island groups. The ministry identifies 23 island/urban councils, while NSO uses five districts, not three island-group governments. Hold the geographic-group convention rather than assign administrative depth from ISO root membership.",https://www.mcia.gov.ki/island-profiles https://github.com/dr5hn/countries-states-cities-database/blob/85fb8848193db488eb7156d5b7c4d70f395a1c9f/ADMINISTRATIVE_STRUCTURE.md
2820,KM,Mohéli,KM-M,changed,"{""level"": null}","{""level"": 1}",iso,ISO 3166-2 depth and parent,
2821,KM,Anjouan,KM-A,changed,"{""level"": null}","{""level"": 1}",iso,ISO 3166-2 depth and parent,
2822,KM,Grande Comore,KM-G,changed,"{""level"": null}","{""level"": 1}",iso,ISO 3166-2 depth and parent,
3831,KN,Saint Peter Basseterre,KN-11,held,"{""level"": 1, ""parent_id"": 3841}",,held_conflict,"The constitution establishes a special Nevis Island legislature/administration, while parishes also appear in electoral descriptions. A uniform two-island/parish administrative depth is not established by those provisions; hold rather than force the ISO grouping.",https://www.gov.kn/wp-content/uploads/2020/07/constitution-of-st-kitts-and-nevis.pdf https://github.com/dr5hn/countries-states-cities-database/blob/85fb8848193db488eb7156d5b7c4d70f395a1c9f/ADMINISTRATIVE_STRUCTURE.md
3832,KN,Nevis,KN-N,held,"{""level"": null, ""parent_id"": null}",,held_conflict,"The constitution establishes a special Nevis Island legislature/administration, while parishes also appear in electoral descriptions. A uniform two-island/parish administrative depth is not established by those provisions; hold rather than force the ISO grouping.",https://www.gov.kn/wp-content/uploads/2020/07/constitution-of-st-kitts-and-nevis.pdf https://github.com/dr5hn/countries-states-cities-database/blob/85fb8848193db488eb7156d5b7c4d70f395a1c9f/ADMINISTRATIVE_STRUCTURE.md
3833,KN,Christ Church Nichola Town,KN-01,held,"{""level"": 1, ""parent_id"": 3841}",,held_conflict,"The constitution establishes a special Nevis Island legislature/administration, while parishes also appear in electoral descriptions. A uniform two-island/parish administrative depth is not established by those provisions; hold rather than force the ISO grouping.",https://www.gov.kn/wp-content/uploads/2020/07/constitution-of-st-kitts-and-nevis.pdf https://github.com/dr5hn/countries-states-cities-database/blob/85fb8848193db488eb7156d5b7c4d70f395a1c9f/ADMINISTRATIVE_STRUCTURE.md
3834,KN,Saint Paul Capisterre,KN-09,held,"{""level"": 1, ""parent_id"": 3841}",,held_conflict,"The constitution establishes a special Nevis Island legislature/administration, while parishes also appear in electoral descriptions. A uniform two-island/parish administrative depth is not established by those provisions; hold rather than force the ISO grouping.",https://www.gov.kn/wp-content/uploads/2020/07/constitution-of-st-kitts-and-nevis.pdf https://github.com/dr5hn/countries-states-cities-database/blob/85fb8848193db488eb7156d5b7c4d70f395a1c9f/ADMINISTRATIVE_STRUCTURE.md
3835,KN,Saint James Windward,KN-05,held,"{""level"": 1, ""parent_id"": 3832}",,held_conflict,"The constitution establishes a special Nevis Island legislature/administration, while parishes also appear in electoral descriptions. A uniform two-island/parish administrative depth is not established by those provisions; hold rather than force the ISO grouping.",https://www.gov.kn/wp-content/uploads/2020/07/constitution-of-st-kitts-and-nevis.pdf https://github.com/dr5hn/countries-states-cities-database/blob/85fb8848193db488eb7156d5b7c4d70f395a1c9f/ADMINISTRATIVE_STRUCTURE.md
3836,KN,Saint Anne Sandy Point,KN-02,held,"{""level"": 1, ""parent_id"": 3841}",,held_conflict,"The constitution establishes a special Nevis Island legislature/administration, while parishes also appear in electoral descriptions. A uniform two-island/parish administrative depth is not established by those provisions; hold rather than force the ISO grouping.",https://www.gov.kn/wp-content/uploads/2020/07/constitution-of-st-kitts-and-nevis.pdf https://github.com/dr5hn/countries-states-cities-database/blob/85fb8848193db488eb7156d5b7c4d70f395a1c9f/ADMINISTRATIVE_STRUCTURE.md
3837,KN,Saint George Gingerland,KN-04,held,"{""level"": 1, ""parent_id"": 3832}",,held_conflict,"The constitution establishes a special Nevis Island legislature/administration, while parishes also appear in electoral descriptions. A uniform two-island/parish administrative depth is not established by those provisions; hold rather than force the ISO grouping.",https://www.gov.kn/wp-content/uploads/2020/07/constitution-of-st-kitts-and-nevis.pdf https://github.com/dr5hn/countries-states-cities-database/blob/85fb8848193db488eb7156d5b7c4d70f395a1c9f/ADMINISTRATIVE_STRUCTURE.md
3838,KN,Saint Paul Charlestown,KN-10,held,"{""level"": 1, ""parent_id"": 3832}",,held_conflict,"The constitution establishes a special Nevis Island legislature/administration, while parishes also appear in electoral descriptions. A uniform two-island/parish administrative depth is not established by those provisions; hold rather than force the ISO grouping.",https://www.gov.kn/wp-content/uploads/2020/07/constitution-of-st-kitts-and-nevis.pdf https://github.com/dr5hn/countries-states-cities-database/blob/85fb8848193db488eb7156d5b7c4d70f395a1c9f/ADMINISTRATIVE_STRUCTURE.md
3839,KN,Saint Thomas Lowland,KN-12,held,"{""level"": 1, ""parent_id"": 3832}",,held_conflict,"The constitution establishes a special Nevis Island legislature/administration, while parishes also appear in electoral descriptions. A uniform two-island/parish administrative depth is not established by those provisions; hold rather than force the ISO grouping.",https://www.gov.kn/wp-content/uploads/2020/07/constitution-of-st-kitts-and-nevis.pdf https://github.com/dr5hn/countries-states-cities-database/blob/85fb8848193db488eb7156d5b7c4d70f395a1c9f/ADMINISTRATIVE_STRUCTURE.md
3840,KN,Saint John Figtree,KN-07,held,"{""level"": 1, ""parent_id"": 3832}",,held_conflict,"The constitution establishes a special Nevis Island legislature/administration, while parishes also appear in electoral descriptions. A uniform two-island/parish administrative depth is not established by those provisions; hold rather than force the ISO grouping.",https://www.gov.kn/wp-content/uploads/2020/07/constitution-of-st-kitts-and-nevis.pdf https://github.com/dr5hn/countries-states-cities-database/blob/85fb8848193db488eb7156d5b7c4d70f395a1c9f/ADMINISTRATIVE_STRUCTURE.md
3841,KN,Saint Kitts,KN-K,held,"{""level"": null, ""parent_id"": null}",,held_conflict,"The constitution establishes a special Nevis Island legislature/administration, while parishes also appear in electoral descriptions. A uniform two-island/parish administrative depth is not established by those provisions; hold rather than force the ISO grouping.",https://www.gov.kn/wp-content/uploads/2020/07/constitution-of-st-kitts-and-nevis.pdf https://github.com/dr5hn/countries-states-cities-database/blob/85fb8848193db488eb7156d5b7c4d70f395a1c9f/ADMINISTRATIVE_STRUCTURE.md
3842,KN,Saint Thomas Middle Island,KN-13,held,"{""level"": 1, ""parent_id"": 3841}",,held_conflict,"The constitution establishes a special Nevis Island legislature/administration, while parishes also appear in electoral descriptions. A uniform two-island/parish administrative depth is not established by those provisions; hold rather than force the ISO grouping.",https://www.gov.kn/wp-content/uploads/2020/07/constitution-of-st-kitts-and-nevis.pdf https://github.com/dr5hn/countries-states-cities-database/blob/85fb8848193db488eb7156d5b7c4d70f395a1c9f/ADMINISTRATIVE_STRUCTURE.md
3843,KN,Trinity Palmetto Point,KN-15,held,"{""level"": 1, ""parent_id"": 3841}",,held_conflict,"The constitution establishes a special Nevis Island legislature/administration, while parishes also appear in electoral descriptions. A uniform two-island/parish administrative depth is not established by those provisions; hold rather than force the ISO grouping.",https://www.gov.kn/wp-content/uploads/2020/07/constitution-of-st-kitts-and-nevis.pdf https://github.com/dr5hn/countries-states-cities-database/blob/85fb8848193db488eb7156d5b7c4d70f395a1c9f/ADMINISTRATIVE_STRUCTURE.md
3844,KN,Saint Mary Cayon,KN-08,held,"{""level"": 1, ""parent_id"": 3841}",,held_conflict,"The constitution establishes a special Nevis Island legislature/administration, while parishes also appear in electoral descriptions. A uniform two-island/parish administrative depth is not established by those provisions; hold rather than force the ISO grouping.",https://www.gov.kn/wp-content/uploads/2020/07/constitution-of-st-kitts-and-nevis.pdf https://github.com/dr5hn/countries-states-cities-database/blob/85fb8848193db488eb7156d5b7c4d70f395a1c9f/ADMINISTRATIVE_STRUCTURE.md
3845,KN,Saint John Capisterre,KN-06,held,"{""level"": 1, ""parent_id"": 3841}",,held_conflict,"The constitution establishes a special Nevis Island legislature/administration, while parishes also appear in electoral descriptions. A uniform two-island/parish administrative depth is not established by those provisions; hold rather than force the ISO grouping.",https://www.gov.kn/wp-content/uploads/2020/07/constitution-of-st-kitts-and-nevis.pdf https://github.com/dr5hn/countries-states-cities-database/blob/85fb8848193db488eb7156d5b7c4d70f395a1c9f/ADMINISTRATIVE_STRUCTURE.md
5348,KN,Saint George Basseterre,KN-03,held,"{""level"": 1, ""parent_id"": 3841}",,held_conflict,"The constitution establishes a special Nevis Island legislature/administration, while parishes also appear in electoral descriptions. A uniform two-island/parish administrative depth is not established by those provisions; hold rather than force the ISO grouping.",https://www.gov.kn/wp-content/uploads/2020/07/constitution-of-st-kitts-and-nevis.pdf https://github.com/dr5hn/countries-states-cities-database/blob/85fb8848193db488eb7156d5b7c4d70f395a1c9f/ADMINISTRATIVE_STRUCTURE.md
3995,KP,North Hamgyong,KP-09,changed,"{""level"": null}","{""level"": 1}",iso,ISO 3166-2 depth and parent,
3996,KP,Ryanggang,KP-10,changed,"{""level"": null}","{""level"": 1}",iso,ISO 3166-2 depth and parent,
3997,KP,South Pyongan,KP-02,changed,"{""level"": null}","{""level"": 1}",iso,ISO 3166-2 depth and parent,
3998,KP,Chagang,KP-04,changed,"{""level"": null}","{""level"": 1}",iso,ISO 3166-2 depth and parent,
3999,KP,Kangwon,KP-07,changed,"{""level"": null}","{""level"": 1}",iso,ISO 3166-2 depth and parent,
4000,KP,South Hamgyong,KP-08,changed,"{""level"": null}","{""level"": 1}",iso,ISO 3166-2 depth and parent,
4001,KP,Rason,KP-13,changed,"{""level"": null}","{""level"": 1}",iso,ISO 3166-2 depth and parent,
4002,KP,North Pyongan,KP-03,changed,"{""level"": null}","{""level"": 1}",iso,ISO 3166-2 depth and parent,
4003,KP,South Hwanghae,KP-05,changed,"{""level"": null}","{""level"": 1}",iso,ISO 3166-2 depth and parent,
4004,KP,North Hwanghae,KP-06,changed,"{""level"": null}","{""level"": 1}",iso,ISO 3166-2 depth and parent,
4005,KP,Pyongyang,KP-01,changed,"{""level"": null}","{""level"": 1}",iso,ISO 3166-2 depth and parent,
5718,KP,Nampho,KP-14,changed,"{""level"": null}","{""level"": 1}",iso,ISO 3166-2 depth and parent,
5719,KP,Kaesong,KP-15,changed,"{""level"": null}","{""level"": 1}",iso,ISO 3166-2 depth and parent,
3846,KR,Daegu,KR-27,changed,"{""level"": null}","{""level"": 1}",iso,ISO 3166-2 depth and parent,
3847,KR,Gyeonggi,KR-41,changed,"{""level"": null}","{""level"": 1}",iso,ISO 3166-2 depth and parent,
3848,KR,Incheon,KR-28,changed,"{""level"": null}","{""level"": 1}",iso,ISO 3166-2 depth and parent,
3849,KR,Seoul,KR-11,changed,"{""level"": null}","{""level"": 1}",iso,ISO 3166-2 depth and parent,
3850,KR,Daejeon,KR-30,changed,"{""level"": null}","{""level"": 1}",iso,ISO 3166-2 depth and parent,
3851,KR,North Jeolla,KR-45,changed,"{""level"": null}","{""level"": 1}",iso,ISO 3166-2 depth and parent,
3852,KR,Ulsan,KR-31,changed,"{""level"": null}","{""level"": 1}",iso,ISO 3166-2 depth and parent,
3853,KR,Jeju,KR-49,changed,"{""level"": null}","{""level"": 1}",iso,ISO 3166-2 depth and parent,
3854,KR,North Chungcheong,KR-43,changed,"{""level"": null}","{""level"": 1}",iso,ISO 3166-2 depth and parent,
3855,KR,North Gyeongsang,KR-47,changed,"{""level"": null}","{""level"": 1}",iso,ISO 3166-2 depth and parent,
3856,KR,South Jeolla,KR-46,changed,"{""level"": null}","{""level"": 1}",iso,ISO 3166-2 depth and parent,
3857,KR,South Gyeongsang,KR-48,changed,"{""level"": null}","{""level"": 1}",iso,ISO 3166-2 depth and parent,
3858,KR,Gwangju,KR-29,changed,"{""level"": null}","{""level"": 1}",iso,ISO 3166-2 depth and parent,
3859,KR,South Chungcheong,KR-44,changed,"{""level"": null}","{""level"": 1}",iso,ISO 3166-2 depth and parent,
3860,KR,Busan,KR-26,changed,"{""level"": null}","{""level"": 1}",iso,ISO 3166-2 depth and parent,
3861,KR,Sejong City,KR-50,changed,"{""level"": null}","{""level"": 1}",iso,ISO 3166-2 depth and parent,
3862,KR,Gangwon,KR-42,changed,"{""level"": null}","{""level"": 1}",iso,ISO 3166-2 depth and parent,
972,KW,Al Jahra,KW-JA,changed,"{""level"": null}","{""level"": 1}",iso,ISO 3166-2 depth and parent,
973,KW,Hawalli,KW-HA,changed,"{""level"": null}","{""level"": 1}",iso,ISO 3166-2 depth and parent,
974,KW,Mubarak Al-Kabeer,KW-MU,changed,"{""level"": null}","{""level"": 1}",iso,ISO 3166-2 depth and parent,
975,KW,Al Farwaniyah,KW-FA,changed,"{""level"": null}","{""level"": 1}",iso,ISO 3166-2 depth and parent,
976,KW,Al Asimah,KW-KU,changed,"{""level"": null}","{""level"": 1}",iso,ISO 3166-2 depth and parent,
977,KW,Al Ahmadi,KW-AH,changed,"{""level"": null}","{""level"": 1}",iso,ISO 3166-2 depth and parent,
5251,KY,Grand Cayman,KY-01,held,"{""level"": null, ""parent_id"": null}",,held_unverified,No current official national source establishing this row's hierarchy was verified; absent from the supplied ISO mirror. Retain existing level and parent; code/identity review is outside this round.,https://github.com/dr5hn/countries-states-cities-database/blob/85fb8848193db488eb7156d5b7c4d70f395a1c9f/.github/fixes-docs/FIX_1643_SUMMARY.md
5252,KY,Cayman Brac,KY-02,held,"{""level"": null, ""parent_id"": null}",,held_unverified,No current official national source establishing this row's hierarchy was verified; absent from the supplied ISO mirror. Retain existing level and parent; code/identity review is outside this round.,https://github.com/dr5hn/countries-states-cities-database/blob/85fb8848193db488eb7156d5b7c4d70f395a1c9f/.github/fixes-docs/FIX_1643_SUMMARY.md
5253,KY,Little Cayman,KY-03,held,"{""level"": null, ""parent_id"": null}",,held_unverified,No current official national source establishing this row's hierarchy was verified; absent from the supplied ISO mirror. Retain existing level and parent; code/identity review is outside this round.,https://github.com/dr5hn/countries-states-cities-database/blob/85fb8848193db488eb7156d5b7c4d70f395a1c9f/.github/fixes-docs/FIX_1643_SUMMARY.md
141,KZ,Mangystau,KZ-47,changed,"{""level"": null}","{""level"": 1}",iso,ISO 3166-2 depth and parent,
142,KZ,Kyzylorda,KZ-43,changed,"{""level"": null}","{""level"": 1}",iso,ISO 3166-2 depth and parent,
143,KZ,Almaty,KZ-19,changed,"{""level"": null}","{""level"": 1}",iso,ISO 3166-2 depth and parent,
144,KZ,North Kazakhstan,KZ-59,changed,"{""level"": null}","{""level"": 1}",iso,ISO 3166-2 depth and parent,
145,KZ,Akmola,KZ-11,changed,"{""level"": null}","{""level"": 1}",iso,ISO 3166-2 depth and parent,
146,KZ,Pavlodar,KZ-55,changed,"{""level"": null}","{""level"": 1}",iso,ISO 3166-2 depth and parent,
147,KZ,Jambyl,KZ-31,changed,"{""level"": null}","{""level"": 1}",iso,ISO 3166-2 depth and parent,
148,KZ,West Kazakhstan,KZ-27,changed,"{""level"": null}","{""level"": 1}",iso,ISO 3166-2 depth and parent,
149,KZ,Turkistan,KZ-61,changed,"{""level"": null}","{""level"": 1}",iso,ISO 3166-2 depth and parent,
150,KZ,Karaganda,KZ-35,changed,"{""level"": null}","{""level"": 1}",iso,ISO 3166-2 depth and parent,
151,KZ,Aktobe,KZ-15,changed,"{""level"": null}","{""level"": 1}",iso,ISO 3166-2 depth and parent,
152,KZ,Almaty,KZ-75,changed,"{""level"": null}","{""level"": 1}",iso,ISO 3166-2 depth and parent,
153,KZ,Atyrau,KZ-23,changed,"{""level"": null}","{""level"": 1}",iso,ISO 3166-2 depth and parent,
154,KZ,East Kazakhstan,KZ-63,changed,"{""level"": null}","{""level"": 1}",iso,ISO 3166-2 depth and parent,
156,KZ,Astana,KZ-71,changed,"{""level"": null}","{""level"": 1}",iso,ISO 3166-2 depth and parent,
157,KZ,Kostanay,KZ-39,changed,"{""level"": null}","{""level"": 1}",iso,ISO 3166-2 depth and parent,
5454,KZ,Shymkent,KZ-79,changed,"{""level"": null}","{""level"": 1}",iso,ISO 3166-2 depth and parent,
5455,KZ,Abai,KZ-10,changed,"{""level"": null}","{""level"": 1}",iso,ISO 3166-2 depth and parent,
5456,KZ,Jetisu,KZ-33,changed,"{""level"": null}","{""level"": 1}",iso,ISO 3166-2 depth and parent,
5457,KZ,Ulytau,KZ-62,changed,"{""level"": null}","{""level"": 1}",iso,ISO 3166-2 depth and parent,
978,LA,Luang Prabang,LA-LP,changed,"{""level"": null}","{""level"": 1}",iso,ISO 3166-2 depth and parent,
979,LA,Vientiane,LA-VT,changed,"{""level"": null}","{""level"": 1}",iso,ISO 3166-2 depth and parent,
980,LA,Vientiane,LA-VI,changed,"{""level"": null}","{""level"": 1}",iso,ISO 3166-2 depth and parent,
981,LA,Salavan,LA-SL,changed,"{""level"": null}","{""level"": 1}",iso,ISO 3166-2 depth and parent,
982,LA,Attapeu,LA-AT,changed,"{""level"": null}","{""level"": 1}",iso,ISO 3166-2 depth and parent,
983,LA,Xaisomboun,LA-XS,changed,"{""level"": null}","{""level"": 1}",iso,ISO 3166-2 depth and parent,
984,LA,Sekong,LA-XE,changed,"{""level"": null}","{""level"": 1}",iso,ISO 3166-2 depth and parent,
985,LA,Bolikhamsai,LA-BL,changed,"{""level"": null}","{""level"": 1}",iso,ISO 3166-2 depth and parent,
986,LA,Khammouane,LA-KH,changed,"{""level"": null}","{""level"": 1}",iso,ISO 3166-2 depth and parent,
987,LA,Phongsaly,LA-PH,changed,"{""level"": null}","{""level"": 1}",iso,ISO 3166-2 depth and parent,
988,LA,Oudomxay,LA-OU,changed,"{""level"": null}","{""level"": 1}",iso,ISO 3166-2 depth and parent,
989,LA,Houaphanh,LA-HO,changed,"{""level"": null}","{""level"": 1}",iso,ISO 3166-2 depth and parent,
990,LA,Savannakhet,LA-SV,changed,"{""level"": null}","{""level"": 1}",iso,ISO 3166-2 depth and parent,
991,LA,Bokeo,LA-BK,changed,"{""level"": null}","{""level"": 1}",iso,ISO 3166-2 depth and parent,
992,LA,Luang Namtha,LA-LM,changed,"{""level"": null}","{""level"": 1}",iso,ISO 3166-2 depth and parent,
993,LA,Sainyabuli,LA-XA,changed,"{""level"": null}","{""level"": 1}",iso,ISO 3166-2 depth and parent,
995,LA,Xiangkhouang,LA-XI,changed,"{""level"": null}","{""level"": 1}",iso,ISO 3166-2 depth and parent,
996,LA,Champasak,LA-CH,changed,"{""level"": null}","{""level"": 1}",iso,ISO 3166-2 depth and parent,
2281,LB,South,LB-JA,changed,"{""level"": 2}","{""level"": 1}",iso,ISO 3166-2 depth and parent,
2282,LB,Mount Lebanon,LB-JL,changed,"{""level"": 2}","{""level"": 1}",iso,ISO 3166-2 depth and parent,
2283,LB,Baalbek-Hermel,LB-BH,changed,"{""level"": 2}","{""level"": 1}",iso,ISO 3166-2 depth and parent,
2284,LB,North,LB-AS,changed,"{""level"": 2}","{""level"": 1}",iso,ISO 3166-2 depth and parent,
2285,LB,Akkar,LB-AK,changed,"{""level"": 2}","{""level"": 1}",iso,ISO 3166-2 depth and parent,
2286,LB,Beirut,LB-BA,changed,"{""level"": 2}","{""level"": 1}",iso,ISO 3166-2 depth and parent,
2287,LB,Beqaa,LB-BI,changed,"{""level"": 2}","{""level"": 1}",iso,ISO 3166-2 depth and parent,
2288,LB,Nabatieh,LB-NA,changed,"{""level"": 2}","{""level"": 1}",iso,ISO 3166-2 depth and parent,
3756,LC,Dennery,LC-05,changed,"{""level"": null}","{""level"": 1}",iso,ISO 3166-2 depth and parent,
3757,LC,Anse la Raye,LC-01,changed,"{""level"": null}","{""level"": 1}",iso,ISO 3166-2 depth and parent,
3758,LC,Castries,LC-02,changed,"{""level"": null}","{""level"": 1}",iso,ISO 3166-2 depth and parent,
3759,LC,Laborie,LC-07,changed,"{""level"": null}","{""level"": 1}",iso,ISO 3166-2 depth and parent,
3760,LC,Choiseul,LC-03,changed,"{""level"": null}","{""level"": 1}",iso,ISO 3166-2 depth and parent,
3761,LC,Canaries,LC-12,changed,"{""level"": null}","{""level"": 1}",iso,ISO 3166-2 depth and parent,
3762,LC,Micoud,LC-08,changed,"{""level"": null}","{""level"": 1}",iso,ISO 3166-2 depth and parent,
3763,LC,Vieux Fort,LC-11,changed,"{""level"": null}","{""level"": 1}",iso,ISO 3166-2 depth and parent,
3764,LC,Soufrière,LC-10,changed,"{""level"": null}","{""level"": 1}",iso,ISO 3166-2 depth and parent,
3766,LC,Gros Islet,LC-06,changed,"{""level"": null}","{""level"": 1}",iso,ISO 3166-2 depth and parent,
449,LI,Schellenberg,LI-08,changed,"{""level"": null}","{""level"": 1}",iso,ISO 3166-2 depth and parent,
450,LI,Schaan,LI-07,changed,"{""level"": null}","{""level"": 1}",iso,ISO 3166-2 depth and parent,
451,LI,Eschen,LI-02,changed,"{""level"": null}","{""level"": 1}",iso,ISO 3166-2 depth and parent,
452,LI,Vaduz,LI-11,changed,"{""level"": null}","{""level"": 1}",iso,ISO 3166-2 depth and parent,
453,LI,Ruggell,LI-06,changed,"{""level"": null}","{""level"": 1}",iso,ISO 3166-2 depth and parent,
454,LI,Planken,LI-05,changed,"{""level"": null}","{""level"": 1}",iso,ISO 3166-2 depth and parent,
455,LI,Mauren,LI-04,changed,"{""level"": null}","{""level"": 1}",iso,ISO 3166-2 depth and parent,
456,LI,Triesenberg,LI-10,changed,"{""level"": null}","{""level"": 1}",iso,ISO 3166-2 depth and parent,
457,LI,Gamprin,LI-03,changed,"{""level"": null}","{""level"": 1}",iso,ISO 3166-2 depth and parent,
458,LI,Balzers,LI-01,changed,"{""level"": null}","{""level"": 1}",iso,ISO 3166-2 depth and parent,
459,LI,Triesen,LI-09,changed,"{""level"": null}","{""level"": 1}",iso,ISO 3166-2 depth and parent,
2787,LK,Jaffna,LK-41,changed,"{""level"": 1}","{""level"": 2}",iso,ISO 3166-2 depth and parent,
2788,LK,Kandy,LK-21,changed,"{""level"": 1}","{""level"": 2}",iso,ISO 3166-2 depth and parent,
2789,LK,Kalutara,LK-13,changed,"{""level"": 1}","{""level"": 2}",iso,ISO 3166-2 depth and parent,
2790,LK,Badulla,LK-81,changed,"{""level"": 1}","{""level"": 2}",iso,ISO 3166-2 depth and parent,
2791,LK,Hambantota,LK-33,changed,"{""level"": 1}","{""level"": 2}",iso,ISO 3166-2 depth and parent,
2792,LK,Galle,LK-31,changed,"{""level"": 1}","{""level"": 2}",iso,ISO 3166-2 depth and parent,
2793,LK,Kilinochchi,LK-42,changed,"{""level"": 1}","{""level"": 2}",iso,ISO 3166-2 depth and parent,
2794,LK,Nuwara Eliya,LK-23,changed,"{""level"": 1}","{""level"": 2}",iso,ISO 3166-2 depth and parent,
2795,LK,Trincomalee,LK-53,changed,"{""level"": 1}","{""level"": 2}",iso,ISO 3166-2 depth and parent,
2796,LK,Puttalam,LK-62,changed,"{""level"": 1}","{""level"": 2}",iso,ISO 3166-2 depth and parent,
2797,LK,Kegalle,LK-92,changed,"{""level"": 1}","{""level"": 2}",iso,ISO 3166-2 depth and parent,
2798,LK,Central,LK-2,changed,"{""level"": null}","{""level"": 1}",iso,ISO 3166-2 depth and parent,
2799,LK,Ampara,LK-52,changed,"{""level"": 1}","{""level"": 2}",iso,ISO 3166-2 depth and parent,
2800,LK,North Central,LK-7,changed,"{""level"": null}","{""level"": 1}",iso,ISO 3166-2 depth and parent,
2801,LK,Southern,LK-3,changed,"{""level"": null}","{""level"": 1}",iso,ISO 3166-2 depth and parent,
2802,LK,Western,LK-1,changed,"{""level"": null}","{""level"": 1}",iso,ISO 3166-2 depth and parent,
2803,LK,Sabaragamuwa,LK-9,changed,"{""level"": null}","{""level"": 1}",iso,ISO 3166-2 depth and parent,
2804,LK,Gampaha,LK-12,changed,"{""level"": 1}","{""level"": 2}",iso,ISO 3166-2 depth and parent,
2805,LK,Mannar,LK-43,changed,"{""level"": 1}","{""level"": 2}",iso,ISO 3166-2 depth and parent,
2806,LK,Matara,LK-32,changed,"{""level"": 1}","{""level"": 2}",iso,ISO 3166-2 depth and parent,
2807,LK,Ratnapura,LK-91,changed,"{""level"": 1}","{""level"": 2}",iso,ISO 3166-2 depth and parent,
2808,LK,Eastern,LK-5,changed,"{""level"": null}","{""level"": 1}",iso,ISO 3166-2 depth and parent,
2809,LK,Vavuniya,LK-44,changed,"{""level"": 1}","{""level"": 2}",iso,ISO 3166-2 depth and parent,
2810,LK,Matale,LK-22,changed,"{""level"": 1}","{""level"": 2}",iso,ISO 3166-2 depth and parent,
2811,LK,Uva,LK-8,changed,"{""level"": null}","{""level"": 1}",iso,ISO 3166-2 depth and parent,
2812,LK,Polonnaruwa,LK-72,changed,"{""level"": 1}","{""level"": 2}",iso,ISO 3166-2 depth and parent,
2813,LK,Northern,LK-4,changed,"{""level"": null}","{""level"": 1}",iso,ISO 3166-2 depth and parent,
2814,LK,Mullaitivu,LK-45,changed,"{""level"": 1}","{""level"": 2}",iso,ISO 3166-2 depth and parent,
2815,LK,Colombo,LK-11,changed,"{""level"": 1}","{""level"": 2}",iso,ISO 3166-2 depth and parent,
2816,LK,Anuradhapura,LK-71,changed,"{""level"": 1}","{""level"": 2}",iso,ISO 3166-2 depth and parent,
2817,LK,North Western,LK-6,changed,"{""level"": null}","{""level"": 1}",iso,ISO 3166-2 depth and parent,
2818,LK,Batticaloa,LK-51,changed,"{""level"": 1}","{""level"": 2}",iso,ISO 3166-2 depth and parent,
2819,LK,Monaragala,LK-82,changed,"{""level"": 1}","{""level"": 2}",iso,ISO 3166-2 depth and parent,
5342,LK,Kurunegala,LK-61,changed,"{""level"": 1}","{""level"": 2}",iso,ISO 3166-2 depth and parent,
3032,LR,Montserrado,LR-MO,changed,"{""level"": null}","{""level"": 1}",iso,ISO 3166-2 depth and parent,
3033,LR,River Cess,LR-RI,changed,"{""level"": null}","{""level"": 1}",iso,ISO 3166-2 depth and parent,
3034,LR,Bong,LR-BG,changed,"{""level"": null}","{""level"": 1}",iso,ISO 3166-2 depth and parent,
3035,LR,Sinoe,LR-SI,changed,"{""level"": null}","{""level"": 1}",iso,ISO 3166-2 depth and parent,
3036,LR,Grand Cape Mount,LR-CM,changed,"{""level"": null}","{""level"": 1}",iso,ISO 3166-2 depth and parent,
3037,LR,Lofa,LR-LO,changed,"{""level"": null}","{""level"": 1}",iso,ISO 3166-2 depth and parent,
3038,LR,River Gee,LR-RG,changed,"{""level"": null}","{""level"": 1}",iso,ISO 3166-2 depth and parent,
3039,LR,Grand Gedeh,LR-GG,changed,"{""level"": null}","{""level"": 1}",iso,ISO 3166-2 depth and parent,
3040,LR,Grand Bassa,LR-GB,changed,"{""level"": null}","{""level"": 1}",iso,ISO 3166-2 depth and parent,
3041,LR,Bomi,LR-BM,changed,"{""level"": null}","{""level"": 1}",iso,ISO 3166-2 depth and parent,
3042,LR,Maryland,LR-MY,changed,"{""level"": null}","{""level"": 1}",iso,ISO 3166-2 depth and parent,
3043,LR,Margibi,LR-MG,changed,"{""level"": null}","{""level"": 1}",iso,ISO 3166-2 depth and parent,
3044,LR,Gbarpolu,LR-GP,changed,"{""level"": null}","{""level"": 1}",iso,ISO 3166-2 depth and parent,
3045,LR,Grand Kru,LR-GK,changed,"{""level"": null}","{""level"": 1}",iso,ISO 3166-2 depth and parent,
3046,LR,Nimba,LR-NI,changed,"{""level"": null}","{""level"": 1}",iso,ISO 3166-2 depth and parent,
3022,LS,Mafeteng,LS-E,changed,"{""level"": null}","{""level"": 1}",iso,ISO 3166-2 depth and parent,
3023,LS,Mohale's Hoek,LS-F,changed,"{""level"": null}","{""level"": 1}",iso,ISO 3166-2 depth and parent,
3024,LS,Mokhotlong,LS-J,changed,"{""level"": null}","{""level"": 1}",iso,ISO 3166-2 depth and parent,
3025,LS,Qacha's Nek,LS-H,changed,"{""level"": null}","{""level"": 1}",iso,ISO 3166-2 depth and parent,
3026,LS,Leribe,LS-C,changed,"{""level"": null}","{""level"": 1}",iso,ISO 3166-2 depth and parent,
3027,LS,Quthing,LS-G,changed,"{""level"": null}","{""level"": 1}",iso,ISO 3166-2 depth and parent,
3028,LS,Maseru,LS-A,changed,"{""level"": null}","{""level"": 1}",iso,ISO 3166-2 depth and parent,
3029,LS,Butha-Buthe,LS-B,changed,"{""level"": null}","{""level"": 1}",iso,ISO 3166-2 depth and parent,
3030,LS,Berea,LS-D,changed,"{""level"": null}","{""level"": 1}",iso,ISO 3166-2 depth and parent,
3031,LS,Thaba-Tseka,LS-K,changed,"{""level"": null}","{""level"": 1}",iso,ISO 3166-2 depth and parent,
1553,LT,Plungė,LT-35,changed,"{""level"": 1}","{""level"": 2}",iso,ISO 3166-2 depth and parent,
1555,LT,Jurbarkas,LT-12,changed,"{""level"": 1}","{""level"": 2}",iso,ISO 3166-2 depth and parent,
1556,LT,Kaunas,LT-KU,changed,"{""level"": null}","{""level"": 1}",iso,ISO 3166-2 depth and parent,
1557,LT,Mažeikiai,LT-26,changed,"{""level"": 1}","{""level"": 2}",iso,ISO 3166-2 depth and parent,
1558,LT,Panevėžys,LT-PN,changed,"{""level"": null}","{""level"": 1}",iso,ISO 3166-2 depth and parent,
1559,LT,Elektrėnai,LT-08,changed,"{""level"": 1}","{""level"": 2}",iso,ISO 3166-2 depth and parent,
1560,LT,Švenčionys,LT-49,changed,"{""level"": 1}","{""level"": 2}",iso,ISO 3166-2 depth and parent,
1561,LT,Akmenė,LT-01,changed,"{""level"": 1}","{""level"": 2}",iso,ISO 3166-2 depth and parent,
1562,LT,Ignalina,LT-09,changed,"{""level"": 1}","{""level"": 2}",iso,ISO 3166-2 depth and parent,
1563,LT,Neringa,LT-28,changed,"{""level"": 1}","{""level"": 2}",iso,ISO 3166-2 depth and parent,
1564,LT,Visaginas,LT-59,changed,"{""level"": 1}","{""level"": 2}",iso,ISO 3166-2 depth and parent,
1566,LT,Biržai,LT-06,changed,"{""level"": 1}","{""level"": 2}",iso,ISO 3166-2 depth and parent,
1567,LT,Jonava,LT-10,changed,"{""level"": 1}","{""level"": 2}",iso,ISO 3166-2 depth and parent,
1568,LT,Radviliškis,LT-37,changed,"{""level"": 1}","{""level"": 2}",iso,ISO 3166-2 depth and parent,
1569,LT,Telšiai,LT-TE,changed,"{""level"": null}","{""level"": 1}",iso,ISO 3166-2 depth and parent,
1570,LT,Marijampolė,LT-MR,changed,"{""level"": null}","{""level"": 1}",iso,ISO 3166-2 depth and parent,
1571,LT,Kretinga,LT-22,changed,"{""level"": 1}","{""level"": 2}",iso,ISO 3166-2 depth and parent,
1572,LT,Tauragė,LT-50,changed,"{""level"": 1}","{""level"": 2}",iso,ISO 3166-2 depth and parent,
1573,LT,Tauragė,LT-TA,changed,"{""level"": null}","{""level"": 1}",iso,ISO 3166-2 depth and parent,
1574,LT,Alytus,LT-AL,changed,"{""level"": null}","{""level"": 1}",iso,ISO 3166-2 depth and parent,
1575,LT,Kazlų Rūda,LT-17,changed,"{""level"": 1}","{""level"": 2}",iso,ISO 3166-2 depth and parent,
1576,LT,Šakiai,LT-41,changed,"{""level"": 1}","{""level"": 2}",iso,ISO 3166-2 depth and parent,
1577,LT,Šalčininkai,LT-42,changed,"{""level"": 1}","{""level"": 2}",iso,ISO 3166-2 depth and parent,
1578,LT,Prienai,LT-36,changed,"{""level"": 1}","{""level"": 2}",iso,ISO 3166-2 depth and parent,
1579,LT,Druskininkai,LT-07,changed,"{""level"": 1}","{""level"": 2}",iso,ISO 3166-2 depth and parent,
1580,LT,Kaunas,LT-15,changed,"{""level"": 1}","{""level"": 2}",iso,ISO 3166-2 depth and parent,
1581,LT,Joniškis,LT-11,changed,"{""level"": 1}","{""level"": 2}",iso,ISO 3166-2 depth and parent,
1582,LT,Molėtai,LT-27,changed,"{""level"": 1}","{""level"": 2}",iso,ISO 3166-2 depth and parent,
1583,LT,Kaišiadorys,LT-13,changed,"{""level"": 1}","{""level"": 2}",iso,ISO 3166-2 depth and parent,
1584,LT,Kėdainiai,LT-18,changed,"{""level"": 1}","{""level"": 2}",iso,ISO 3166-2 depth and parent,
1585,LT,Kupiškis,LT-23,changed,"{""level"": 1}","{""level"": 2}",iso,ISO 3166-2 depth and parent,
1586,LT,Šiauliai,LT-SA,changed,"{""level"": null}","{""level"": 1}",iso,ISO 3166-2 depth and parent,
1587,LT,Raseiniai,LT-38,changed,"{""level"": 1}","{""level"": 2}",iso,ISO 3166-2 depth and parent,
1588,LT,Palanga,LT-31,changed,"{""level"": 1}","{""level"": 2}",iso,ISO 3166-2 depth and parent,
1590,LT,Rietavas,LT-39,changed,"{""level"": 1}","{""level"": 2}",iso,ISO 3166-2 depth and parent,
1591,LT,Kalvarija,LT-14,changed,"{""level"": 1}","{""level"": 2}",iso,ISO 3166-2 depth and parent,
1593,LT,Trakai,LT-52,changed,"{""level"": 1}","{""level"": 2}",iso,ISO 3166-2 depth and parent,
1594,LT,Širvintos,LT-47,changed,"{""level"": 1}","{""level"": 2}",iso,ISO 3166-2 depth and parent,
1595,LT,Pakruojis,LT-30,changed,"{""level"": 1}","{""level"": 2}",iso,ISO 3166-2 depth and parent,
1596,LT,Ukmergė,LT-53,changed,"{""level"": 1}","{""level"": 2}",iso,ISO 3166-2 depth and parent,
1598,LT,Utena,LT-54,changed,"{""level"": 1}","{""level"": 2}",iso,ISO 3166-2 depth and parent,
1600,LT,Klaipėda,LT-KL,changed,"{""level"": null}","{""level"": 1}",iso,ISO 3166-2 depth and parent,
1601,LT,Vilnius,LT-VL,changed,"{""level"": null}","{""level"": 1}",iso,ISO 3166-2 depth and parent,
1602,LT,Varėna,LT-55,changed,"{""level"": 1}","{""level"": 2}",iso,ISO 3166-2 depth and parent,
1603,LT,Birštonas,LT-05,changed,"{""level"": 1}","{""level"": 2}",iso,ISO 3166-2 depth and parent,
1604,LT,Klaipėda,LT-21,changed,"{""level"": 1}","{""level"": 2}",iso,ISO 3166-2 depth and parent,
1605,LT,Alytus,LT-02,changed,"{""level"": 1}","{""level"": 2}",iso,ISO 3166-2 depth and parent,
1606,LT,Vilnius,LT-57,changed,"{""level"": 1}","{""level"": 2}",iso,ISO 3166-2 depth and parent,
1607,LT,Šilutė,LT-46,changed,"{""level"": 1}","{""level"": 2}",iso,ISO 3166-2 depth and parent,
1608,LT,Telšiai,LT-51,changed,"{""level"": 1}","{""level"": 2}",iso,ISO 3166-2 depth and parent,
1609,LT,Šiauliai,LT-43,changed,"{""level"": 1}","{""level"": 2}",iso,ISO 3166-2 depth and parent,
1610,LT,Marijampolė,LT-25,changed,"{""level"": 1}","{""level"": 2}",iso,ISO 3166-2 depth and parent,
1611,LT,Lazdijai,LT-24,changed,"{""level"": 1}","{""level"": 2}",iso,ISO 3166-2 depth and parent,
1612,LT,Pagėgiai,LT-29,changed,"{""level"": 1}","{""level"": 2}",iso,ISO 3166-2 depth and parent,
1613,LT,Šilalė ,LT-45,changed,"{""level"": 1}","{""level"": 2}",iso,ISO 3166-2 depth and parent,
1614,LT,Panevėžys,LT-33,changed,"{""level"": 1}","{""level"": 2}",iso,ISO 3166-2 depth and parent,
1615,LT,Rokiškis,LT-40,changed,"{""level"": 1}","{""level"": 2}",iso,ISO 3166-2 depth and parent,
1616,LT,Pasvalys,LT-34,changed,"{""level"": 1}","{""level"": 2}",iso,ISO 3166-2 depth and parent,
1617,LT,Skuodas,LT-48,changed,"{""level"": 1}","{""level"": 2}",iso,ISO 3166-2 depth and parent,
1618,LT,Kelmė,LT-19,changed,"{""level"": 1}","{""level"": 2}",iso,ISO 3166-2 depth and parent,
1619,LT,Zarasai,LT-60,changed,"{""level"": 1}","{""level"": 2}",iso,ISO 3166-2 depth and parent,
1620,LT,Vilkaviškis,LT-56,changed,"{""level"": 1}","{""level"": 2}",iso,ISO 3166-2 depth and parent,
1621,LT,Utena,LT-UT,changed,"{""level"": null}","{""level"": 1}",iso,ISO 3166-2 depth and parent,
5346,LT,Anykščiai,LT-04,changed,"{""level"": 1}","{""level"": 2}",iso,ISO 3166-2 depth and parent,
5720,LT,Klaipėdos miestas,LT-20,changed,"{""level"": 1}","{""level"": 2}",iso,ISO 3166-2 depth and parent,
5721,LT,Panevėžio miestas,LT-32,changed,"{""level"": 1}","{""level"": 2}",iso,ISO 3166-2 depth and parent,
5722,LT,Alytus,LT-03,changed,"{""level"": 1}","{""level"": 2}",iso,ISO 3166-2 depth and parent,
5723,LT,Kaunas,LT-16,changed,"{""level"": 1}","{""level"": 2}",iso,ISO 3166-2 depth and parent,
5724,LT,Šiauliai,LT-44,changed,"{""level"": 1}","{""level"": 2}",iso,ISO 3166-2 depth and parent,
5725,LT,Vilnius,LT-58,changed,"{""level"": 1}","{""level"": 2}",iso,ISO 3166-2 depth and parent,
1513,LU,Diekirch,LU-DI,changed,"{""level"": null}","{""level"": 1}",iso,ISO 3166-2 depth and parent,
1515,LU,Echternach,LU-EC,changed,"{""level"": null}","{""level"": 1}",iso,ISO 3166-2 depth and parent,
1516,LU,Redange,LU-RD,changed,"{""level"": null}","{""level"": 1}",iso,ISO 3166-2 depth and parent,
1517,LU,Esch-sur-Alzette,LU-ES,changed,"{""level"": null}","{""level"": 1}",iso,ISO 3166-2 depth and parent,
1518,LU,Capellen,LU-CA,changed,"{""level"": null}","{""level"": 1}",iso,ISO 3166-2 depth and parent,
1519,LU,Remich,LU-RM,changed,"{""level"": null}","{""level"": 1}",iso,ISO 3166-2 depth and parent,
1521,LU,Clervaux,LU-CL,changed,"{""level"": null}","{""level"": 1}",iso,ISO 3166-2 depth and parent,
1522,LU,Mersch,LU-ME,changed,"{""level"": null}","{""level"": 1}",iso,ISO 3166-2 depth and parent,
1523,LU,Vianden,LU-VD,changed,"{""level"": null}","{""level"": 1}",iso,ISO 3166-2 depth and parent,
1526,LU,Wiltz,LU-WI,changed,"{""level"": null}","{""level"": 1}",iso,ISO 3166-2 depth and parent,
4400,LV,Gulbene,LV-033,changed,"{""level"": null}","{""level"": 1}",iso,ISO 3166-2 depth and parent,
4401,LV,Līvāni,LV-056,changed,"{""level"": null}","{""level"": 1}",iso,ISO 3166-2 depth and parent,
4402,LV,Salaspils,LV-087,changed,"{""level"": null}","{""level"": 1}",iso,ISO 3166-2 depth and parent,
4403,LV,Ventspils,LV-106,changed,"{""level"": null}","{""level"": 1}",iso,ISO 3166-2 depth and parent,
4409,LV,Tukums,LV-099,changed,"{""level"": null}","{""level"": 1}",iso,ISO 3166-2 depth and parent,
4416,LV,Ogre,LV-067,changed,"{""level"": null}","{""level"": 1}",iso,ISO 3166-2 depth and parent,
4417,LV,Olaine,LV-068,changed,"{""level"": null}","{""level"": 1}",iso,ISO 3166-2 depth and parent,
4418,LV,Limbaži,LV-054,changed,"{""level"": null}","{""level"": 1}",iso,ISO 3166-2 depth and parent,
4421,LV,Ventspils,LV-VEN,changed,"{""level"": null}","{""level"": 1}",iso,ISO 3166-2 depth and parent,
4424,LV,Jelgava,LV-041,changed,"{""level"": null}","{""level"": 1}",iso,ISO 3166-2 depth and parent,
4425,LV,Valka,LV-101,changed,"{""level"": null}","{""level"": 1}",iso,ISO 3166-2 depth and parent,
4431,LV,Varakļāni,LV-102,changed,"{""level"": null}","{""level"": 1}",iso,ISO 3166-2 depth and parent,
4433,LV,Madona,LV-059,changed,"{""level"": null}","{""level"": 1}",iso,ISO 3166-2 depth and parent,
4435,LV,Ķekava,LV-052,changed,"{""level"": null}","{""level"": 1}",iso,ISO 3166-2 depth and parent,
4437,LV,Dobele,LV-026,changed,"{""level"": null}","{""level"": 1}",iso,ISO 3166-2 depth and parent,
4438,LV,Jēkabpils,LV-042,changed,"{""level"": null}","{""level"": 1}",iso,ISO 3166-2 depth and parent,
4439,LV,Saldus,LV-088,changed,"{""level"": null}","{""level"": 1}",iso,ISO 3166-2 depth and parent,
4443,LV,Saulkrasti,LV-089,changed,"{""level"": null}","{""level"": 1}",iso,ISO 3166-2 depth and parent,
4446,LV,Jūrmala,LV-JUR,changed,"{""level"": null}","{""level"": 1}",iso,ISO 3166-2 depth and parent,
4450,LV,Mārupe,LV-062,changed,"{""level"": null}","{""level"": 1}",iso,ISO 3166-2 depth and parent,
4454,LV,Ādaži,LV-011,changed,"{""level"": null}","{""level"": 1}",iso,ISO 3166-2 depth and parent,
4455,LV,Rēzekne,LV-077,changed,"{""level"": null}","{""level"": 1}",iso,ISO 3166-2 depth and parent,
4459,LV,Talsi,LV-097,changed,"{""level"": null}","{""level"": 1}",iso,ISO 3166-2 depth and parent,
4460,LV,Liepāja,LV-LPX,changed,"{""level"": null}","{""level"": 1}",iso,ISO 3166-2 depth and parent,
4462,LV,Smiltene,LV-094,changed,"{""level"": null}","{""level"": 1}",iso,ISO 3166-2 depth and parent,
4463,LV,Daugavpils,LV-DGV,changed,"{""level"": null}","{""level"": 1}",iso,ISO 3166-2 depth and parent,
4465,LV,Bauska,LV-016,changed,"{""level"": null}","{""level"": 1}",iso,ISO 3166-2 depth and parent,
4469,LV,Cēsis,LV-022,changed,"{""level"": null}","{""level"": 1}",iso,ISO 3166-2 depth and parent,
4472,LV,Aizkraukle,LV-002,changed,"{""level"": null}","{""level"": 1}",iso,ISO 3166-2 depth and parent,
4473,LV,Valmiera,LV-113,changed,"{""level"": null}","{""level"": 1}",iso,ISO 3166-2 depth and parent,
4474,LV,Krāslava,LV-047,changed,"{""level"": null}","{""level"": 1}",iso,ISO 3166-2 depth and parent,
4476,LV,Sigulda,LV-091,changed,"{""level"": null}","{""level"": 1}",iso,ISO 3166-2 depth and parent,
4483,LV,Preiļi,LV-073,changed,"{""level"": null}","{""level"": 1}",iso,ISO 3166-2 depth and parent,
4487,LV,Alūksne,LV-007,changed,"{""level"": null}","{""level"": 1}",iso,ISO 3166-2 depth and parent,
4490,LV,Kuldīga,LV-050,changed,"{""level"": null}","{""level"": 1}",iso,ISO 3166-2 depth and parent,
4491,LV,Riga,LV-RIX,changed,"{""level"": null}","{""level"": 1}",iso,ISO 3166-2 depth and parent,
4492,LV,Augšdaugava,LV-111,changed,"{""level"": null}","{""level"": 1}",iso,ISO 3166-2 depth and parent,
4493,LV,Ropaži,LV-080,changed,"{""level"": null}","{""level"": 1}",iso,ISO 3166-2 depth and parent,
4500,LV,Jelgava,LV-JEL,changed,"{""level"": null}","{""level"": 1}",iso,ISO 3166-2 depth and parent,
4501,LV,Ludza,LV-058,changed,"{""level"": null}","{""level"": 1}",iso,ISO 3166-2 depth and parent,
4505,LV,Balvi,LV-015,changed,"{""level"": null}","{""level"": 1}",iso,ISO 3166-2 depth and parent,
4508,LV,Dienvidkurzemes,LV-112,changed,"{""level"": null}","{""level"": 1}",iso,ISO 3166-2 depth and parent,
4509,LV,Rēzekne,LV-REZ,changed,"{""level"": null}","{""level"": 1}",iso,ISO 3166-2 depth and parent,
2961,LY,Murqub,LY-MB,changed,"{""level"": null}","{""level"": 1}",iso,ISO 3166-2 depth and parent,
2962,LY,Nuqat al Khams,LY-NQ,changed,"{""level"": null}","{""level"": 1}",iso,ISO 3166-2 depth and parent,
2963,LY,Zawiya,LY-ZA,changed,"{""level"": null}","{""level"": 1}",iso,ISO 3166-2 depth and parent,
2964,LY,Al Wahat,LY-WA,changed,"{""level"": null}","{""level"": 1}",iso,ISO 3166-2 depth and parent,
2965,LY,Sabha,LY-SB,changed,"{""level"": null}","{""level"": 1}",iso,ISO 3166-2 depth and parent,
2966,LY,Derna,LY-DR,changed,"{""level"": null}","{""level"": 1}",iso,ISO 3166-2 depth and parent,
2967,LY,Murzuq,LY-MQ,changed,"{""level"": null}","{""level"": 1}",iso,ISO 3166-2 depth and parent,
2968,LY,Marj,LY-MJ,changed,"{""level"": null}","{""level"": 1}",iso,ISO 3166-2 depth and parent,
2969,LY,Ghat,LY-GT,changed,"{""level"": null}","{""level"": 1}",iso,ISO 3166-2 depth and parent,
2970,LY,Jufra,LY-JU,changed,"{""level"": null}","{""level"": 1}",iso,ISO 3166-2 depth and parent,
2971,LY,Tripoli,LY-TB,changed,"{""level"": null}","{""level"": 1}",iso,ISO 3166-2 depth and parent,
2972,LY,Kufra,LY-KF,changed,"{""level"": null}","{""level"": 1}",iso,ISO 3166-2 depth and parent,
2973,LY,Wadi al Hayaa,LY-WD,changed,"{""level"": null}","{""level"": 1}",iso,ISO 3166-2 depth and parent,
2974,LY,Jabal al Gharbi,LY-JG,changed,"{""level"": null}","{""level"": 1}",iso,ISO 3166-2 depth and parent,
2975,LY,Wadi al Shatii,LY-WS,changed,"{""level"": null}","{""level"": 1}",iso,ISO 3166-2 depth and parent,
2976,LY,Nalut,LY-NL,changed,"{""level"": null}","{""level"": 1}",iso,ISO 3166-2 depth and parent,
2977,LY,Sirte,LY-SR,changed,"{""level"": null}","{""level"": 1}",iso,ISO 3166-2 depth and parent,
2978,LY,Misrata,LY-MI,changed,"{""level"": null}","{""level"": 1}",iso,ISO 3166-2 depth and parent,
2979,LY,Jafara,LY-JI,changed,"{""level"": null}","{""level"": 1}",iso,ISO 3166-2 depth and parent,
2980,LY,Jabal al Akhdar,LY-JA,changed,"{""level"": null}","{""level"": 1}",iso,ISO 3166-2 depth and parent,
2981,LY,Benghazi,LY-BA,changed,"{""level"": null}","{""level"": 1}",iso,ISO 3166-2 depth and parent,
5641,LY,Al Butnan,LY-BU,changed,"{""level"": null}","{""level"": 1}",iso,ISO 3166-2 depth and parent,
3287,MA,Nouaceur,MA-NOU,held,"{""level"": 2, ""parent_id"": 3303}",,held_conflict,"Known shared-mirror parent disagreement from audit_iso/review_iso; preserve CSC parent (including merged Sulu, Nouaceur and Chtouka-Ait Baha decisions). Entire row held, including level, pending national/ISO reconciliation.",https://github.com/dr5hn/countries-states-cities-database/blob/85fb8848193db488eb7156d5b7c4d70f395a1c9f/.github/fixes-docs/FIX_1643_SUMMARY.md
3302,MA,Chtouka-Ait Baha,MA-CHT,held,"{""level"": 2, ""parent_id"": 3295}",,held_conflict,"Known shared-mirror parent disagreement from audit_iso/review_iso; preserve CSC parent (including merged Sulu, Nouaceur and Chtouka-Ait Baha decisions). Entire row held, including level, pending national/ISO reconciliation.",https://github.com/dr5hn/countries-states-cities-database/blob/85fb8848193db488eb7156d5b7c4d70f395a1c9f/.github/fixes-docs/FIX_1643_SUMMARY.md
4917,MC,La Colle,MC-CL,held,"{""level"": null, ""parent_id"": null}",,held_conflict,Constitution article 78 and current communal law article 1 establish one commune covering the principality. ISO quarters are not separate statutory first-tier local administrations; quarter/zoning hierarchy requires a convention and current identity reconciliation.,https://legimonaco.mc/tnc/loi/1974/07-24-959 https://github.com/dr5hn/countries-states-cities-database/blob/85fb8848193db488eb7156d5b7c4d70f395a1c9f/ADMINISTRATIVE_STRUCTURE.md
4918,MC,La Condamine,MC-CO,held,"{""level"": null, ""parent_id"": null}",,held_conflict,Constitution article 78 and current communal law article 1 establish one commune covering the principality. ISO quarters are not separate statutory first-tier local administrations; quarter/zoning hierarchy requires a convention and current identity reconciliation.,https://legimonaco.mc/tnc/loi/1974/07-24-959 https://github.com/dr5hn/countries-states-cities-database/blob/85fb8848193db488eb7156d5b7c4d70f395a1c9f/ADMINISTRATIVE_STRUCTURE.md
4919,MC,Moneghetti,MC-MG,held,"{""level"": null, ""parent_id"": null}",,held_conflict,Constitution article 78 and current communal law article 1 establish one commune covering the principality. ISO quarters are not separate statutory first-tier local administrations; quarter/zoning hierarchy requires a convention and current identity reconciliation.,https://legimonaco.mc/tnc/loi/1974/07-24-959 https://github.com/dr5hn/countries-states-cities-database/blob/85fb8848193db488eb7156d5b7c4d70f395a1c9f/ADMINISTRATIVE_STRUCTURE.md
5668,MC,Fontvieille,MC-FO,held,"{""level"": null, ""parent_id"": null}",,held_conflict,Constitution article 78 and current communal law article 1 establish one commune covering the principality. ISO quarters are not separate statutory first-tier local administrations; quarter/zoning hierarchy requires a convention and current identity reconciliation.,https://legimonaco.mc/tnc/loi/1974/07-24-959 https://github.com/dr5hn/countries-states-cities-database/blob/85fb8848193db488eb7156d5b7c4d70f395a1c9f/ADMINISTRATIVE_STRUCTURE.md
5669,MC,Jardin Exotique,MC-JE,held,"{""level"": null, ""parent_id"": null}",,held_conflict,Constitution article 78 and current communal law article 1 establish one commune covering the principality. ISO quarters are not separate statutory first-tier local administrations; quarter/zoning hierarchy requires a convention and current identity reconciliation.,https://legimonaco.mc/tnc/loi/1974/07-24-959 https://github.com/dr5hn/countries-states-cities-database/blob/85fb8848193db488eb7156d5b7c4d70f395a1c9f/ADMINISTRATIVE_STRUCTURE.md
5670,MC,La Gare,MC-GA,held,"{""level"": null, ""parent_id"": null}",,held_conflict,Constitution article 78 and current communal law article 1 establish one commune covering the principality. ISO quarters are not separate statutory first-tier local administrations; quarter/zoning hierarchy requires a convention and current identity reconciliation.,https://legimonaco.mc/tnc/loi/1974/07-24-959 https://github.com/dr5hn/countries-states-cities-database/blob/85fb8848193db488eb7156d5b7c4d70f395a1c9f/ADMINISTRATIVE_STRUCTURE.md
5671,MC,La Source,MC-SO,held,"{""level"": null, ""parent_id"": null}",,held_conflict,Constitution article 78 and current communal law article 1 establish one commune covering the principality. ISO quarters are not separate statutory first-tier local administrations; quarter/zoning hierarchy requires a convention and current identity reconciliation.,https://legimonaco.mc/tnc/loi/1974/07-24-959 https://github.com/dr5hn/countries-states-cities-database/blob/85fb8848193db488eb7156d5b7c4d70f395a1c9f/ADMINISTRATIVE_STRUCTURE.md
5672,MC,Larvotto,MC-LA,held,"{""level"": null, ""parent_id"": null}",,held_conflict,Constitution article 78 and current communal law article 1 establish one commune covering the principality. ISO quarters are not separate statutory first-tier local administrations; quarter/zoning hierarchy requires a convention and current identity reconciliation.,https://legimonaco.mc/tnc/loi/1974/07-24-959 https://github.com/dr5hn/countries-states-cities-database/blob/85fb8848193db488eb7156d5b7c4d70f395a1c9f/ADMINISTRATIVE_STRUCTURE.md
5673,MC,Malbousquet,MC-MA,held,"{""level"": null, ""parent_id"": null}",,held_conflict,Constitution article 78 and current communal law article 1 establish one commune covering the principality. ISO quarters are not separate statutory first-tier local administrations; quarter/zoning hierarchy requires a convention and current identity reconciliation.,https://legimonaco.mc/tnc/loi/1974/07-24-959 https://github.com/dr5hn/countries-states-cities-database/blob/85fb8848193db488eb7156d5b7c4d70f395a1c9f/ADMINISTRATIVE_STRUCTURE.md
5674,MC,Monaco-Ville,MC-MO,held,"{""level"": null, ""parent_id"": null}",,held_conflict,Constitution article 78 and current communal law article 1 establish one commune covering the principality. ISO quarters are not separate statutory first-tier local administrations; quarter/zoning hierarchy requires a convention and current identity reconciliation.,https://legimonaco.mc/tnc/loi/1974/07-24-959 https://github.com/dr5hn/countries-states-cities-database/blob/85fb8848193db488eb7156d5b7c4d70f395a1c9f/ADMINISTRATIVE_STRUCTURE.md
5675,MC,Monte-Carlo,MC-MC,held,"{""level"": null, ""parent_id"": null}",,held_conflict,Constitution article 78 and current communal law article 1 establish one commune covering the principality. ISO quarters are not separate statutory first-tier local administrations; quarter/zoning hierarchy requires a convention and current identity reconciliation.,https://legimonaco.mc/tnc/loi/1974/07-24-959 https://github.com/dr5hn/countries-states-cities-database/blob/85fb8848193db488eb7156d5b7c4d70f395a1c9f/ADMINISTRATIVE_STRUCTURE.md
5676,MC,Moulins,MC-MU,held,"{""level"": null, ""parent_id"": null}",,held_conflict,Constitution article 78 and current communal law article 1 establish one commune covering the principality. ISO quarters are not separate statutory first-tier local administrations; quarter/zoning hierarchy requires a convention and current identity reconciliation.,https://legimonaco.mc/tnc/loi/1974/07-24-959 https://github.com/dr5hn/countries-states-cities-database/blob/85fb8848193db488eb7156d5b7c4d70f395a1c9f/ADMINISTRATIVE_STRUCTURE.md
5677,MC,Port-Hercule,MC-PH,held,"{""level"": null, ""parent_id"": null}",,held_conflict,Constitution article 78 and current communal law article 1 establish one commune covering the principality. ISO quarters are not separate statutory first-tier local administrations; quarter/zoning hierarchy requires a convention and current identity reconciliation.,https://legimonaco.mc/tnc/loi/1974/07-24-959 https://github.com/dr5hn/countries-states-cities-database/blob/85fb8848193db488eb7156d5b7c4d70f395a1c9f/ADMINISTRATIVE_STRUCTURE.md
5678,MC,Saint-Roman,MC-SR,held,"{""level"": null, ""parent_id"": null}",,held_conflict,Constitution article 78 and current communal law article 1 establish one commune covering the principality. ISO quarters are not separate statutory first-tier local administrations; quarter/zoning hierarchy requires a convention and current identity reconciliation.,https://legimonaco.mc/tnc/loi/1974/07-24-959 https://github.com/dr5hn/countries-states-cities-database/blob/85fb8848193db488eb7156d5b7c4d70f395a1c9f/ADMINISTRATIVE_STRUCTURE.md
5679,MC,Sainte-Dévote,MC-SD,held,"{""level"": null, ""parent_id"": null}",,held_conflict,Constitution article 78 and current communal law article 1 establish one commune covering the principality. ISO quarters are not separate statutory first-tier local administrations; quarter/zoning hierarchy requires a convention and current identity reconciliation.,https://legimonaco.mc/tnc/loi/1974/07-24-959 https://github.com/dr5hn/countries-states-cities-database/blob/85fb8848193db488eb7156d5b7c4d70f395a1c9f/ADMINISTRATIVE_STRUCTURE.md
5680,MC,Spélugues,MC-SP,held,"{""level"": null, ""parent_id"": null}",,held_conflict,Constitution article 78 and current communal law article 1 establish one commune covering the principality. ISO quarters are not separate statutory first-tier local administrations; quarter/zoning hierarchy requires a convention and current identity reconciliation.,https://legimonaco.mc/tnc/loi/1974/07-24-959 https://github.com/dr5hn/countries-states-cities-database/blob/85fb8848193db488eb7156d5b7c4d70f395a1c9f/ADMINISTRATIVE_STRUCTURE.md
5681,MC,Vallon de la Rousse,MC-VR,held,"{""level"": null, ""parent_id"": null}",,held_conflict,Constitution article 78 and current communal law article 1 establish one commune covering the principality. ISO quarters are not separate statutory first-tier local administrations; quarter/zoning hierarchy requires a convention and current identity reconciliation.,https://legimonaco.mc/tnc/loi/1974/07-24-959 https://github.com/dr5hn/countries-states-cities-database/blob/85fb8848193db488eb7156d5b7c4d70f395a1c9f/ADMINISTRATIVE_STRUCTURE.md
4360,MD,Cimișlia,MD-CM,changed,"{""level"": null}","{""level"": 1}",iso,ISO 3166-2 depth and parent,
4361,MD,Orhei,MD-OR,changed,"{""level"": null}","{""level"": 1}",iso,ISO 3166-2 depth and parent,
4362,MD,Bender,MD-BD,changed,"{""level"": null}","{""level"": 1}",iso,ISO 3166-2 depth and parent,
4363,MD,Nisporeni,MD-NI,changed,"{""level"": null}","{""level"": 1}",iso,ISO 3166-2 depth and parent,
4364,MD,Sîngerei,MD-SI,changed,"{""level"": null}","{""level"": 1}",iso,ISO 3166-2 depth and parent,
4365,MD,Căușeni,MD-CS,changed,"{""level"": null}","{""level"": 1}",iso,ISO 3166-2 depth and parent,
4366,MD,Călărași,MD-CL,changed,"{""level"": null}","{""level"": 1}",iso,ISO 3166-2 depth and parent,
4367,MD,Glodeni,MD-GL,changed,"{""level"": null}","{""level"": 1}",iso,ISO 3166-2 depth and parent,
4368,MD,Anenii Noi,MD-AN,changed,"{""level"": null}","{""level"": 1}",iso,ISO 3166-2 depth and parent,
4369,MD,Ialoveni,MD-IA,changed,"{""level"": null}","{""level"": 1}",iso,ISO 3166-2 depth and parent,
4370,MD,Florești,MD-FL,changed,"{""level"": null}","{""level"": 1}",iso,ISO 3166-2 depth and parent,
4371,MD,Telenești,MD-TE,changed,"{""level"": null}","{""level"": 1}",iso,ISO 3166-2 depth and parent,
4372,MD,Taraclia,MD-TA,changed,"{""level"": null}","{""level"": 1}",iso,ISO 3166-2 depth and parent,
4373,MD,Chișinău,MD-CU,changed,"{""level"": null}","{""level"": 1}",iso,ISO 3166-2 depth and parent,
4374,MD,Soroca,MD-SO,changed,"{""level"": null}","{""level"": 1}",iso,ISO 3166-2 depth and parent,
4375,MD,Briceni,MD-BR,changed,"{""level"": null}","{""level"": 1}",iso,ISO 3166-2 depth and parent,
4376,MD,Rîșcani,MD-RI,changed,"{""level"": null}","{""level"": 1}",iso,ISO 3166-2 depth and parent,
4377,MD,Strășeni,MD-ST,changed,"{""level"": null}","{""level"": 1}",iso,ISO 3166-2 depth and parent,
4378,MD,Ștefan Vodă,MD-SV,changed,"{""level"": null}","{""level"": 1}",iso,ISO 3166-2 depth and parent,
4379,MD,Basarabeasca,MD-BS,changed,"{""level"": null}","{""level"": 1}",iso,ISO 3166-2 depth and parent,
4380,MD,Cantemir,MD-CT,changed,"{""level"": null}","{""level"": 1}",iso,ISO 3166-2 depth and parent,
4381,MD,Fălești,MD-FA,changed,"{""level"": null}","{""level"": 1}",iso,ISO 3166-2 depth and parent,
4382,MD,Hîncești,MD-HI,changed,"{""level"": null}","{""level"": 1}",iso,ISO 3166-2 depth and parent,
4383,MD,Dubăsari,MD-DU,changed,"{""level"": null}","{""level"": 1}",iso,ISO 3166-2 depth and parent,
4384,MD,Dondușeni,MD-DO,changed,"{""level"": null}","{""level"": 1}",iso,ISO 3166-2 depth and parent,
4385,MD,Gagauzia,MD-GA,changed,"{""level"": null}","{""level"": 1}",iso,ISO 3166-2 depth and parent,
4386,MD,Ungheni,MD-UN,changed,"{""level"": null}","{""level"": 1}",iso,ISO 3166-2 depth and parent,
4387,MD,Edineț,MD-ED,changed,"{""level"": null}","{""level"": 1}",iso,ISO 3166-2 depth and parent,
4388,MD,Șoldănești,MD-SD,changed,"{""level"": null}","{""level"": 1}",iso,ISO 3166-2 depth and parent,
4389,MD,Ocnița,MD-OC,changed,"{""level"": null}","{""level"": 1}",iso,ISO 3166-2 depth and parent,
4390,MD,Criuleni,MD-CR,changed,"{""level"": null}","{""level"": 1}",iso,ISO 3166-2 depth and parent,
4391,MD,Cahul,MD-CA,changed,"{""level"": null}","{""level"": 1}",iso,ISO 3166-2 depth and parent,
4392,MD,Drochia,MD-DR,changed,"{""level"": null}","{""level"": 1}",iso,ISO 3166-2 depth and parent,
4393,MD,Bălți,MD-BA,changed,"{""level"": null}","{""level"": 1}",iso,ISO 3166-2 depth and parent,
4394,MD,Rezina,MD-RE,changed,"{""level"": null}","{""level"": 1}",iso,ISO 3166-2 depth and parent,
4395,MD,Transnistria,MD-SN,changed,"{""level"": null}","{""level"": 1}",iso,ISO 3166-2 depth and parent,
5667,MD,Leova,MD-LE,changed,"{""level"": null}","{""level"": 1}",iso,ISO 3166-2 depth and parent,
12,ME,Petnjica,ME-23,changed,"{""level"": null}","{""level"": 1}",iso,ISO 3166-2 depth and parent,
13,ME,Bar,ME-02,changed,"{""level"": null}","{""level"": 1}",iso,ISO 3166-2 depth and parent,
14,ME,Danilovgrad,ME-07,changed,"{""level"": null}","{""level"": 1}",iso,ISO 3166-2 depth and parent,
15,ME,Rožaje,ME-17,changed,"{""level"": null}","{""level"": 1}",iso,ISO 3166-2 depth and parent,
16,ME,Plužine,ME-15,changed,"{""level"": null}","{""level"": 1}",iso,ISO 3166-2 depth and parent,
17,ME,Nikšić,ME-12,changed,"{""level"": null}","{""level"": 1}",iso,ISO 3166-2 depth and parent,
18,ME,Šavnik,ME-18,changed,"{""level"": null}","{""level"": 1}",iso,ISO 3166-2 depth and parent,
19,ME,Plav,ME-13,changed,"{""level"": null}","{""level"": 1}",iso,ISO 3166-2 depth and parent,
20,ME,Pljevlja,ME-14,changed,"{""level"": null}","{""level"": 1}",iso,ISO 3166-2 depth and parent,
21,ME,Berane,ME-03,changed,"{""level"": null}","{""level"": 1}",iso,ISO 3166-2 depth and parent,
22,ME,Mojkovac,ME-11,changed,"{""level"": null}","{""level"": 1}",iso,ISO 3166-2 depth and parent,
23,ME,Andrijevica,ME-01,changed,"{""level"": null}","{""level"": 1}",iso,ISO 3166-2 depth and parent,
24,ME,Gusinje,ME-22,changed,"{""level"": null}","{""level"": 1}",iso,ISO 3166-2 depth and parent,
25,ME,Bijelo Polje,ME-04,changed,"{""level"": null}","{""level"": 1}",iso,ISO 3166-2 depth and parent,
26,ME,Kotor,ME-10,changed,"{""level"": null}","{""level"": 1}",iso,ISO 3166-2 depth and parent,
27,ME,Podgorica,ME-16,changed,"{""level"": null}","{""level"": 1}",iso,ISO 3166-2 depth and parent,
28,ME,Old Royal Capital Cetinje,ME-06,changed,"{""level"": null}","{""level"": 1}",iso,ISO 3166-2 depth and parent,
29,ME,Tivat,ME-19,changed,"{""level"": null}","{""level"": 1}",iso,ISO 3166-2 depth and parent,
30,ME,Budva,ME-05,changed,"{""level"": null}","{""level"": 1}",iso,ISO 3166-2 depth and parent,
31,ME,Kolašin,ME-09,changed,"{""level"": null}","{""level"": 1}",iso,ISO 3166-2 depth and parent,
32,ME,Žabljak,ME-21,changed,"{""level"": null}","{""level"": 1}",iso,ISO 3166-2 depth and parent,
33,ME,Ulcinj,ME-20,changed,"{""level"": null}","{""level"": 1}",iso,ISO 3166-2 depth and parent,
5682,ME,Herceg-Novi,ME-08,changed,"{""level"": null}","{""level"": 1}",iso,ISO 3166-2 depth and parent,
5683,ME,Tuzi,ME-24,changed,"{""level"": null}","{""level"": 1}",iso,ISO 3166-2 depth and parent,
5684,ME,Zeta,ME-25,changed,"{""level"": null}","{""level"": 1}",iso,ISO 3166-2 depth and parent,
5820,MF,Saint-Martin,FR-MF,held,"{""level"": null, ""parent_id"": null}",,held_conflict,Dual-territory alias uses a foreign-prefix ISO code. Country-relative hierarchy needs explicit reconciliation with the parallel FR row; do not treat foreign code membership as a domestic hierarchy certificate.,https://github.com/dr5hn/countries-states-cities-database/blob/85fb8848193db488eb7156d5b7c4d70f395a1c9f/MULTI_LEVEL_TERRITORIES.md
2948,MG,Fianarantsoa,MG-F,changed,"{""level"": null}","{""level"": 1}",iso,ISO 3166-2 depth and parent,
2949,MG,Toliara,MG-U,changed,"{""level"": null}","{""level"": 1}",iso,ISO 3166-2 depth and parent,
2950,MG,Antsiranana,MG-D,changed,"{""level"": null}","{""level"": 1}",iso,ISO 3166-2 depth and parent,
2951,MG,Antananarivo,MG-T,changed,"{""level"": null}","{""level"": 1}",iso,ISO 3166-2 depth and parent,
2952,MG,Toamasina,MG-A,changed,"{""level"": null}","{""level"": 1}",iso,ISO 3166-2 depth and parent,
2953,MG,Mahajanga,MG-M,changed,"{""level"": null}","{""level"": 1}",iso,ISO 3166-2 depth and parent,
2573,MH,Ratak,MH-T,held,"{""level"": 4, ""parent_id"": null}",,held_conflict,The judiciary publishes local constitutions for atolls/islands; no administrative-government tier for the ISO Ratak/Ralik chains was established. Geographic chain containment cannot alone justify depth 2 for autonomous local units.,https://rmicourts.org/constitutions-of-the-local-governments-of-the-republic-of-the-marshall-islands/ https://github.com/dr5hn/countries-states-cities-database/blob/85fb8848193db488eb7156d5b7c4d70f395a1c9f/ADMINISTRATIVE_STRUCTURE.md
2574,MH,Ralik,MH-L,held,"{""level"": 4, ""parent_id"": null}",,held_conflict,The judiciary publishes local constitutions for atolls/islands; no administrative-government tier for the ISO Ratak/Ralik chains was established. Geographic chain containment cannot alone justify depth 2 for autonomous local units.,https://rmicourts.org/constitutions-of-the-local-governments-of-the-republic-of-the-marshall-islands/ https://github.com/dr5hn/countries-states-cities-database/blob/85fb8848193db488eb7156d5b7c4d70f395a1c9f/ADMINISTRATIVE_STRUCTURE.md
5643,MH,Ailinglaplap,MH-ALL,held,"{""level"": null, ""parent_id"": 2574}",,held_conflict,The judiciary publishes local constitutions for atolls/islands; no administrative-government tier for the ISO Ratak/Ralik chains was established. Geographic chain containment cannot alone justify depth 2 for autonomous local units.,https://rmicourts.org/constitutions-of-the-local-governments-of-the-republic-of-the-marshall-islands/ https://github.com/dr5hn/countries-states-cities-database/blob/85fb8848193db488eb7156d5b7c4d70f395a1c9f/ADMINISTRATIVE_STRUCTURE.md
5644,MH,Ailuk,MH-ALK,held,"{""level"": null, ""parent_id"": 2573}",,held_conflict,The judiciary publishes local constitutions for atolls/islands; no administrative-government tier for the ISO Ratak/Ralik chains was established. Geographic chain containment cannot alone justify depth 2 for autonomous local units.,https://rmicourts.org/constitutions-of-the-local-governments-of-the-republic-of-the-marshall-islands/ https://github.com/dr5hn/countries-states-cities-database/blob/85fb8848193db488eb7156d5b7c4d70f395a1c9f/ADMINISTRATIVE_STRUCTURE.md
5645,MH,Arno,MH-ARN,held,"{""level"": null, ""parent_id"": 2573}",,held_conflict,The judiciary publishes local constitutions for atolls/islands; no administrative-government tier for the ISO Ratak/Ralik chains was established. Geographic chain containment cannot alone justify depth 2 for autonomous local units.,https://rmicourts.org/constitutions-of-the-local-governments-of-the-republic-of-the-marshall-islands/ https://github.com/dr5hn/countries-states-cities-database/blob/85fb8848193db488eb7156d5b7c4d70f395a1c9f/ADMINISTRATIVE_STRUCTURE.md
5646,MH,Aur,MH-AUR,held,"{""level"": null, ""parent_id"": 2573}",,held_conflict,The judiciary publishes local constitutions for atolls/islands; no administrative-government tier for the ISO Ratak/Ralik chains was established. Geographic chain containment cannot alone justify depth 2 for autonomous local units.,https://rmicourts.org/constitutions-of-the-local-governments-of-the-republic-of-the-marshall-islands/ https://github.com/dr5hn/countries-states-cities-database/blob/85fb8848193db488eb7156d5b7c4d70f395a1c9f/ADMINISTRATIVE_STRUCTURE.md
5647,MH,Bikini & Kili,MH-KIL,held,"{""level"": null, ""parent_id"": 2574}",,held_conflict,The judiciary publishes local constitutions for atolls/islands; no administrative-government tier for the ISO Ratak/Ralik chains was established. Geographic chain containment cannot alone justify depth 2 for autonomous local units.,https://rmicourts.org/constitutions-of-the-local-governments-of-the-republic-of-the-marshall-islands/ https://github.com/dr5hn/countries-states-cities-database/blob/85fb8848193db488eb7156d5b7c4d70f395a1c9f/ADMINISTRATIVE_STRUCTURE.md
5648,MH,Ebon,MH-EBO,held,"{""level"": null, ""parent_id"": 2574}",,held_conflict,The judiciary publishes local constitutions for atolls/islands; no administrative-government tier for the ISO Ratak/Ralik chains was established. Geographic chain containment cannot alone justify depth 2 for autonomous local units.,https://rmicourts.org/constitutions-of-the-local-governments-of-the-republic-of-the-marshall-islands/ https://github.com/dr5hn/countries-states-cities-database/blob/85fb8848193db488eb7156d5b7c4d70f395a1c9f/ADMINISTRATIVE_STRUCTURE.md
5649,MH,Enewetak & Ujelang,MH-ENI,held,"{""level"": null, ""parent_id"": 2574}",,held_conflict,The judiciary publishes local constitutions for atolls/islands; no administrative-government tier for the ISO Ratak/Ralik chains was established. Geographic chain containment cannot alone justify depth 2 for autonomous local units.,https://rmicourts.org/constitutions-of-the-local-governments-of-the-republic-of-the-marshall-islands/ https://github.com/dr5hn/countries-states-cities-database/blob/85fb8848193db488eb7156d5b7c4d70f395a1c9f/ADMINISTRATIVE_STRUCTURE.md
5650,MH,Jabat,MH-JAB,held,"{""level"": null, ""parent_id"": 2574}",,held_conflict,The judiciary publishes local constitutions for atolls/islands; no administrative-government tier for the ISO Ratak/Ralik chains was established. Geographic chain containment cannot alone justify depth 2 for autonomous local units.,https://rmicourts.org/constitutions-of-the-local-governments-of-the-republic-of-the-marshall-islands/ https://github.com/dr5hn/countries-states-cities-database/blob/85fb8848193db488eb7156d5b7c4d70f395a1c9f/ADMINISTRATIVE_STRUCTURE.md
5651,MH,Jaluit,MH-JAL,held,"{""level"": null, ""parent_id"": 2574}",,held_conflict,The judiciary publishes local constitutions for atolls/islands; no administrative-government tier for the ISO Ratak/Ralik chains was established. Geographic chain containment cannot alone justify depth 2 for autonomous local units.,https://rmicourts.org/constitutions-of-the-local-governments-of-the-republic-of-the-marshall-islands/ https://github.com/dr5hn/countries-states-cities-database/blob/85fb8848193db488eb7156d5b7c4d70f395a1c9f/ADMINISTRATIVE_STRUCTURE.md
5652,MH,Kwajalein,MH-KWA,held,"{""level"": null, ""parent_id"": 2574}",,held_conflict,The judiciary publishes local constitutions for atolls/islands; no administrative-government tier for the ISO Ratak/Ralik chains was established. Geographic chain containment cannot alone justify depth 2 for autonomous local units.,https://rmicourts.org/constitutions-of-the-local-governments-of-the-republic-of-the-marshall-islands/ https://github.com/dr5hn/countries-states-cities-database/blob/85fb8848193db488eb7156d5b7c4d70f395a1c9f/ADMINISTRATIVE_STRUCTURE.md
5653,MH,Lae,MH-LAE,held,"{""level"": null, ""parent_id"": 2574}",,held_conflict,The judiciary publishes local constitutions for atolls/islands; no administrative-government tier for the ISO Ratak/Ralik chains was established. Geographic chain containment cannot alone justify depth 2 for autonomous local units.,https://rmicourts.org/constitutions-of-the-local-governments-of-the-republic-of-the-marshall-islands/ https://github.com/dr5hn/countries-states-cities-database/blob/85fb8848193db488eb7156d5b7c4d70f395a1c9f/ADMINISTRATIVE_STRUCTURE.md
5654,MH,Lib,MH-LIB,held,"{""level"": null, ""parent_id"": 2574}",,held_conflict,The judiciary publishes local constitutions for atolls/islands; no administrative-government tier for the ISO Ratak/Ralik chains was established. Geographic chain containment cannot alone justify depth 2 for autonomous local units.,https://rmicourts.org/constitutions-of-the-local-governments-of-the-republic-of-the-marshall-islands/ https://github.com/dr5hn/countries-states-cities-database/blob/85fb8848193db488eb7156d5b7c4d70f395a1c9f/ADMINISTRATIVE_STRUCTURE.md
5655,MH,Likiep,MH-LIK,held,"{""level"": null, ""parent_id"": 2573}",,held_conflict,The judiciary publishes local constitutions for atolls/islands; no administrative-government tier for the ISO Ratak/Ralik chains was established. Geographic chain containment cannot alone justify depth 2 for autonomous local units.,https://rmicourts.org/constitutions-of-the-local-governments-of-the-republic-of-the-marshall-islands/ https://github.com/dr5hn/countries-states-cities-database/blob/85fb8848193db488eb7156d5b7c4d70f395a1c9f/ADMINISTRATIVE_STRUCTURE.md
5656,MH,Majuro,MH-MAJ,held,"{""level"": null, ""parent_id"": 2573}",,held_conflict,The judiciary publishes local constitutions for atolls/islands; no administrative-government tier for the ISO Ratak/Ralik chains was established. Geographic chain containment cannot alone justify depth 2 for autonomous local units.,https://rmicourts.org/constitutions-of-the-local-governments-of-the-republic-of-the-marshall-islands/ https://github.com/dr5hn/countries-states-cities-database/blob/85fb8848193db488eb7156d5b7c4d70f395a1c9f/ADMINISTRATIVE_STRUCTURE.md
5657,MH,Maloelap,MH-MAL,held,"{""level"": null, ""parent_id"": 2573}",,held_conflict,The judiciary publishes local constitutions for atolls/islands; no administrative-government tier for the ISO Ratak/Ralik chains was established. Geographic chain containment cannot alone justify depth 2 for autonomous local units.,https://rmicourts.org/constitutions-of-the-local-governments-of-the-republic-of-the-marshall-islands/ https://github.com/dr5hn/countries-states-cities-database/blob/85fb8848193db488eb7156d5b7c4d70f395a1c9f/ADMINISTRATIVE_STRUCTURE.md
5658,MH,Mejit,MH-MEJ,held,"{""level"": null, ""parent_id"": 2573}",,held_conflict,The judiciary publishes local constitutions for atolls/islands; no administrative-government tier for the ISO Ratak/Ralik chains was established. Geographic chain containment cannot alone justify depth 2 for autonomous local units.,https://rmicourts.org/constitutions-of-the-local-governments-of-the-republic-of-the-marshall-islands/ https://github.com/dr5hn/countries-states-cities-database/blob/85fb8848193db488eb7156d5b7c4d70f395a1c9f/ADMINISTRATIVE_STRUCTURE.md
5659,MH,Mili,MH-MIL,held,"{""level"": null, ""parent_id"": 2573}",,held_conflict,The judiciary publishes local constitutions for atolls/islands; no administrative-government tier for the ISO Ratak/Ralik chains was established. Geographic chain containment cannot alone justify depth 2 for autonomous local units.,https://rmicourts.org/constitutions-of-the-local-governments-of-the-republic-of-the-marshall-islands/ https://github.com/dr5hn/countries-states-cities-database/blob/85fb8848193db488eb7156d5b7c4d70f395a1c9f/ADMINISTRATIVE_STRUCTURE.md
5660,MH,Namdrik,MH-NMK,held,"{""level"": null, ""parent_id"": 2574}",,held_conflict,The judiciary publishes local constitutions for atolls/islands; no administrative-government tier for the ISO Ratak/Ralik chains was established. Geographic chain containment cannot alone justify depth 2 for autonomous local units.,https://rmicourts.org/constitutions-of-the-local-governments-of-the-republic-of-the-marshall-islands/ https://github.com/dr5hn/countries-states-cities-database/blob/85fb8848193db488eb7156d5b7c4d70f395a1c9f/ADMINISTRATIVE_STRUCTURE.md
5661,MH,Namu,MH-NMU,held,"{""level"": null, ""parent_id"": 2574}",,held_conflict,The judiciary publishes local constitutions for atolls/islands; no administrative-government tier for the ISO Ratak/Ralik chains was established. Geographic chain containment cannot alone justify depth 2 for autonomous local units.,https://rmicourts.org/constitutions-of-the-local-governments-of-the-republic-of-the-marshall-islands/ https://github.com/dr5hn/countries-states-cities-database/blob/85fb8848193db488eb7156d5b7c4d70f395a1c9f/ADMINISTRATIVE_STRUCTURE.md
5662,MH,Rongelap,MH-RON,held,"{""level"": null, ""parent_id"": 2574}",,held_conflict,The judiciary publishes local constitutions for atolls/islands; no administrative-government tier for the ISO Ratak/Ralik chains was established. Geographic chain containment cannot alone justify depth 2 for autonomous local units.,https://rmicourts.org/constitutions-of-the-local-governments-of-the-republic-of-the-marshall-islands/ https://github.com/dr5hn/countries-states-cities-database/blob/85fb8848193db488eb7156d5b7c4d70f395a1c9f/ADMINISTRATIVE_STRUCTURE.md
5663,MH,Ujae,MH-UJA,held,"{""level"": null, ""parent_id"": 2574}",,held_conflict,The judiciary publishes local constitutions for atolls/islands; no administrative-government tier for the ISO Ratak/Ralik chains was established. Geographic chain containment cannot alone justify depth 2 for autonomous local units.,https://rmicourts.org/constitutions-of-the-local-governments-of-the-republic-of-the-marshall-islands/ https://github.com/dr5hn/countries-states-cities-database/blob/85fb8848193db488eb7156d5b7c4d70f395a1c9f/ADMINISTRATIVE_STRUCTURE.md
5664,MH,Utrik,MH-UTI,held,"{""level"": null, ""parent_id"": 2573}",,held_conflict,The judiciary publishes local constitutions for atolls/islands; no administrative-government tier for the ISO Ratak/Ralik chains was established. Geographic chain containment cannot alone justify depth 2 for autonomous local units.,https://rmicourts.org/constitutions-of-the-local-governments-of-the-republic-of-the-marshall-islands/ https://github.com/dr5hn/countries-states-cities-database/blob/85fb8848193db488eb7156d5b7c4d70f395a1c9f/ADMINISTRATIVE_STRUCTURE.md
5665,MH,Wotho,MH-WTH,held,"{""level"": null, ""parent_id"": 2574}",,held_conflict,The judiciary publishes local constitutions for atolls/islands; no administrative-government tier for the ISO Ratak/Ralik chains was established. Geographic chain containment cannot alone justify depth 2 for autonomous local units.,https://rmicourts.org/constitutions-of-the-local-governments-of-the-republic-of-the-marshall-islands/ https://github.com/dr5hn/countries-states-cities-database/blob/85fb8848193db488eb7156d5b7c4d70f395a1c9f/ADMINISTRATIVE_STRUCTURE.md
5666,MH,Wotje,MH-WTJ,held,"{""level"": null, ""parent_id"": 2573}",,held_conflict,The judiciary publishes local constitutions for atolls/islands; no administrative-government tier for the ISO Ratak/Ralik chains was established. Geographic chain containment cannot alone justify depth 2 for autonomous local units.,https://rmicourts.org/constitutions-of-the-local-governments-of-the-republic-of-the-marshall-islands/ https://github.com/dr5hn/countries-states-cities-database/blob/85fb8848193db488eb7156d5b7c4d70f395a1c9f/ADMINISTRATIVE_STRUCTURE.md
640,MK,Sveti Nikole,MK-108,changed,"{""level"": null}","{""level"": 1}",iso,ISO 3166-2 depth and parent,
641,MK,Kratovo,MK-701,changed,"{""level"": null}","{""level"": 1}",iso,ISO 3166-2 depth and parent,
643,MK,Staro Nagoričane,MK-706,changed,"{""level"": null}","{""level"": 1}",iso,ISO 3166-2 depth and parent,
644,MK,Češinovo-Obleševo,MK-210,changed,"{""level"": null}","{""level"": 1}",iso,ISO 3166-2 depth and parent,
645,MK,Debarca,MK-304,changed,"{""level"": null}","{""level"": 1}",iso,ISO 3166-2 depth and parent,
646,MK,Probištip,MK-209,changed,"{""level"": null}","{""level"": 1}",iso,ISO 3166-2 depth and parent,
647,MK,Krivogaštani,MK-504,changed,"{""level"": null}","{""level"": 1}",iso,ISO 3166-2 depth and parent,
648,MK,Gevgelija,MK-405,changed,"{""level"": null}","{""level"": 1}",iso,ISO 3166-2 depth and parent,
649,MK,Bogdanci,MK-401,changed,"{""level"": null}","{""level"": 1}",iso,ISO 3166-2 depth and parent,
651,MK,Veles,MK-101,changed,"{""level"": null}","{""level"": 1}",iso,ISO 3166-2 depth and parent,
652,MK,Bosilovo,MK-402,changed,"{""level"": null}","{""level"": 1}",iso,ISO 3166-2 depth and parent,
653,MK,Mogila,MK-506,changed,"{""level"": null}","{""level"": 1}",iso,ISO 3166-2 depth and parent,
654,MK,Tearce,MK-608,changed,"{""level"": null}","{""level"": 1}",iso,ISO 3166-2 depth and parent,
655,MK,Demir Kapija,MK-103,changed,"{""level"": null}","{""level"": 1}",iso,ISO 3166-2 depth and parent,
656,MK,Aračinovo,MK-802,changed,"{""level"": null}","{""level"": 1}",iso,ISO 3166-2 depth and parent,
658,MK,Vasilevo,MK-404,changed,"{""level"": null}","{""level"": 1}",iso,ISO 3166-2 depth and parent,
659,MK,Lipkovo,MK-704,changed,"{""level"": null}","{""level"": 1}",iso,ISO 3166-2 depth and parent,
660,MK,Brvenica,MK-602,changed,"{""level"": null}","{""level"": 1}",iso,ISO 3166-2 depth and parent,
661,MK,Štip,MK-211,changed,"{""level"": null}","{""level"": 1}",iso,ISO 3166-2 depth and parent,
662,MK,Vevčani,MK-301,changed,"{""level"": null}","{""level"": 1}",iso,ISO 3166-2 depth and parent,
663,MK,Tetovo,MK-609,changed,"{""level"": null}","{""level"": 1}",iso,ISO 3166-2 depth and parent,
664,MK,Negotino,MK-106,changed,"{""level"": null}","{""level"": 1}",iso,ISO 3166-2 depth and parent,
665,MK,Konče,MK-407,changed,"{""level"": null}","{""level"": 1}",iso,ISO 3166-2 depth and parent,
666,MK,Prilep,MK-508,changed,"{""level"": null}","{""level"": 1}",iso,ISO 3166-2 depth and parent,
667,MK,Saraj,MK-811,changed,"{""level"": null}","{""level"": 1}",iso,ISO 3166-2 depth and parent,
668,MK,Želino,MK-605,changed,"{""level"": null}","{""level"": 1}",iso,ISO 3166-2 depth and parent,
669,MK,Mavrovo and Rostuša,MK-607,changed,"{""level"": null}","{""level"": 1}",iso,ISO 3166-2 depth and parent,
670,MK,Plasnica,MK-311,changed,"{""level"": null}","{""level"": 1}",iso,ISO 3166-2 depth and parent,
671,MK,Valandovo,MK-403,changed,"{""level"": null}","{""level"": 1}",iso,ISO 3166-2 depth and parent,
672,MK,Vinica,MK-202,changed,"{""level"": null}","{""level"": 1}",iso,ISO 3166-2 depth and parent,
673,MK,Zrnovci,MK-204,changed,"{""level"": null}","{""level"": 1}",iso,ISO 3166-2 depth and parent,
674,MK,Karbinci,MK-205,changed,"{""level"": null}","{""level"": 1}",iso,ISO 3166-2 depth and parent,
675,MK,Dolneni,MK-503,changed,"{""level"": null}","{""level"": 1}",iso,ISO 3166-2 depth and parent,
676,MK,Čaška,MK-109,changed,"{""level"": null}","{""level"": 1}",iso,ISO 3166-2 depth and parent,
677,MK,Kriva Palanka,MK-702,changed,"{""level"": null}","{""level"": 1}",iso,ISO 3166-2 depth and parent,
678,MK,Jegunovce,MK-606,changed,"{""level"": null}","{""level"": 1}",iso,ISO 3166-2 depth and parent,
679,MK,Bitola,MK-501,changed,"{""level"": null}","{""level"": 1}",iso,ISO 3166-2 depth and parent,
680,MK,Šuto Orizari,MK-817,changed,"{""level"": null}","{""level"": 1}",iso,ISO 3166-2 depth and parent,
681,MK,Karpoš,MK-808,changed,"{""level"": null}","{""level"": 1}",iso,ISO 3166-2 depth and parent,
683,MK,Kumanovo,MK-703,changed,"{""level"": null}","{""level"": 1}",iso,ISO 3166-2 depth and parent,
685,MK,Pehčevo,MK-208,changed,"{""level"": null}","{""level"": 1}",iso,ISO 3166-2 depth and parent,
686,MK,Kisela Voda,MK-809,changed,"{""level"": null}","{""level"": 1}",iso,ISO 3166-2 depth and parent,
687,MK,Demir Hisar,MK-502,changed,"{""level"": null}","{""level"": 1}",iso,ISO 3166-2 depth and parent,
688,MK,Kičevo,MK-307,changed,"{""level"": null}","{""level"": 1}",iso,ISO 3166-2 depth and parent,
689,MK,Vrapčište,MK-603,changed,"{""level"": null}","{""level"": 1}",iso,ISO 3166-2 depth and parent,
690,MK,Ilinden,MK-807,changed,"{""level"": null}","{""level"": 1}",iso,ISO 3166-2 depth and parent,
691,MK,Rosoman,MK-107,changed,"{""level"": null}","{""level"": 1}",iso,ISO 3166-2 depth and parent,
692,MK,Makedonski Brod,MK-308,changed,"{""level"": null}","{""level"": 1}",iso,ISO 3166-2 depth and parent,
693,MK,Gostivar,MK-604,changed,"{""level"": null}","{""level"": 1}",iso,ISO 3166-2 depth and parent,
694,MK,Butel,MK-803,changed,"{""level"": null}","{""level"": 1}",iso,ISO 3166-2 depth and parent,
695,MK,Delčevo,MK-203,changed,"{""level"": null}","{""level"": 1}",iso,ISO 3166-2 depth and parent,
696,MK,Novaci,MK-507,changed,"{""level"": null}","{""level"": 1}",iso,ISO 3166-2 depth and parent,
697,MK,Dojran,MK-406,changed,"{""level"": null}","{""level"": 1}",iso,ISO 3166-2 depth and parent,
698,MK,Petrovec,MK-810,changed,"{""level"": null}","{""level"": 1}",iso,ISO 3166-2 depth and parent,
699,MK,Ohrid,MK-310,changed,"{""level"": null}","{""level"": 1}",iso,ISO 3166-2 depth and parent,
700,MK,Struga,MK-312,changed,"{""level"": null}","{""level"": 1}",iso,ISO 3166-2 depth and parent,
701,MK,Makedonska Kamenica,MK-207,changed,"{""level"": null}","{""level"": 1}",iso,ISO 3166-2 depth and parent,
702,MK,Centar,MK-814,changed,"{""level"": null}","{""level"": 1}",iso,ISO 3166-2 depth and parent,
703,MK,Aerodrom,MK-801,changed,"{""level"": null}","{""level"": 1}",iso,ISO 3166-2 depth and parent,
704,MK,Čair,MK-815,changed,"{""level"": null}","{""level"": 1}",iso,ISO 3166-2 depth and parent,
705,MK,Lozovo,MK-105,changed,"{""level"": null}","{""level"": 1}",iso,ISO 3166-2 depth and parent,
706,MK,Zelenikovo,MK-806,changed,"{""level"": null}","{""level"": 1}",iso,ISO 3166-2 depth and parent,
707,MK,Gazi Baba,MK-804,changed,"{""level"": null}","{""level"": 1}",iso,ISO 3166-2 depth and parent,
708,MK,Gradsko,MK-102,changed,"{""level"": null}","{""level"": 1}",iso,ISO 3166-2 depth and parent,
709,MK,Radoviš,MK-409,changed,"{""level"": null}","{""level"": 1}",iso,ISO 3166-2 depth and parent,
710,MK,Strumica,MK-410,changed,"{""level"": null}","{""level"": 1}",iso,ISO 3166-2 depth and parent,
711,MK,Studeničani,MK-813,changed,"{""level"": null}","{""level"": 1}",iso,ISO 3166-2 depth and parent,
712,MK,Resen,MK-509,changed,"{""level"": null}","{""level"": 1}",iso,ISO 3166-2 depth and parent,
713,MK,Kavadarci,MK-104,changed,"{""level"": null}","{""level"": 1}",iso,ISO 3166-2 depth and parent,
714,MK,Kruševo,MK-505,changed,"{""level"": null}","{""level"": 1}",iso,ISO 3166-2 depth and parent,
715,MK,Čučer-Sandevo,MK-816,changed,"{""level"": null}","{""level"": 1}",iso,ISO 3166-2 depth and parent,
716,MK,Berovo,MK-201,changed,"{""level"": null}","{""level"": 1}",iso,ISO 3166-2 depth and parent,
717,MK,Rankovce,MK-705,changed,"{""level"": null}","{""level"": 1}",iso,ISO 3166-2 depth and parent,
718,MK,Novo Selo,MK-408,changed,"{""level"": null}","{""level"": 1}",iso,ISO 3166-2 depth and parent,
719,MK,Sopište,MK-812,changed,"{""level"": null}","{""level"": 1}",iso,ISO 3166-2 depth and parent,
720,MK,Centar Župa,MK-313,changed,"{""level"": null}","{""level"": 1}",iso,ISO 3166-2 depth and parent,
721,MK,Bogovinje,MK-601,changed,"{""level"": null}","{""level"": 1}",iso,ISO 3166-2 depth and parent,
722,MK,Gjorče Petrov,MK-805,changed,"{""level"": null}","{""level"": 1}",iso,ISO 3166-2 depth and parent,
723,MK,Kočani,MK-206,changed,"{""level"": null}","{""level"": 1}",iso,ISO 3166-2 depth and parent,
5726,MK,Debar,MK-303,changed,"{""level"": null}","{""level"": 1}",iso,ISO 3166-2 depth and parent,
248,ML,Tombouctou,ML-6,changed,"{""level"": null}","{""level"": 1}",iso,ISO 3166-2 depth and parent,
249,ML,Ségou,ML-4,changed,"{""level"": null}","{""level"": 1}",iso,ISO 3166-2 depth and parent,
250,ML,Koulikoro,ML-2,changed,"{""level"": null}","{""level"": 1}",iso,ISO 3166-2 depth and parent,
251,ML,Ménaka,ML-9,changed,"{""level"": null}","{""level"": 1}",iso,ISO 3166-2 depth and parent,
252,ML,Kayes,ML-1,changed,"{""level"": null}","{""level"": 1}",iso,ISO 3166-2 depth and parent,
253,ML,Bamako,ML-BKO,changed,"{""level"": null}","{""level"": 1}",iso,ISO 3166-2 depth and parent,
254,ML,Sikasso,ML-3,changed,"{""level"": null}","{""level"": 1}",iso,ISO 3166-2 depth and parent,
255,ML,Mopti,ML-5,changed,"{""level"": null}","{""level"": 1}",iso,ISO 3166-2 depth and parent,
256,ML,Taoudénit,ML-10,changed,"{""level"": null}","{""level"": 1}",iso,ISO 3166-2 depth and parent,
257,ML,Kidal,ML-8,changed,"{""level"": null}","{""level"": 1}",iso,ISO 3166-2 depth and parent,
258,ML,Gao,ML-7,changed,"{""level"": null}","{""level"": 1}",iso,ISO 3166-2 depth and parent,
5398,MQ,Fort-de-France,MQ-01,held,"{""level"": null, ""parent_id"": null}",,held_unverified,No current official national source establishing this row's hierarchy was verified; absent from the supplied ISO mirror. Retain existing level and parent; code/identity review is outside this round.,https://github.com/dr5hn/countries-states-cities-database/blob/85fb8848193db488eb7156d5b7c4d70f395a1c9f/.github/fixes-docs/FIX_1643_SUMMARY.md
5399,MQ,La Trinité,MQ-02,held,"{""level"": null, ""parent_id"": null}",,held_unverified,No current official national source establishing this row's hierarchy was verified; absent from the supplied ISO mirror. Retain existing level and parent; code/identity review is outside this round.,https://github.com/dr5hn/countries-states-cities-database/blob/85fb8848193db488eb7156d5b7c4d70f395a1c9f/.github/fixes-docs/FIX_1643_SUMMARY.md
5400,MQ,Le Marin,MQ-03,held,"{""level"": null, ""parent_id"": null}",,held_unverified,No current official national source establishing this row's hierarchy was verified; absent from the supplied ISO mirror. Retain existing level and parent; code/identity review is outside this round.,https://github.com/dr5hn/countries-states-cities-database/blob/85fb8848193db488eb7156d5b7c4d70f395a1c9f/.github/fixes-docs/FIX_1643_SUMMARY.md
5401,MQ,Saint-Pierre,MQ-04,held,"{""level"": null, ""parent_id"": null}",,held_unverified,No current official national source establishing this row's hierarchy was verified; absent from the supplied ISO mirror. Retain existing level and parent; code/identity review is outside this round.,https://github.com/dr5hn/countries-states-cities-database/blob/85fb8848193db488eb7156d5b7c4d70f395a1c9f/.github/fixes-docs/FIX_1643_SUMMARY.md
3338,MR,Hodh Ech Chargui,MR-01,changed,"{""level"": null}","{""level"": 1}",iso,ISO 3166-2 depth and parent,
3339,MR,Brakna,MR-05,changed,"{""level"": null}","{""level"": 1}",iso,ISO 3166-2 depth and parent,
3340,MR,Tiris Zemmour,MR-11,changed,"{""level"": null}","{""level"": 1}",iso,ISO 3166-2 depth and parent,
3341,MR,Gorgol,MR-04,changed,"{""level"": null}","{""level"": 1}",iso,ISO 3166-2 depth and parent,
3342,MR,Inchiri,MR-12,changed,"{""level"": null}","{""level"": 1}",iso,ISO 3166-2 depth and parent,
3343,MR,Nouakchott-Nord,MR-14,changed,"{""level"": null}","{""level"": 1}",iso,ISO 3166-2 depth and parent,
3344,MR,Adrar,MR-07,changed,"{""level"": null}","{""level"": 1}",iso,ISO 3166-2 depth and parent,
3345,MR,Tagant,MR-09,changed,"{""level"": null}","{""level"": 1}",iso,ISO 3166-2 depth and parent,
3346,MR,Dakhlet Nouadhibou,MR-08,changed,"{""level"": null}","{""level"": 1}",iso,ISO 3166-2 depth and parent,
3347,MR,Nouakchott-Sud,MR-15,changed,"{""level"": null}","{""level"": 1}",iso,ISO 3166-2 depth and parent,
3348,MR,Trarza,MR-06,changed,"{""level"": null}","{""level"": 1}",iso,ISO 3166-2 depth and parent,
3349,MR,Assaba,MR-03,changed,"{""level"": null}","{""level"": 1}",iso,ISO 3166-2 depth and parent,
3350,MR,Guidimaka,MR-10,changed,"{""level"": null}","{""level"": 1}",iso,ISO 3166-2 depth and parent,
3351,MR,Hodh El Gharbi,MR-02,changed,"{""level"": null}","{""level"": 1}",iso,ISO 3166-2 depth and parent,
3352,MR,Nouakchott-Ouest,MR-13,changed,"{""level"": null}","{""level"": 1}",iso,ISO 3166-2 depth and parent,
5419,MS,Saint Peter,MS-01,held,"{""level"": null, ""parent_id"": null}",,held_unverified,No current official national source establishing this row's hierarchy was verified; absent from the supplied ISO mirror. Retain existing level and parent; code/identity review is outside this round.,https://github.com/dr5hn/countries-states-cities-database/blob/85fb8848193db488eb7156d5b7c4d70f395a1c9f/.github/fixes-docs/FIX_1643_SUMMARY.md
5420,MS,Saint Georges,MS-02,held,"{""level"": null, ""parent_id"": null}",,held_unverified,No current official national source establishing this row's hierarchy was verified; absent from the supplied ISO mirror. Retain existing level and parent; code/identity review is outside this round.,https://github.com/dr5hn/countries-states-cities-database/blob/85fb8848193db488eb7156d5b7c4d70f395a1c9f/.github/fixes-docs/FIX_1643_SUMMARY.md
5421,MS,Saint Anthony,MS-03,held,"{""level"": null, ""parent_id"": null}",,held_unverified,No current official national source establishing this row's hierarchy was verified; absent from the supplied ISO mirror. Retain existing level and parent; code/identity review is outside this round.,https://github.com/dr5hn/countries-states-cities-database/blob/85fb8848193db488eb7156d5b7c4d70f395a1c9f/.github/fixes-docs/FIX_1643_SUMMARY.md
74,MT,Mqabba,MT-33,changed,"{""level"": null}","{""level"": 2}",national,Local council inside one of the six regions of Cap. 363 art. 37A (a tier ISO omits); parent null: regions have no state record.,https://legislation.mt/eli/cap/363/eng/pdf https://address.gov.mt/localities/
75,MT,San Ġwann,MT-49,changed,"{""level"": null}","{""level"": 2}",national,Local council inside one of the six regions of Cap. 363 art. 37A (a tier ISO omits); parent null: regions have no state record.,https://legislation.mt/eli/cap/363/eng/pdf https://address.gov.mt/localities/
76,MT,Żurrieq,MT-68,changed,"{""level"": null}","{""level"": 2}",national,Local council inside one of the six regions of Cap. 363 art. 37A (a tier ISO omits); parent null: regions have no state record.,https://legislation.mt/eli/cap/363/eng/pdf https://address.gov.mt/localities/
77,MT,Luqa,MT-25,changed,"{""level"": null}","{""level"": 2}",national,Local council inside one of the six regions of Cap. 363 art. 37A (a tier ISO omits); parent null: regions have no state record.,https://legislation.mt/eli/cap/363/eng/pdf https://address.gov.mt/localities/
78,MT,Marsaxlokk,MT-28,changed,"{""level"": null}","{""level"": 2}",national,Local council inside one of the six regions of Cap. 363 art. 37A (a tier ISO omits); parent null: regions have no state record.,https://legislation.mt/eli/cap/363/eng/pdf https://address.gov.mt/localities/
79,MT,Qala,MT-42,changed,"{""level"": null}","{""level"": 2}",national,Local council inside one of the six regions of Cap. 363 art. 37A (a tier ISO omits); parent null: regions have no state record.,https://legislation.mt/eli/cap/363/eng/pdf https://address.gov.mt/localities/
80,MT,Żebbuġ Malta,MT-66,changed,"{""level"": null}","{""level"": 2}",national,Local council inside one of the six regions of Cap. 363 art. 37A (a tier ISO omits); parent null: regions have no state record.,https://legislation.mt/eli/cap/363/eng/pdf https://address.gov.mt/localities/
81,MT,Xgħajra,MT-63,changed,"{""level"": null}","{""level"": 2}",national,Local council inside one of the six regions of Cap. 363 art. 37A (a tier ISO omits); parent null: regions have no state record.,https://legislation.mt/eli/cap/363/eng/pdf https://address.gov.mt/localities/
82,MT,Kirkop,MT-23,changed,"{""level"": null}","{""level"": 2}",national,Local council inside one of the six regions of Cap. 363 art. 37A (a tier ISO omits); parent null: regions have no state record.,https://legislation.mt/eli/cap/363/eng/pdf https://address.gov.mt/localities/
83,MT,Rabat,MT-46,changed,"{""level"": null}","{""level"": 2}",national,Local council inside one of the six regions of Cap. 363 art. 37A (a tier ISO omits); parent null: regions have no state record.,https://legislation.mt/eli/cap/363/eng/pdf https://address.gov.mt/localities/
84,MT,Floriana,MT-09,changed,"{""level"": null}","{""level"": 2}",national,Local council inside one of the six regions of Cap. 363 art. 37A (a tier ISO omits); parent null: regions have no state record.,https://legislation.mt/eli/cap/363/eng/pdf https://address.gov.mt/localities/
85,MT,Żebbuġ Gozo,MT-65,changed,"{""level"": null}","{""level"": 2}",national,Local council inside one of the six regions of Cap. 363 art. 37A (a tier ISO omits); parent null: regions have no state record.,https://legislation.mt/eli/cap/363/eng/pdf https://address.gov.mt/localities/
86,MT,Swieqi,MT-57,changed,"{""level"": null}","{""level"": 2}",national,Local council inside one of the six regions of Cap. 363 art. 37A (a tier ISO omits); parent null: regions have no state record.,https://legislation.mt/eli/cap/363/eng/pdf https://address.gov.mt/localities/
87,MT,San Lawrenz,MT-50,changed,"{""level"": null}","{""level"": 2}",national,Local council inside one of the six regions of Cap. 363 art. 37A (a tier ISO omits); parent null: regions have no state record.,https://legislation.mt/eli/cap/363/eng/pdf https://address.gov.mt/localities/
88,MT,Birżebbuġa,MT-05,changed,"{""level"": null}","{""level"": 2}",national,Local council inside one of the six regions of Cap. 363 art. 37A (a tier ISO omits); parent null: regions have no state record.,https://legislation.mt/eli/cap/363/eng/pdf https://address.gov.mt/localities/
89,MT,Mdina,MT-29,changed,"{""level"": null}","{""level"": 2}",national,Local council inside one of the six regions of Cap. 363 art. 37A (a tier ISO omits); parent null: regions have no state record.,https://legislation.mt/eli/cap/363/eng/pdf https://address.gov.mt/localities/
90,MT,Santa Venera,MT-54,changed,"{""level"": null}","{""level"": 2}",national,Local council inside one of the six regions of Cap. 363 art. 37A (a tier ISO omits); parent null: regions have no state record.,https://legislation.mt/eli/cap/363/eng/pdf https://address.gov.mt/localities/
91,MT,Kerċem,MT-22,changed,"{""level"": null}","{""level"": 2}",national,Local council inside one of the six regions of Cap. 363 art. 37A (a tier ISO omits); parent null: regions have no state record.,https://legislation.mt/eli/cap/363/eng/pdf https://address.gov.mt/localities/
92,MT,Għarb,MT-14,changed,"{""level"": null}","{""level"": 2}",national,Local council inside one of the six regions of Cap. 363 art. 37A (a tier ISO omits); parent null: regions have no state record.,https://legislation.mt/eli/cap/363/eng/pdf https://address.gov.mt/localities/
93,MT,Iklin,MT-19,changed,"{""level"": null}","{""level"": 2}",national,Local council inside one of the six regions of Cap. 363 art. 37A (a tier ISO omits); parent null: regions have no state record.,https://legislation.mt/eli/cap/363/eng/pdf https://address.gov.mt/localities/
94,MT,Santa Luċija,MT-53,changed,"{""level"": null}","{""level"": 2}",national,Local council inside one of the six regions of Cap. 363 art. 37A (a tier ISO omits); parent null: regions have no state record.,https://legislation.mt/eli/cap/363/eng/pdf https://address.gov.mt/localities/
95,MT,Valletta,MT-60,changed,"{""level"": null}","{""level"": 2}",national,Local council inside one of the six regions of Cap. 363 art. 37A (a tier ISO omits); parent null: regions have no state record.,https://legislation.mt/eli/cap/363/eng/pdf https://address.gov.mt/localities/
96,MT,Msida,MT-34,changed,"{""level"": null}","{""level"": 2}",national,Local council inside one of the six regions of Cap. 363 art. 37A (a tier ISO omits); parent null: regions have no state record.,https://legislation.mt/eli/cap/363/eng/pdf https://address.gov.mt/localities/
97,MT,Birkirkara,MT-04,changed,"{""level"": null}","{""level"": 2}",national,Local council inside one of the six regions of Cap. 363 art. 37A (a tier ISO omits); parent null: regions have no state record.,https://legislation.mt/eli/cap/363/eng/pdf https://address.gov.mt/localities/
98,MT,Siġġiewi,MT-55,changed,"{""level"": null}","{""level"": 2}",national,Local council inside one of the six regions of Cap. 363 art. 37A (a tier ISO omits); parent null: regions have no state record.,https://legislation.mt/eli/cap/363/eng/pdf https://address.gov.mt/localities/
99,MT,Kalkara,MT-21,changed,"{""level"": null}","{""level"": 2}",national,Local council inside one of the six regions of Cap. 363 art. 37A (a tier ISO omits); parent null: regions have no state record.,https://legislation.mt/eli/cap/363/eng/pdf https://address.gov.mt/localities/
100,MT,St. Julian's,MT-48,changed,"{""level"": null}","{""level"": 2}",national,Local council inside one of the six regions of Cap. 363 art. 37A (a tier ISO omits); parent null: regions have no state record.,https://legislation.mt/eli/cap/363/eng/pdf https://address.gov.mt/localities/
101,MT,Victoria,MT-45,changed,"{""level"": null}","{""level"": 2}",national,Local council inside one of the six regions of Cap. 363 art. 37A (a tier ISO omits); parent null: regions have no state record.,https://legislation.mt/eli/cap/363/eng/pdf https://address.gov.mt/localities/
102,MT,Mellieħa,MT-30,changed,"{""level"": null}","{""level"": 2}",national,Local council inside one of the six regions of Cap. 363 art. 37A (a tier ISO omits); parent null: regions have no state record.,https://legislation.mt/eli/cap/363/eng/pdf https://address.gov.mt/localities/
103,MT,Tarxien,MT-59,changed,"{""level"": null}","{""level"": 2}",national,Local council inside one of the six regions of Cap. 363 art. 37A (a tier ISO omits); parent null: regions have no state record.,https://legislation.mt/eli/cap/363/eng/pdf https://address.gov.mt/localities/
104,MT,Sliema,MT-56,changed,"{""level"": null}","{""level"": 2}",national,Local council inside one of the six regions of Cap. 363 art. 37A (a tier ISO omits); parent null: regions have no state record.,https://legislation.mt/eli/cap/363/eng/pdf https://address.gov.mt/localities/
105,MT,Ħamrun,MT-18,changed,"{""level"": null}","{""level"": 2}",national,Local council inside one of the six regions of Cap. 363 art. 37A (a tier ISO omits); parent null: regions have no state record.,https://legislation.mt/eli/cap/363/eng/pdf https://address.gov.mt/localities/
106,MT,Għasri,MT-16,changed,"{""level"": null}","{""level"": 2}",national,Local council inside one of the six regions of Cap. 363 art. 37A (a tier ISO omits); parent null: regions have no state record.,https://legislation.mt/eli/cap/363/eng/pdf https://address.gov.mt/localities/
107,MT,Birgu,MT-03,changed,"{""level"": null}","{""level"": 2}",national,Local council inside one of the six regions of Cap. 363 art. 37A (a tier ISO omits); parent null: regions have no state record.,https://legislation.mt/eli/cap/363/eng/pdf https://address.gov.mt/localities/
108,MT,Balzan,MT-02,changed,"{""level"": null}","{""level"": 2}",national,Local council inside one of the six regions of Cap. 363 art. 37A (a tier ISO omits); parent null: regions have no state record.,https://legislation.mt/eli/cap/363/eng/pdf https://address.gov.mt/localities/
109,MT,Mġarr,MT-31,changed,"{""level"": null}","{""level"": 2}",national,Local council inside one of the six regions of Cap. 363 art. 37A (a tier ISO omits); parent null: regions have no state record.,https://legislation.mt/eli/cap/363/eng/pdf https://address.gov.mt/localities/
110,MT,Attard,MT-01,changed,"{""level"": null}","{""level"": 2}",national,Local council inside one of the six regions of Cap. 363 art. 37A (a tier ISO omits); parent null: regions have no state record.,https://legislation.mt/eli/cap/363/eng/pdf https://address.gov.mt/localities/
111,MT,Qrendi,MT-44,changed,"{""level"": null}","{""level"": 2}",national,Local council inside one of the six regions of Cap. 363 art. 37A (a tier ISO omits); parent null: regions have no state record.,https://legislation.mt/eli/cap/363/eng/pdf https://address.gov.mt/localities/
112,MT,Naxxar,MT-38,changed,"{""level"": null}","{""level"": 2}",national,Local council inside one of the six regions of Cap. 363 art. 37A (a tier ISO omits); parent null: regions have no state record.,https://legislation.mt/eli/cap/363/eng/pdf https://address.gov.mt/localities/
113,MT,Gżira,MT-12,changed,"{""level"": null}","{""level"": 2}",national,Local council inside one of the six regions of Cap. 363 art. 37A (a tier ISO omits); parent null: regions have no state record.,https://legislation.mt/eli/cap/363/eng/pdf https://address.gov.mt/localities/
114,MT,Xagħra,MT-61,changed,"{""level"": null}","{""level"": 2}",national,Local council inside one of the six regions of Cap. 363 art. 37A (a tier ISO omits); parent null: regions have no state record.,https://legislation.mt/eli/cap/363/eng/pdf https://address.gov.mt/localities/
115,MT,Paola,MT-39,changed,"{""level"": null}","{""level"": 2}",national,Local council inside one of the six regions of Cap. 363 art. 37A (a tier ISO omits); parent null: regions have no state record.,https://legislation.mt/eli/cap/363/eng/pdf https://address.gov.mt/localities/
116,MT,Sannat,MT-52,changed,"{""level"": null}","{""level"": 2}",national,Local council inside one of the six regions of Cap. 363 art. 37A (a tier ISO omits); parent null: regions have no state record.,https://legislation.mt/eli/cap/363/eng/pdf https://address.gov.mt/localities/
117,MT,Dingli,MT-07,changed,"{""level"": null}","{""level"": 2}",national,Local council inside one of the six regions of Cap. 363 art. 37A (a tier ISO omits); parent null: regions have no state record.,https://legislation.mt/eli/cap/363/eng/pdf https://address.gov.mt/localities/
118,MT,Gudja,MT-11,changed,"{""level"": null}","{""level"": 2}",national,Local council inside one of the six regions of Cap. 363 art. 37A (a tier ISO omits); parent null: regions have no state record.,https://legislation.mt/eli/cap/363/eng/pdf https://address.gov.mt/localities/
119,MT,Qormi,MT-43,changed,"{""level"": null}","{""level"": 2}",national,Local council inside one of the six regions of Cap. 363 art. 37A (a tier ISO omits); parent null: regions have no state record.,https://legislation.mt/eli/cap/363/eng/pdf https://address.gov.mt/localities/
120,MT,Għargħur,MT-15,changed,"{""level"": null}","{""level"": 2}",national,Local council inside one of the six regions of Cap. 363 art. 37A (a tier ISO omits); parent null: regions have no state record.,https://legislation.mt/eli/cap/363/eng/pdf https://address.gov.mt/localities/
121,MT,Xewkija,MT-62,changed,"{""level"": null}","{""level"": 2}",national,Local council inside one of the six regions of Cap. 363 art. 37A (a tier ISO omits); parent null: regions have no state record.,https://legislation.mt/eli/cap/363/eng/pdf https://address.gov.mt/localities/
122,MT,Ta' Xbiex,MT-58,changed,"{""level"": null}","{""level"": 2}",national,Local council inside one of the six regions of Cap. 363 art. 37A (a tier ISO omits); parent null: regions have no state record.,https://legislation.mt/eli/cap/363/eng/pdf https://address.gov.mt/localities/
123,MT,Żabbar,MT-64,changed,"{""level"": null}","{""level"": 2}",national,Local council inside one of the six regions of Cap. 363 art. 37A (a tier ISO omits); parent null: regions have no state record.,https://legislation.mt/eli/cap/363/eng/pdf https://address.gov.mt/localities/
124,MT,Għaxaq,MT-17,changed,"{""level"": null}","{""level"": 2}",national,Local council inside one of the six regions of Cap. 363 art. 37A (a tier ISO omits); parent null: regions have no state record.,https://legislation.mt/eli/cap/363/eng/pdf https://address.gov.mt/localities/
125,MT,Pembroke,MT-40,changed,"{""level"": null}","{""level"": 2}",national,Local council inside one of the six regions of Cap. 363 art. 37A (a tier ISO omits); parent null: regions have no state record.,https://legislation.mt/eli/cap/363/eng/pdf https://address.gov.mt/localities/
126,MT,Lija,MT-24,changed,"{""level"": null}","{""level"": 2}",national,Local council inside one of the six regions of Cap. 363 art. 37A (a tier ISO omits); parent null: regions have no state record.,https://legislation.mt/eli/cap/363/eng/pdf https://address.gov.mt/localities/
127,MT,Pietà,MT-41,changed,"{""level"": null}","{""level"": 2}",national,Local council inside one of the six regions of Cap. 363 art. 37A (a tier ISO omits); parent null: regions have no state record.,https://legislation.mt/eli/cap/363/eng/pdf https://address.gov.mt/localities/
128,MT,Marsa,MT-26,changed,"{""level"": null}","{""level"": 2}",national,Local council inside one of the six regions of Cap. 363 art. 37A (a tier ISO omits); parent null: regions have no state record.,https://legislation.mt/eli/cap/363/eng/pdf https://address.gov.mt/localities/
129,MT,Fgura,MT-08,changed,"{""level"": null}","{""level"": 2}",national,Local council inside one of the six regions of Cap. 363 art. 37A (a tier ISO omits); parent null: regions have no state record.,https://legislation.mt/eli/cap/363/eng/pdf https://address.gov.mt/localities/
130,MT,Għajnsielem,MT-13,changed,"{""level"": null}","{""level"": 2}",national,Local council inside one of the six regions of Cap. 363 art. 37A (a tier ISO omits); parent null: regions have no state record.,https://legislation.mt/eli/cap/363/eng/pdf https://address.gov.mt/localities/
131,MT,Mtarfa,MT-35,changed,"{""level"": null}","{""level"": 2}",national,Local council inside one of the six regions of Cap. 363 art. 37A (a tier ISO omits); parent null: regions have no state record.,https://legislation.mt/eli/cap/363/eng/pdf https://address.gov.mt/localities/
132,MT,Munxar,MT-36,changed,"{""level"": null}","{""level"": 2}",national,Local council inside one of the six regions of Cap. 363 art. 37A (a tier ISO omits); parent null: regions have no state record.,https://legislation.mt/eli/cap/363/eng/pdf https://address.gov.mt/localities/
133,MT,Nadur,MT-37,changed,"{""level"": null}","{""level"": 2}",national,Local council inside one of the six regions of Cap. 363 art. 37A (a tier ISO omits); parent null: regions have no state record.,https://legislation.mt/eli/cap/363/eng/pdf https://address.gov.mt/localities/
134,MT,Fontana,MT-10,changed,"{""level"": null}","{""level"": 2}",national,Local council inside one of the six regions of Cap. 363 art. 37A (a tier ISO omits); parent null: regions have no state record.,https://legislation.mt/eli/cap/363/eng/pdf https://address.gov.mt/localities/
135,MT,Żejtun,MT-67,changed,"{""level"": null}","{""level"": 2}",national,Local council inside one of the six regions of Cap. 363 art. 37A (a tier ISO omits); parent null: regions have no state record.,https://legislation.mt/eli/cap/363/eng/pdf https://address.gov.mt/localities/
136,MT,Senglea,MT-20,changed,"{""level"": null}","{""level"": 2}",national,Local council inside one of the six regions of Cap. 363 art. 37A (a tier ISO omits); parent null: regions have no state record.,https://legislation.mt/eli/cap/363/eng/pdf https://address.gov.mt/localities/
137,MT,Marsaskala,MT-27,changed,"{""level"": null}","{""level"": 2}",national,Local council inside one of the six regions of Cap. 363 art. 37A (a tier ISO omits); parent null: regions have no state record.,https://legislation.mt/eli/cap/363/eng/pdf https://address.gov.mt/localities/
138,MT,Cospicua,MT-06,changed,"{""level"": null}","{""level"": 2}",national,Local council inside one of the six regions of Cap. 363 art. 37A (a tier ISO omits); parent null: regions have no state record.,https://legislation.mt/eli/cap/363/eng/pdf https://address.gov.mt/localities/
139,MT,St. Paul's Bay,MT-51,changed,"{""level"": null}","{""level"": 2}",national,Local council inside one of the six regions of Cap. 363 art. 37A (a tier ISO omits); parent null: regions have no state record.,https://legislation.mt/eli/cap/363/eng/pdf https://address.gov.mt/localities/
140,MT,Mosta,MT-32,changed,"{""level"": null}","{""level"": 2}",national,Local council inside one of the six regions of Cap. 363 art. 37A (a tier ISO omits); parent null: regions have no state record.,https://legislation.mt/eli/cap/363/eng/pdf https://address.gov.mt/localities/
5642,MT,Safi,MT-47,changed,"{""level"": null}","{""level"": 2}",national,Local council inside one of the six regions of Cap. 363 art. 37A (a tier ISO omits); parent null: regions have no state record.,https://legislation.mt/eli/cap/363/eng/pdf https://address.gov.mt/localities/
3248,MU,Agalega Islands,MU-AG,changed,"{""level"": null}","{""level"": 1}",iso,ISO 3166-2 depth and parent,
3249,MU,Rodrigues Island,MU-RO,changed,"{""level"": null}","{""level"": 1}",iso,ISO 3166-2 depth and parent,
3250,MU,Pamplemousses,MU-PA,changed,"{""level"": null}","{""level"": 1}",iso,ISO 3166-2 depth and parent,
3251,MU,Saint Brandon Islands,MU-CC,changed,"{""level"": null}","{""level"": 1}",iso,ISO 3166-2 depth and parent,
3253,MU,Moka,MU-MO,changed,"{""level"": null}","{""level"": 1}",iso,ISO 3166-2 depth and parent,
3254,MU,Flacq,MU-FL,changed,"{""level"": null}","{""level"": 1}",iso,ISO 3166-2 depth and parent,
3257,MU,Savanne,MU-SA,changed,"{""level"": null}","{""level"": 1}",iso,ISO 3166-2 depth and parent,
3259,MU,Black River,MU-BL,changed,"{""level"": null}","{""level"": 1}",iso,ISO 3166-2 depth and parent,
3260,MU,Port Louis,MU-PL,changed,"{""level"": null}","{""level"": 1}",iso,ISO 3166-2 depth and parent,
3261,MU,Rivière du Rempart,MU-RR,changed,"{""level"": null}","{""level"": 1}",iso,ISO 3166-2 depth and parent,
3263,MU,Plaines Wilhems,MU-PW,changed,"{""level"": null}","{""level"": 1}",iso,ISO 3166-2 depth and parent,
3264,MU,Grand Port,MU-GP,changed,"{""level"": null}","{""level"": 1}",iso,ISO 3166-2 depth and parent,
2584,MV,Vaavu,MV-04,changed,"{""level"": 4}","{""level"": 1}",iso,ISO 3166-2 depth and parent,
2585,MV,Shaviyani,MV-24,changed,"{""level"": 4}","{""level"": 1}",iso,ISO 3166-2 depth and parent,
2586,MV,Haa Alif,MV-07,changed,"{""level"": 4}","{""level"": 1}",iso,ISO 3166-2 depth and parent,
2587,MV,Alif Alif,MV-02,changed,"{""level"": 4}","{""level"": 1}",iso,ISO 3166-2 depth and parent,
2590,MV,Dhaalu,MV-17,changed,"{""level"": 4}","{""level"": 1}",iso,ISO 3166-2 depth and parent,
2591,MV,Thaa,MV-08,changed,"{""level"": 4}","{""level"": 1}",iso,ISO 3166-2 depth and parent,
2592,MV,Noonu,MV-25,changed,"{""level"": 4}","{""level"": 1}",iso,ISO 3166-2 depth and parent,
2594,MV,Addu,MV-01,changed,"{""level"": 3}","{""level"": 1}",iso,ISO 3166-2 depth and parent,
2595,MV,Gnaviyani,MV-29,changed,"{""level"": 4}","{""level"": 1}",iso,ISO 3166-2 depth and parent,
2596,MV,Kaafu,MV-26,changed,"{""level"": 4}","{""level"": 1}",iso,ISO 3166-2 depth and parent,
2597,MV,Haa Dhaalu,MV-23,changed,"{""level"": 4}","{""level"": 1}",iso,ISO 3166-2 depth and parent,
2598,MV,Gaafu Alif,MV-27,changed,"{""level"": 4}","{""level"": 1}",iso,ISO 3166-2 depth and parent,
2599,MV,Faafu,MV-14,changed,"{""level"": 4}","{""level"": 1}",iso,ISO 3166-2 depth and parent,
2600,MV,Alif Dhaal,MV-00,changed,"{""level"": 4}","{""level"": 1}",iso,ISO 3166-2 depth and parent,
2601,MV,Laamu,MV-05,changed,"{""level"": 4}","{""level"": 1}",iso,ISO 3166-2 depth and parent,
2602,MV,Raa,MV-13,changed,"{""level"": 4}","{""level"": 1}",iso,ISO 3166-2 depth and parent,
2603,MV,Gaafu Dhaalu,MV-28,changed,"{""level"": 4}","{""level"": 1}",iso,ISO 3166-2 depth and parent,
2607,MV,Lhaviyani,MV-03,changed,"{""level"": 4}","{""level"": 1}",iso,ISO 3166-2 depth and parent,
2608,MV,Meemu,MV-12,changed,"{""level"": 4}","{""level"": 1}",iso,ISO 3166-2 depth and parent,
2609,MV,Malé,MV-MLE,changed,"{""level"": 4}","{""level"": 1}",iso,ISO 3166-2 depth and parent,
5727,MV,Baa,MV-20,changed,"{""level"": 4}","{""level"": 1}",iso,ISO 3166-2 depth and parent,
3082,MW,Machinga,MW-MH,held,"{""level"": 1, ""parent_id"": 3106}",,held_conflict,"NSO defines regions as geographical areas for subject-specific administration, while district councils are local-government units. ISO regional grouping is not proof of a statutory next tier above districts; preserve district level 1 and hold the depth convention.",https://cms.nsomalawi.mw/api/download/409/Compendium-of-Statistical-Concepts-and-Definition_Malawi_April-2023_FINAL.pdf https://github.com/dr5hn/countries-states-cities-database/blob/85fb8848193db488eb7156d5b7c4d70f395a1c9f/ADMINISTRATIVE_STRUCTURE.md
3083,MW,Zomba,MW-ZO,held,"{""level"": 1, ""parent_id"": 3106}",,held_conflict,"NSO defines regions as geographical areas for subject-specific administration, while district councils are local-government units. ISO regional grouping is not proof of a statutory next tier above districts; preserve district level 1 and hold the depth convention.",https://cms.nsomalawi.mw/api/download/409/Compendium-of-Statistical-Concepts-and-Definition_Malawi_April-2023_FINAL.pdf https://github.com/dr5hn/countries-states-cities-database/blob/85fb8848193db488eb7156d5b7c4d70f395a1c9f/ADMINISTRATIVE_STRUCTURE.md
3084,MW,Mwanza,MW-MW,held,"{""level"": 1, ""parent_id"": 3106}",,held_conflict,"NSO defines regions as geographical areas for subject-specific administration, while district councils are local-government units. ISO regional grouping is not proof of a statutory next tier above districts; preserve district level 1 and hold the depth convention.",https://cms.nsomalawi.mw/api/download/409/Compendium-of-Statistical-Concepts-and-Definition_Malawi_April-2023_FINAL.pdf https://github.com/dr5hn/countries-states-cities-database/blob/85fb8848193db488eb7156d5b7c4d70f395a1c9f/ADMINISTRATIVE_STRUCTURE.md
3085,MW,Nsanje,MW-NS,held,"{""level"": 1, ""parent_id"": 3106}",,held_conflict,"NSO defines regions as geographical areas for subject-specific administration, while district councils are local-government units. ISO regional grouping is not proof of a statutory next tier above districts; preserve district level 1 and hold the depth convention.",https://cms.nsomalawi.mw/api/download/409/Compendium-of-Statistical-Concepts-and-Definition_Malawi_April-2023_FINAL.pdf https://github.com/dr5hn/countries-states-cities-database/blob/85fb8848193db488eb7156d5b7c4d70f395a1c9f/ADMINISTRATIVE_STRUCTURE.md
3086,MW,Salima,MW-SA,held,"{""level"": 1, ""parent_id"": 3092}",,held_conflict,"NSO defines regions as geographical areas for subject-specific administration, while district councils are local-government units. ISO regional grouping is not proof of a statutory next tier above districts; preserve district level 1 and hold the depth convention.",https://cms.nsomalawi.mw/api/download/409/Compendium-of-Statistical-Concepts-and-Definition_Malawi_April-2023_FINAL.pdf https://github.com/dr5hn/countries-states-cities-database/blob/85fb8848193db488eb7156d5b7c4d70f395a1c9f/ADMINISTRATIVE_STRUCTURE.md
3087,MW,Chitipa,MW-CT,held,"{""level"": 1, ""parent_id"": 3105}",,held_conflict,"NSO defines regions as geographical areas for subject-specific administration, while district councils are local-government units. ISO regional grouping is not proof of a statutory next tier above districts; preserve district level 1 and hold the depth convention.",https://cms.nsomalawi.mw/api/download/409/Compendium-of-Statistical-Concepts-and-Definition_Malawi_April-2023_FINAL.pdf https://github.com/dr5hn/countries-states-cities-database/blob/85fb8848193db488eb7156d5b7c4d70f395a1c9f/ADMINISTRATIVE_STRUCTURE.md
3088,MW,Ntcheu,MW-NU,held,"{""level"": 1, ""parent_id"": 3092}",,held_conflict,"NSO defines regions as geographical areas for subject-specific administration, while district councils are local-government units. ISO regional grouping is not proof of a statutory next tier above districts; preserve district level 1 and hold the depth convention.",https://cms.nsomalawi.mw/api/download/409/Compendium-of-Statistical-Concepts-and-Definition_Malawi_April-2023_FINAL.pdf https://github.com/dr5hn/countries-states-cities-database/blob/85fb8848193db488eb7156d5b7c4d70f395a1c9f/ADMINISTRATIVE_STRUCTURE.md
3089,MW,Rumphi,MW-RU,held,"{""level"": 1, ""parent_id"": 3105}",,held_conflict,"NSO defines regions as geographical areas for subject-specific administration, while district councils are local-government units. ISO regional grouping is not proof of a statutory next tier above districts; preserve district level 1 and hold the depth convention.",https://cms.nsomalawi.mw/api/download/409/Compendium-of-Statistical-Concepts-and-Definition_Malawi_April-2023_FINAL.pdf https://github.com/dr5hn/countries-states-cities-database/blob/85fb8848193db488eb7156d5b7c4d70f395a1c9f/ADMINISTRATIVE_STRUCTURE.md
3090,MW,Dowa,MW-DO,held,"{""level"": 1, ""parent_id"": 3092}",,held_conflict,"NSO defines regions as geographical areas for subject-specific administration, while district councils are local-government units. ISO regional grouping is not proof of a statutory next tier above districts; preserve district level 1 and hold the depth convention.",https://cms.nsomalawi.mw/api/download/409/Compendium-of-Statistical-Concepts-and-Definition_Malawi_April-2023_FINAL.pdf https://github.com/dr5hn/countries-states-cities-database/blob/85fb8848193db488eb7156d5b7c4d70f395a1c9f/ADMINISTRATIVE_STRUCTURE.md
3091,MW,Karonga,MW-KR,held,"{""level"": 1, ""parent_id"": 3105}",,held_conflict,"NSO defines regions as geographical areas for subject-specific administration, while district councils are local-government units. ISO regional grouping is not proof of a statutory next tier above districts; preserve district level 1 and hold the depth convention.",https://cms.nsomalawi.mw/api/download/409/Compendium-of-Statistical-Concepts-and-Definition_Malawi_April-2023_FINAL.pdf https://github.com/dr5hn/countries-states-cities-database/blob/85fb8848193db488eb7156d5b7c4d70f395a1c9f/ADMINISTRATIVE_STRUCTURE.md
3092,MW,Central,MW-C,held,"{""level"": null, ""parent_id"": null}",,held_conflict,"NSO defines regions as geographical areas for subject-specific administration, while district councils are local-government units. ISO regional grouping is not proof of a statutory next tier above districts; preserve district level 1 and hold the depth convention.",https://cms.nsomalawi.mw/api/download/409/Compendium-of-Statistical-Concepts-and-Definition_Malawi_April-2023_FINAL.pdf https://github.com/dr5hn/countries-states-cities-database/blob/85fb8848193db488eb7156d5b7c4d70f395a1c9f/ADMINISTRATIVE_STRUCTURE.md
3093,MW,Likoma,MW-LK,held,"{""level"": 1, ""parent_id"": 3105}",,held_conflict,"NSO defines regions as geographical areas for subject-specific administration, while district councils are local-government units. ISO regional grouping is not proof of a statutory next tier above districts; preserve district level 1 and hold the depth convention.",https://cms.nsomalawi.mw/api/download/409/Compendium-of-Statistical-Concepts-and-Definition_Malawi_April-2023_FINAL.pdf https://github.com/dr5hn/countries-states-cities-database/blob/85fb8848193db488eb7156d5b7c4d70f395a1c9f/ADMINISTRATIVE_STRUCTURE.md
3094,MW,Kasungu,MW-KS,held,"{""level"": 1, ""parent_id"": 3092}",,held_conflict,"NSO defines regions as geographical areas for subject-specific administration, while district councils are local-government units. ISO regional grouping is not proof of a statutory next tier above districts; preserve district level 1 and hold the depth convention.",https://cms.nsomalawi.mw/api/download/409/Compendium-of-Statistical-Concepts-and-Definition_Malawi_April-2023_FINAL.pdf https://github.com/dr5hn/countries-states-cities-database/blob/85fb8848193db488eb7156d5b7c4d70f395a1c9f/ADMINISTRATIVE_STRUCTURE.md
3095,MW,Nkhata Bay,MW-NB,held,"{""level"": 1, ""parent_id"": 3105}",,held_conflict,"NSO defines regions as geographical areas for subject-specific administration, while district councils are local-government units. ISO regional grouping is not proof of a statutory next tier above districts; preserve district level 1 and hold the depth convention.",https://cms.nsomalawi.mw/api/download/409/Compendium-of-Statistical-Concepts-and-Definition_Malawi_April-2023_FINAL.pdf https://github.com/dr5hn/countries-states-cities-database/blob/85fb8848193db488eb7156d5b7c4d70f395a1c9f/ADMINISTRATIVE_STRUCTURE.md
3096,MW,Balaka,MW-BA,held,"{""level"": 1, ""parent_id"": 3106}",,held_conflict,"NSO defines regions as geographical areas for subject-specific administration, while district councils are local-government units. ISO regional grouping is not proof of a statutory next tier above districts; preserve district level 1 and hold the depth convention.",https://cms.nsomalawi.mw/api/download/409/Compendium-of-Statistical-Concepts-and-Definition_Malawi_April-2023_FINAL.pdf https://github.com/dr5hn/countries-states-cities-database/blob/85fb8848193db488eb7156d5b7c4d70f395a1c9f/ADMINISTRATIVE_STRUCTURE.md
3097,MW,Dedza,MW-DE,held,"{""level"": 1, ""parent_id"": 3092}",,held_conflict,"NSO defines regions as geographical areas for subject-specific administration, while district councils are local-government units. ISO regional grouping is not proof of a statutory next tier above districts; preserve district level 1 and hold the depth convention.",https://cms.nsomalawi.mw/api/download/409/Compendium-of-Statistical-Concepts-and-Definition_Malawi_April-2023_FINAL.pdf https://github.com/dr5hn/countries-states-cities-database/blob/85fb8848193db488eb7156d5b7c4d70f395a1c9f/ADMINISTRATIVE_STRUCTURE.md
3098,MW,Thyolo,MW-TH,held,"{""level"": 1, ""parent_id"": 3106}",,held_conflict,"NSO defines regions as geographical areas for subject-specific administration, while district councils are local-government units. ISO regional grouping is not proof of a statutory next tier above districts; preserve district level 1 and hold the depth convention.",https://cms.nsomalawi.mw/api/download/409/Compendium-of-Statistical-Concepts-and-Definition_Malawi_April-2023_FINAL.pdf https://github.com/dr5hn/countries-states-cities-database/blob/85fb8848193db488eb7156d5b7c4d70f395a1c9f/ADMINISTRATIVE_STRUCTURE.md
3099,MW,Mchinji,MW-MC,held,"{""level"": 1, ""parent_id"": 3092}",,held_conflict,"NSO defines regions as geographical areas for subject-specific administration, while district councils are local-government units. ISO regional grouping is not proof of a statutory next tier above districts; preserve district level 1 and hold the depth convention.",https://cms.nsomalawi.mw/api/download/409/Compendium-of-Statistical-Concepts-and-Definition_Malawi_April-2023_FINAL.pdf https://github.com/dr5hn/countries-states-cities-database/blob/85fb8848193db488eb7156d5b7c4d70f395a1c9f/ADMINISTRATIVE_STRUCTURE.md
3100,MW,Nkhotakota,MW-NK,held,"{""level"": 1, ""parent_id"": 3092}",,held_conflict,"NSO defines regions as geographical areas for subject-specific administration, while district councils are local-government units. ISO regional grouping is not proof of a statutory next tier above districts; preserve district level 1 and hold the depth convention.",https://cms.nsomalawi.mw/api/download/409/Compendium-of-Statistical-Concepts-and-Definition_Malawi_April-2023_FINAL.pdf https://github.com/dr5hn/countries-states-cities-database/blob/85fb8848193db488eb7156d5b7c4d70f395a1c9f/ADMINISTRATIVE_STRUCTURE.md
3101,MW,Lilongwe,MW-LI,held,"{""level"": 1, ""parent_id"": 3092}",,held_conflict,"NSO defines regions as geographical areas for subject-specific administration, while district councils are local-government units. ISO regional grouping is not proof of a statutory next tier above districts; preserve district level 1 and hold the depth convention.",https://cms.nsomalawi.mw/api/download/409/Compendium-of-Statistical-Concepts-and-Definition_Malawi_April-2023_FINAL.pdf https://github.com/dr5hn/countries-states-cities-database/blob/85fb8848193db488eb7156d5b7c4d70f395a1c9f/ADMINISTRATIVE_STRUCTURE.md
3102,MW,Blantyre,MW-BL,held,"{""level"": 1, ""parent_id"": 3106}",,held_conflict,"NSO defines regions as geographical areas for subject-specific administration, while district councils are local-government units. ISO regional grouping is not proof of a statutory next tier above districts; preserve district level 1 and hold the depth convention.",https://cms.nsomalawi.mw/api/download/409/Compendium-of-Statistical-Concepts-and-Definition_Malawi_April-2023_FINAL.pdf https://github.com/dr5hn/countries-states-cities-database/blob/85fb8848193db488eb7156d5b7c4d70f395a1c9f/ADMINISTRATIVE_STRUCTURE.md
3103,MW,Mulanje,MW-MU,held,"{""level"": 1, ""parent_id"": 3106}",,held_conflict,"NSO defines regions as geographical areas for subject-specific administration, while district councils are local-government units. ISO regional grouping is not proof of a statutory next tier above districts; preserve district level 1 and hold the depth convention.",https://cms.nsomalawi.mw/api/download/409/Compendium-of-Statistical-Concepts-and-Definition_Malawi_April-2023_FINAL.pdf https://github.com/dr5hn/countries-states-cities-database/blob/85fb8848193db488eb7156d5b7c4d70f395a1c9f/ADMINISTRATIVE_STRUCTURE.md
3104,MW,Mzimba,MW-MZ,held,"{""level"": 1, ""parent_id"": 3105}",,held_conflict,"NSO defines regions as geographical areas for subject-specific administration, while district councils are local-government units. ISO regional grouping is not proof of a statutory next tier above districts; preserve district level 1 and hold the depth convention.",https://cms.nsomalawi.mw/api/download/409/Compendium-of-Statistical-Concepts-and-Definition_Malawi_April-2023_FINAL.pdf https://github.com/dr5hn/countries-states-cities-database/blob/85fb8848193db488eb7156d5b7c4d70f395a1c9f/ADMINISTRATIVE_STRUCTURE.md
3105,MW,Northern,MW-N,held,"{""level"": null, ""parent_id"": null}",,held_conflict,"NSO defines regions as geographical areas for subject-specific administration, while district councils are local-government units. ISO regional grouping is not proof of a statutory next tier above districts; preserve district level 1 and hold the depth convention.",https://cms.nsomalawi.mw/api/download/409/Compendium-of-Statistical-Concepts-and-Definition_Malawi_April-2023_FINAL.pdf https://github.com/dr5hn/countries-states-cities-database/blob/85fb8848193db488eb7156d5b7c4d70f395a1c9f/ADMINISTRATIVE_STRUCTURE.md
3106,MW,Southern,MW-S,held,"{""level"": null, ""parent_id"": null}",,held_conflict,"NSO defines regions as geographical areas for subject-specific administration, while district councils are local-government units. ISO regional grouping is not proof of a statutory next tier above districts; preserve district level 1 and hold the depth convention.",https://cms.nsomalawi.mw/api/download/409/Compendium-of-Statistical-Concepts-and-Definition_Malawi_April-2023_FINAL.pdf https://github.com/dr5hn/countries-states-cities-database/blob/85fb8848193db488eb7156d5b7c4d70f395a1c9f/ADMINISTRATIVE_STRUCTURE.md
3107,MW,Chikwawa,MW-CK,held,"{""level"": 1, ""parent_id"": 3106}",,held_conflict,"NSO defines regions as geographical areas for subject-specific administration, while district councils are local-government units. ISO regional grouping is not proof of a statutory next tier above districts; preserve district level 1 and hold the depth convention.",https://cms.nsomalawi.mw/api/download/409/Compendium-of-Statistical-Concepts-and-Definition_Malawi_April-2023_FINAL.pdf https://github.com/dr5hn/countries-states-cities-database/blob/85fb8848193db488eb7156d5b7c4d70f395a1c9f/ADMINISTRATIVE_STRUCTURE.md
3108,MW,Phalombe,MW-PH,held,"{""level"": 1, ""parent_id"": 3106}",,held_conflict,"NSO defines regions as geographical areas for subject-specific administration, while district councils are local-government units. ISO regional grouping is not proof of a statutory next tier above districts; preserve district level 1 and hold the depth convention.",https://cms.nsomalawi.mw/api/download/409/Compendium-of-Statistical-Concepts-and-Definition_Malawi_April-2023_FINAL.pdf https://github.com/dr5hn/countries-states-cities-database/blob/85fb8848193db488eb7156d5b7c4d70f395a1c9f/ADMINISTRATIVE_STRUCTURE.md
3109,MW,Chiradzulu,MW-CR,held,"{""level"": 1, ""parent_id"": 3106}",,held_conflict,"NSO defines regions as geographical areas for subject-specific administration, while district councils are local-government units. ISO regional grouping is not proof of a statutory next tier above districts; preserve district level 1 and hold the depth convention.",https://cms.nsomalawi.mw/api/download/409/Compendium-of-Statistical-Concepts-and-Definition_Malawi_April-2023_FINAL.pdf https://github.com/dr5hn/countries-states-cities-database/blob/85fb8848193db488eb7156d5b7c4d70f395a1c9f/ADMINISTRATIVE_STRUCTURE.md
3110,MW,Mangochi,MW-MG,held,"{""level"": 1, ""parent_id"": 3106}",,held_conflict,"NSO defines regions as geographical areas for subject-specific administration, while district councils are local-government units. ISO regional grouping is not proof of a statutory next tier above districts; preserve district level 1 and hold the depth convention.",https://cms.nsomalawi.mw/api/download/409/Compendium-of-Statistical-Concepts-and-Definition_Malawi_April-2023_FINAL.pdf https://github.com/dr5hn/countries-states-cities-database/blob/85fb8848193db488eb7156d5b7c4d70f395a1c9f/ADMINISTRATIVE_STRUCTURE.md
3111,MW,Ntchisi,MW-NI,held,"{""level"": 1, ""parent_id"": 3092}",,held_conflict,"NSO defines regions as geographical areas for subject-specific administration, while district councils are local-government units. ISO regional grouping is not proof of a statutory next tier above districts; preserve district level 1 and hold the depth convention.",https://cms.nsomalawi.mw/api/download/409/Compendium-of-Statistical-Concepts-and-Definition_Malawi_April-2023_FINAL.pdf https://github.com/dr5hn/countries-states-cities-database/blob/85fb8848193db488eb7156d5b7c4d70f395a1c9f/ADMINISTRATIVE_STRUCTURE.md
5347,MW,Neno,MW-NE,held,"{""level"": 1, ""parent_id"": 3106}",,held_conflict,"NSO defines regions as geographical areas for subject-specific administration, while district councils are local-government units. ISO regional grouping is not proof of a statutory next tier above districts; preserve district level 1 and hold the depth convention.",https://cms.nsomalawi.mw/api/download/409/Compendium-of-Statistical-Concepts-and-Definition_Malawi_April-2023_FINAL.pdf https://github.com/dr5hn/countries-states-cities-database/blob/85fb8848193db488eb7156d5b7c4d70f395a1c9f/ADMINISTRATIVE_STRUCTURE.md
3447,MX,Chihuahua,MX-CHH,changed,"{""level"": null}","{""level"": 1}",iso,ISO 3166-2 depth and parent,
3448,MX,Oaxaca,MX-OAX,changed,"{""level"": null}","{""level"": 1}",iso,ISO 3166-2 depth and parent,
3449,MX,Sinaloa,MX-SIN,changed,"{""level"": null}","{""level"": 1}",iso,ISO 3166-2 depth and parent,
3450,MX,Estado de México,MX-MEX,changed,"{""level"": null}","{""level"": 1}",iso,ISO 3166-2 depth and parent,
3451,MX,Chiapas,MX-CHP,changed,"{""level"": null}","{""level"": 1}",iso,ISO 3166-2 depth and parent,
3452,MX,Nuevo León,MX-NLE,changed,"{""level"": null}","{""level"": 1}",iso,ISO 3166-2 depth and parent,
3453,MX,Durango,MX-DUR,changed,"{""level"": null}","{""level"": 1}",iso,ISO 3166-2 depth and parent,
3454,MX,Tabasco,MX-TAB,changed,"{""level"": null}","{""level"": 1}",iso,ISO 3166-2 depth and parent,
3455,MX,Querétaro,MX-QUE,changed,"{""level"": null}","{""level"": 1}",iso,ISO 3166-2 depth and parent,
3456,MX,Aguascalientes,MX-AGU,changed,"{""level"": null}","{""level"": 1}",iso,ISO 3166-2 depth and parent,
3457,MX,Baja California,MX-BCN,changed,"{""level"": null}","{""level"": 1}",iso,ISO 3166-2 depth and parent,
3458,MX,Tlaxcala,MX-TLA,changed,"{""level"": null}","{""level"": 1}",iso,ISO 3166-2 depth and parent,
3459,MX,Guerrero,MX-GRO,changed,"{""level"": null}","{""level"": 1}",iso,ISO 3166-2 depth and parent,
3460,MX,Baja California Sur,MX-BCS,changed,"{""level"": null}","{""level"": 1}",iso,ISO 3166-2 depth and parent,
3461,MX,San Luis Potosí,MX-SLP,changed,"{""level"": null}","{""level"": 1}",iso,ISO 3166-2 depth and parent,
3462,MX,Zacatecas,MX-ZAC,changed,"{""level"": null}","{""level"": 1}",iso,ISO 3166-2 depth and parent,
3463,MX,Tamaulipas,MX-TAM,changed,"{""level"": null}","{""level"": 1}",iso,ISO 3166-2 depth and parent,
3464,MX,Veracruz de Ignacio de la Llave,MX-VER,changed,"{""level"": null}","{""level"": 1}",iso,ISO 3166-2 depth and parent,
3465,MX,Morelos,MX-MOR,changed,"{""level"": null}","{""level"": 1}",iso,ISO 3166-2 depth and parent,
3466,MX,Yucatán,MX-YUC,changed,"{""level"": null}","{""level"": 1}",iso,ISO 3166-2 depth and parent,
3467,MX,Quintana Roo,MX-ROO,changed,"{""level"": null}","{""level"": 1}",iso,ISO 3166-2 depth and parent,
3468,MX,Sonora,MX-SON,changed,"{""level"": null}","{""level"": 1}",iso,ISO 3166-2 depth and parent,
3469,MX,Guanajuato,MX-GUA,changed,"{""level"": null}","{""level"": 1}",iso,ISO 3166-2 depth and parent,
3470,MX,Hidalgo,MX-HID,changed,"{""level"": null}","{""level"": 1}",iso,ISO 3166-2 depth and parent,
3471,MX,Coahuila de Zaragoza,MX-COA,changed,"{""level"": null}","{""level"": 1}",iso,ISO 3166-2 depth and parent,
3472,MX,Colima,MX-COL,changed,"{""level"": null}","{""level"": 1}",iso,ISO 3166-2 depth and parent,
3473,MX,Ciudad de México,MX-CMX,changed,"{""level"": null}","{""level"": 1}",iso,ISO 3166-2 depth and parent,
3474,MX,Michoacán de Ocampo,MX-MIC,changed,"{""level"": null}","{""level"": 1}",iso,ISO 3166-2 depth and parent,
3475,MX,Campeche,MX-CAM,changed,"{""level"": null}","{""level"": 1}",iso,ISO 3166-2 depth and parent,
3476,MX,Puebla,MX-PUE,changed,"{""level"": null}","{""level"": 1}",iso,ISO 3166-2 depth and parent,
3477,MX,Nayarit,MX-NAY,changed,"{""level"": null}","{""level"": 1}",iso,ISO 3166-2 depth and parent,
4857,MX,Jalisco,MX-JAL,changed,"{""level"": null}","{""level"": 1}",iso,ISO 3166-2 depth and parent,
3327,MZ,Cabo Delgado,MZ-P,changed,"{""level"": null}","{""level"": 1}",iso,ISO 3166-2 depth and parent,
3328,MZ,Zambezia,MZ-Q,changed,"{""level"": null}","{""level"": 1}",iso,ISO 3166-2 depth and parent,
3329,MZ,Gaza,MZ-G,changed,"{""level"": null}","{""level"": 1}",iso,ISO 3166-2 depth and parent,
3330,MZ,Inhambane,MZ-I,changed,"{""level"": null}","{""level"": 1}",iso,ISO 3166-2 depth and parent,
3331,MZ,Sofala,MZ-S,changed,"{""level"": null}","{""level"": 1}",iso,ISO 3166-2 depth and parent,
3332,MZ,Maputo,MZ-L,changed,"{""level"": null}","{""level"": 1}",iso,ISO 3166-2 depth and parent,
3333,MZ,Niassa,MZ-A,changed,"{""level"": null}","{""level"": 1}",iso,ISO 3166-2 depth and parent,
3334,MZ,Tete,MZ-T,changed,"{""level"": null}","{""level"": 1}",iso,ISO 3166-2 depth and parent,
3335,MZ,Maputo,MZ-MPM,changed,"{""level"": null}","{""level"": 1}",iso,ISO 3166-2 depth and parent,
3336,MZ,Nampula,MZ-N,changed,"{""level"": null}","{""level"": 1}",iso,ISO 3166-2 depth and parent,
3337,MZ,Manica,MZ-B,changed,"{""level"": null}","{""level"": 1}",iso,ISO 3166-2 depth and parent,
34,NA,Kunene,NA-KU,changed,"{""level"": null}","{""level"": 1}",iso,ISO 3166-2 depth and parent,
35,NA,Kavango West,NA-KW,changed,"{""level"": null}","{""level"": 1}",iso,ISO 3166-2 depth and parent,
36,NA,Kavango East,NA-KE,changed,"{""level"": null}","{""level"": 1}",iso,ISO 3166-2 depth and parent,
37,NA,Oshana,NA-ON,changed,"{""level"": null}","{""level"": 1}",iso,ISO 3166-2 depth and parent,
38,NA,Hardap,NA-HA,changed,"{""level"": null}","{""level"": 1}",iso,ISO 3166-2 depth and parent,
39,NA,Omusati,NA-OS,changed,"{""level"": null}","{""level"": 1}",iso,ISO 3166-2 depth and parent,
40,NA,Ohangwena,NA-OW,changed,"{""level"": null}","{""level"": 1}",iso,ISO 3166-2 depth and parent,
41,NA,Omaheke,NA-OH,changed,"{""level"": null}","{""level"": 1}",iso,ISO 3166-2 depth and parent,
42,NA,Oshikoto,NA-OT,changed,"{""level"": null}","{""level"": 1}",iso,ISO 3166-2 depth and parent,
43,NA,Erongo,NA-ER,changed,"{""level"": null}","{""level"": 1}",iso,ISO 3166-2 depth and parent,
44,NA,Khomas,NA-KH,changed,"{""level"": null}","{""level"": 1}",iso,ISO 3166-2 depth and parent,
45,NA,Karas,NA-KA,changed,"{""level"": null}","{""level"": 1}",iso,ISO 3166-2 depth and parent,
46,NA,Otjozondjupa,NA-OD,changed,"{""level"": null}","{""level"": 1}",iso,ISO 3166-2 depth and parent,
47,NA,Zambezi,NA-CA,changed,"{""level"": null}","{""level"": 1}",iso,ISO 3166-2 depth and parent,
5225,NC,South Province,NC-01,held,"{""level"": 1, ""parent_id"": null}",,held_unverified,No current official national source establishing this row's hierarchy was verified; absent from the supplied ISO mirror. Retain existing level and parent; code/identity review is outside this round.,https://github.com/dr5hn/countries-states-cities-database/blob/85fb8848193db488eb7156d5b7c4d70f395a1c9f/.github/fixes-docs/FIX_1643_SUMMARY.md
5226,NC,North Province,NC-02,held,"{""level"": 1, ""parent_id"": null}",,held_unverified,No current official national source establishing this row's hierarchy was verified; absent from the supplied ISO mirror. Retain existing level and parent; code/identity review is outside this round.,https://github.com/dr5hn/countries-states-cities-database/blob/85fb8848193db488eb7156d5b7c4d70f395a1c9f/.github/fixes-docs/FIX_1643_SUMMARY.md
5227,NC,Loyalty Islands Province,NC-03,held,"{""level"": 1, ""parent_id"": null}",,held_unverified,No current official national source establishing this row's hierarchy was verified; absent from the supplied ISO mirror. Retain existing level and parent; code/identity review is outside this round.,https://github.com/dr5hn/countries-states-cities-database/blob/85fb8848193db488eb7156d5b7c4d70f395a1c9f/.github/fixes-docs/FIX_1643_SUMMARY.md
67,NE,Tillabéri,NE-6,changed,"{""level"": null}","{""level"": 1}",iso,ISO 3166-2 depth and parent,
68,NE,Dosso,NE-3,changed,"{""level"": null}","{""level"": 1}",iso,ISO 3166-2 depth and parent,
69,NE,Zinder,NE-7,changed,"{""level"": null}","{""level"": 1}",iso,ISO 3166-2 depth and parent,
70,NE,Maradi,NE-4,changed,"{""level"": null}","{""level"": 1}",iso,ISO 3166-2 depth and parent,
71,NE,Agadez,NE-1,changed,"{""level"": null}","{""level"": 1}",iso,ISO 3166-2 depth and parent,
72,NE,Diffa,NE-2,changed,"{""level"": null}","{""level"": 1}",iso,ISO 3166-2 depth and parent,
73,NE,Tahoua,NE-5,changed,"{""level"": null}","{""level"": 1}",iso,ISO 3166-2 depth and parent,
5685,NE,Niamey,NE-8,changed,"{""level"": null}","{""level"": 1}",iso,ISO 3166-2 depth and parent,
288,NG,Jigawa,NG-JI,changed,"{""level"": null}","{""level"": 1}",iso,ISO 3166-2 depth and parent,
289,NG,Enugu,NG-EN,changed,"{""level"": null}","{""level"": 1}",iso,ISO 3166-2 depth and parent,
290,NG,Kebbi,NG-KE,changed,"{""level"": null}","{""level"": 1}",iso,ISO 3166-2 depth and parent,
291,NG,Benue,NG-BE,changed,"{""level"": null}","{""level"": 1}",iso,ISO 3166-2 depth and parent,
292,NG,Sokoto,NG-SO,changed,"{""level"": null}","{""level"": 1}",iso,ISO 3166-2 depth and parent,
293,NG,Abuja Federal Capital Territory,NG-FC,changed,"{""level"": null}","{""level"": 1}",iso,ISO 3166-2 depth and parent,
294,NG,Kaduna,NG-KD,changed,"{""level"": null}","{""level"": 1}",iso,ISO 3166-2 depth and parent,
295,NG,Kwara,NG-KW,changed,"{""level"": null}","{""level"": 1}",iso,ISO 3166-2 depth and parent,
296,NG,Oyo,NG-OY,changed,"{""level"": null}","{""level"": 1}",iso,ISO 3166-2 depth and parent,
297,NG,Yobe,NG-YO,changed,"{""level"": null}","{""level"": 1}",iso,ISO 3166-2 depth and parent,
298,NG,Kogi,NG-KO,changed,"{""level"": null}","{""level"": 1}",iso,ISO 3166-2 depth and parent,
299,NG,Zamfara,NG-ZA,changed,"{""level"": null}","{""level"": 1}",iso,ISO 3166-2 depth and parent,
300,NG,Kano,NG-KN,changed,"{""level"": null}","{""level"": 1}",iso,ISO 3166-2 depth and parent,
301,NG,Nasarawa,NG-NA,changed,"{""level"": null}","{""level"": 1}",iso,ISO 3166-2 depth and parent,
302,NG,Plateau,NG-PL,changed,"{""level"": null}","{""level"": 1}",iso,ISO 3166-2 depth and parent,
303,NG,Abia,NG-AB,changed,"{""level"": null}","{""level"": 1}",iso,ISO 3166-2 depth and parent,
304,NG,Akwa Ibom,NG-AK,changed,"{""level"": null}","{""level"": 1}",iso,ISO 3166-2 depth and parent,
305,NG,Bayelsa,NG-BY,changed,"{""level"": null}","{""level"": 1}",iso,ISO 3166-2 depth and parent,
306,NG,Lagos,NG-LA,changed,"{""level"": null}","{""level"": 1}",iso,ISO 3166-2 depth and parent,
307,NG,Borno,NG-BO,changed,"{""level"": null}","{""level"": 1}",iso,ISO 3166-2 depth and parent,
308,NG,Imo,NG-IM,changed,"{""level"": null}","{""level"": 1}",iso,ISO 3166-2 depth and parent,
309,NG,Ekiti,NG-EK,changed,"{""level"": null}","{""level"": 1}",iso,ISO 3166-2 depth and parent,
310,NG,Gombe,NG-GO,changed,"{""level"": null}","{""level"": 1}",iso,ISO 3166-2 depth and parent,
311,NG,Ebonyi,NG-EB,changed,"{""level"": null}","{""level"": 1}",iso,ISO 3166-2 depth and parent,
312,NG,Bauchi,NG-BA,changed,"{""level"": null}","{""level"": 1}",iso,ISO 3166-2 depth and parent,
313,NG,Katsina,NG-KT,changed,"{""level"": null}","{""level"": 1}",iso,ISO 3166-2 depth and parent,
314,NG,Cross River,NG-CR,changed,"{""level"": null}","{""level"": 1}",iso,ISO 3166-2 depth and parent,
315,NG,Anambra,NG-AN,changed,"{""level"": null}","{""level"": 1}",iso,ISO 3166-2 depth and parent,
316,NG,Delta,NG-DE,changed,"{""level"": null}","{""level"": 1}",iso,ISO 3166-2 depth and parent,
317,NG,Niger,NG-NI,changed,"{""level"": null}","{""level"": 1}",iso,ISO 3166-2 depth and parent,
318,NG,Edo,NG-ED,changed,"{""level"": null}","{""level"": 1}",iso,ISO 3166-2 depth and parent,
319,NG,Taraba,NG-TA,changed,"{""level"": null}","{""level"": 1}",iso,ISO 3166-2 depth and parent,
320,NG,Adamawa,NG-AD,changed,"{""level"": null}","{""level"": 1}",iso,ISO 3166-2 depth and parent,
321,NG,Ondo,NG-ON,changed,"{""level"": null}","{""level"": 1}",iso,ISO 3166-2 depth and parent,
322,NG,Osun,NG-OS,changed,"{""level"": null}","{""level"": 1}",iso,ISO 3166-2 depth and parent,
323,NG,Ogun,NG-OG,changed,"{""level"": null}","{""level"": 1}",iso,ISO 3166-2 depth and parent,
4926,NG,Rivers,NG-RI,changed,"{""level"": null}","{""level"": 1}",iso,ISO 3166-2 depth and parent,
940,NI,Chontales,NI-CO,changed,"{""level"": null}","{""level"": 1}",iso,ISO 3166-2 depth and parent,
941,NI,Managua,NI-MN,changed,"{""level"": null}","{""level"": 1}",iso,ISO 3166-2 depth and parent,
942,NI,Rivas,NI-RI,changed,"{""level"": null}","{""level"": 1}",iso,ISO 3166-2 depth and parent,
943,NI,Granada,NI-GR,changed,"{""level"": null}","{""level"": 1}",iso,ISO 3166-2 depth and parent,
944,NI,León,NI-LE,changed,"{""level"": null}","{""level"": 1}",iso,ISO 3166-2 depth and parent,
945,NI,Estelí,NI-ES,changed,"{""level"": null}","{""level"": 1}",iso,ISO 3166-2 depth and parent,
946,NI,Boaco,NI-BO,changed,"{""level"": null}","{""level"": 1}",iso,ISO 3166-2 depth and parent,
947,NI,Matagalpa,NI-MT,changed,"{""level"": null}","{""level"": 1}",iso,ISO 3166-2 depth and parent,
948,NI,Madriz,NI-MD,changed,"{""level"": null}","{""level"": 1}",iso,ISO 3166-2 depth and parent,
949,NI,Río San Juan,NI-SJ,changed,"{""level"": null}","{""level"": 1}",iso,ISO 3166-2 depth and parent,
950,NI,Carazo,NI-CA,changed,"{""level"": null}","{""level"": 1}",iso,ISO 3166-2 depth and parent,
951,NI,North Caribbean Coast,NI-AN,changed,"{""level"": null}","{""level"": 1}",iso,ISO 3166-2 depth and parent,
952,NI,South Caribbean Coast,NI-AS,changed,"{""level"": null}","{""level"": 1}",iso,ISO 3166-2 depth and parent,
953,NI,Masaya,NI-MS,changed,"{""level"": null}","{""level"": 1}",iso,ISO 3166-2 depth and parent,
954,NI,Chinandega,NI-CI,changed,"{""level"": null}","{""level"": 1}",iso,ISO 3166-2 depth and parent,
955,NI,Jinotega,NI-JI,changed,"{""level"": null}","{""level"": 1}",iso,ISO 3166-2 depth and parent,
4964,NI,Nueva Segovia,NI-NS,changed,"{""level"": 2}","{""level"": 1}",iso,ISO 3166-2 depth and parent,
1006,NO,Trøndelag,NO-50,changed,"{""level"": null}","{""level"": 1}",iso,ISO 3166-2 depth and parent,
1007,NO,Oslo,NO-03,changed,"{""level"": null}","{""level"": 1}",iso,ISO 3166-2 depth and parent,
1009,NO,Innlandet,NO-34,changed,"{""level"": null}","{""level"": 1}",iso,ISO 3166-2 depth and parent,
1013,NO,Svalbard,NO-21,changed,"{""level"": null}","{""level"": 1}",iso,ISO 3166-2 depth and parent,
1014,NO,Agder,NO-42,changed,"{""level"": null}","{""level"": 1}",iso,ISO 3166-2 depth and parent,
1015,NO,Finnmark,NO-56,changed,"{""level"": null}","{""level"": 1}",national,"See national_evidence.NO; country-relative target {""level"": 1, ""parent_id"": null}",https://www.regjeringen.no/no/aktuelt/nye-kommunar-og-fylkeskommunar-fra-1.-januar-2024/id3020489/
1018,NO,Vestland,NO-46,changed,"{""level"": null}","{""level"": 1}",iso,ISO 3166-2 depth and parent,
1020,NO,Møre og Romsdal,NO-15,changed,"{""level"": null}","{""level"": 1}",iso,ISO 3166-2 depth and parent,
1021,NO,Rogaland,NO-11,changed,"{""level"": null}","{""level"": 1}",iso,ISO 3166-2 depth and parent,
1024,NO,Telemark,NO-40,changed,"{""level"": null}","{""level"": 1}",national,"See national_evidence.NO; country-relative target {""level"": 1, ""parent_id"": null}",https://www.regjeringen.no/no/aktuelt/nye-kommunar-og-fylkeskommunar-fra-1.-januar-2024/id3020489/
1025,NO,Nordland,NO-18,changed,"{""level"": null}","{""level"": 1}",iso,ISO 3166-2 depth and parent,
1026,NO,Jan Mayen,NO-22,changed,"{""level"": null}","{""level"": 1}",national,"Within Norway, outside the county system; no tier above it.",https://www.regjeringen.no/no/dokumenter/forvaltningen-av-jan-mayen-ansvarsdelingen-mellom-departementene/id3044302/
5448,NO,Akershus,NO-32,changed,"{""level"": null}","{""level"": 1}",national,"See national_evidence.NO; country-relative target {""level"": 1, ""parent_id"": null}",https://www.regjeringen.no/no/aktuelt/nye-kommunar-og-fylkeskommunar-fra-1.-januar-2024/id3020489/
5449,NO,Buskerud,NO-33,changed,"{""level"": null}","{""level"": 1}",national,"See national_evidence.NO; country-relative target {""level"": 1, ""parent_id"": null}",https://www.regjeringen.no/no/aktuelt/nye-kommunar-og-fylkeskommunar-fra-1.-januar-2024/id3020489/
5450,NO,Østfold,NO-31,changed,"{""level"": null}","{""level"": 1}",national,"See national_evidence.NO; country-relative target {""level"": 1, ""parent_id"": null}",https://www.regjeringen.no/no/aktuelt/nye-kommunar-og-fylkeskommunar-fra-1.-januar-2024/id3020489/
5451,NO,Troms,NO-55,changed,"{""level"": null}","{""level"": 1}",national,"See national_evidence.NO; country-relative target {""level"": 1, ""parent_id"": null}",https://www.regjeringen.no/no/aktuelt/nye-kommunar-og-fylkeskommunar-fra-1.-januar-2024/id3020489/
5452,NO,Vestfold,NO-39,changed,"{""level"": null}","{""level"": 1}",national,"See national_evidence.NO; country-relative target {""level"": 1, ""parent_id"": null}",https://www.regjeringen.no/no/aktuelt/nye-kommunar-og-fylkeskommunar-fra-1.-januar-2024/id3020489/
4654,NR,Ewa,NR-09,changed,"{""level"": null}","{""level"": 1}",iso,ISO 3166-2 depth and parent,
4655,NR,Uaboe,NR-13,changed,"{""level"": null}","{""level"": 1}",iso,ISO 3166-2 depth and parent,
4656,NR,Aiwo,NR-01,changed,"{""level"": null}","{""level"": 1}",iso,ISO 3166-2 depth and parent,
4657,NR,Meneng,NR-11,changed,"{""level"": null}","{""level"": 1}",iso,ISO 3166-2 depth and parent,
4658,NR,Anabar,NR-02,changed,"{""level"": null}","{""level"": 1}",iso,ISO 3166-2 depth and parent,
4659,NR,Nibok,NR-12,changed,"{""level"": null}","{""level"": 1}",iso,ISO 3166-2 depth and parent,
4660,NR,Baiti,NR-05,changed,"{""level"": null}","{""level"": 1}",iso,ISO 3166-2 depth and parent,
4661,NR,Ijuw,NR-10,changed,"{""level"": null}","{""level"": 1}",iso,ISO 3166-2 depth and parent,
4662,NR,Buada,NR-07,changed,"{""level"": null}","{""level"": 1}",iso,ISO 3166-2 depth and parent,
4663,NR,Anibare,NR-04,changed,"{""level"": null}","{""level"": 1}",iso,ISO 3166-2 depth and parent,
4664,NR,Yaren,NR-14,changed,"{""level"": null}","{""level"": 1}",iso,ISO 3166-2 depth and parent,
4665,NR,Boe,NR-06,changed,"{""level"": null}","{""level"": 1}",iso,ISO 3166-2 depth and parent,
4666,NR,Denigomodu,NR-08,changed,"{""level"": null}","{""level"": 1}",iso,ISO 3166-2 depth and parent,
4667,NR,Anetan,NR-03,changed,"{""level"": null}","{""level"": 1}",iso,ISO 3166-2 depth and parent,
5422,NU,Makefu,NU-01,held,"{""level"": null, ""parent_id"": null}",,held_unverified,No current official national source establishing this row's hierarchy was verified; absent from the supplied ISO mirror. Retain existing level and parent; code/identity review is outside this round.,https://github.com/dr5hn/countries-states-cities-database/blob/85fb8848193db488eb7156d5b7c4d70f395a1c9f/.github/fixes-docs/FIX_1643_SUMMARY.md
5423,NU,Tuapa,NU-02,held,"{""level"": null, ""parent_id"": null}",,held_unverified,No current official national source establishing this row's hierarchy was verified; absent from the supplied ISO mirror. Retain existing level and parent; code/identity review is outside this round.,https://github.com/dr5hn/countries-states-cities-database/blob/85fb8848193db488eb7156d5b7c4d70f395a1c9f/.github/fixes-docs/FIX_1643_SUMMARY.md
5424,NU,Namukulu,NU-03,held,"{""level"": null, ""parent_id"": null}",,held_unverified,No current official national source establishing this row's hierarchy was verified; absent from the supplied ISO mirror. Retain existing level and parent; code/identity review is outside this round.,https://github.com/dr5hn/countries-states-cities-database/blob/85fb8848193db488eb7156d5b7c4d70f395a1c9f/.github/fixes-docs/FIX_1643_SUMMARY.md
5425,NU,Hikutavake,NU-04,held,"{""level"": null, ""parent_id"": null}",,held_unverified,No current official national source establishing this row's hierarchy was verified; absent from the supplied ISO mirror. Retain existing level and parent; code/identity review is outside this round.,https://github.com/dr5hn/countries-states-cities-database/blob/85fb8848193db488eb7156d5b7c4d70f395a1c9f/.github/fixes-docs/FIX_1643_SUMMARY.md
5426,NU,Toi,NU-05,held,"{""level"": null, ""parent_id"": null}",,held_unverified,No current official national source establishing this row's hierarchy was verified; absent from the supplied ISO mirror. Retain existing level and parent; code/identity review is outside this round.,https://github.com/dr5hn/countries-states-cities-database/blob/85fb8848193db488eb7156d5b7c4d70f395a1c9f/.github/fixes-docs/FIX_1643_SUMMARY.md
5427,NU,Mutalau,NU-06,held,"{""level"": null, ""parent_id"": null}",,held_unverified,No current official national source establishing this row's hierarchy was verified; absent from the supplied ISO mirror. Retain existing level and parent; code/identity review is outside this round.,https://github.com/dr5hn/countries-states-cities-database/blob/85fb8848193db488eb7156d5b7c4d70f395a1c9f/.github/fixes-docs/FIX_1643_SUMMARY.md
5428,NU,Lakepa,NU-07,held,"{""level"": null, ""parent_id"": null}",,held_unverified,No current official national source establishing this row's hierarchy was verified; absent from the supplied ISO mirror. Retain existing level and parent; code/identity review is outside this round.,https://github.com/dr5hn/countries-states-cities-database/blob/85fb8848193db488eb7156d5b7c4d70f395a1c9f/.github/fixes-docs/FIX_1643_SUMMARY.md
5429,NU,Liku,NU-08,held,"{""level"": null, ""parent_id"": null}",,held_unverified,No current official national source establishing this row's hierarchy was verified; absent from the supplied ISO mirror. Retain existing level and parent; code/identity review is outside this round.,https://github.com/dr5hn/countries-states-cities-database/blob/85fb8848193db488eb7156d5b7c4d70f395a1c9f/.github/fixes-docs/FIX_1643_SUMMARY.md
5430,NU,Hakupu,NU-09,held,"{""level"": null, ""parent_id"": null}",,held_unverified,No current official national source establishing this row's hierarchy was verified; absent from the supplied ISO mirror. Retain existing level and parent; code/identity review is outside this round.,https://github.com/dr5hn/countries-states-cities-database/blob/85fb8848193db488eb7156d5b7c4d70f395a1c9f/.github/fixes-docs/FIX_1643_SUMMARY.md
5431,NU,Vaiea,NU-10,held,"{""level"": null, ""parent_id"": null}",,held_unverified,No current official national source establishing this row's hierarchy was verified; absent from the supplied ISO mirror. Retain existing level and parent; code/identity review is outside this round.,https://github.com/dr5hn/countries-states-cities-database/blob/85fb8848193db488eb7156d5b7c4d70f395a1c9f/.github/fixes-docs/FIX_1643_SUMMARY.md
5432,NU,Avatele,NU-11,held,"{""level"": null, ""parent_id"": null}",,held_unverified,No current official national source establishing this row's hierarchy was verified; absent from the supplied ISO mirror. Retain existing level and parent; code/identity review is outside this round.,https://github.com/dr5hn/countries-states-cities-database/blob/85fb8848193db488eb7156d5b7c4d70f395a1c9f/.github/fixes-docs/FIX_1643_SUMMARY.md
5433,NU,Tamakautoga,NU-12,held,"{""level"": null, ""parent_id"": null}",,held_unverified,No current official national source establishing this row's hierarchy was verified; absent from the supplied ISO mirror. Retain existing level and parent; code/identity review is outside this round.,https://github.com/dr5hn/countries-states-cities-database/blob/85fb8848193db488eb7156d5b7c4d70f395a1c9f/.github/fixes-docs/FIX_1643_SUMMARY.md
5434,NU,Alofi South,NU-13,held,"{""level"": null, ""parent_id"": null}",,held_unverified,No current official national source establishing this row's hierarchy was verified; absent from the supplied ISO mirror. Retain existing level and parent; code/identity review is outside this round.,https://github.com/dr5hn/countries-states-cities-database/blob/85fb8848193db488eb7156d5b7c4d70f395a1c9f/.github/fixes-docs/FIX_1643_SUMMARY.md
5435,NU,Alofi North,NU-14,held,"{""level"": null, ""parent_id"": null}",,held_unverified,No current official national source establishing this row's hierarchy was verified; absent from the supplied ISO mirror. Retain existing level and parent; code/identity review is outside this round.,https://github.com/dr5hn/countries-states-cities-database/blob/85fb8848193db488eb7156d5b7c4d70f395a1c9f/.github/fixes-docs/FIX_1643_SUMMARY.md
4059,NZ,Northland,NZ-NTL,changed,"{""level"": null}","{""level"": 1}",iso,ISO 3166-2 depth and parent,
4060,NZ,Manawatu-Whanganui,NZ-MWT,changed,"{""level"": null}","{""level"": 1}",iso,ISO 3166-2 depth and parent,
4061,NZ,Waikato,NZ-WKO,changed,"{""level"": null}","{""level"": 1}",iso,ISO 3166-2 depth and parent,
4062,NZ,Otago,NZ-OTA,changed,"{""level"": null}","{""level"": 1}",iso,ISO 3166-2 depth and parent,
4063,NZ,Marlborough,NZ-MBH,changed,"{""level"": null}","{""level"": 1}",iso,ISO 3166-2 depth and parent,
4064,NZ,West Coast,NZ-WTC,changed,"{""level"": null}","{""level"": 1}",iso,ISO 3166-2 depth and parent,
4065,NZ,Wellington,NZ-WGN,changed,"{""level"": null}","{""level"": 1}",iso,ISO 3166-2 depth and parent,
4066,NZ,Canterbury,NZ-CAN,changed,"{""level"": null}","{""level"": 1}",iso,ISO 3166-2 depth and parent,
4067,NZ,Chatham Islands,NZ-CIT,changed,"{""level"": null}","{""level"": 1}",iso,ISO 3166-2 depth and parent,
4068,NZ,Gisborne,NZ-GIS,changed,"{""level"": null}","{""level"": 1}",iso,ISO 3166-2 depth and parent,
4069,NZ,Taranaki,NZ-TKI,changed,"{""level"": null}","{""level"": 1}",iso,ISO 3166-2 depth and parent,
4070,NZ,Nelson,NZ-NSN,changed,"{""level"": null}","{""level"": 1}",iso,ISO 3166-2 depth and parent,
4071,NZ,Southland,NZ-STL,changed,"{""level"": null}","{""level"": 1}",iso,ISO 3166-2 depth and parent,
4072,NZ,Auckland,NZ-AUK,changed,"{""level"": null}","{""level"": 1}",iso,ISO 3166-2 depth and parent,
4073,NZ,Tasman,NZ-TAS,changed,"{""level"": null}","{""level"": 1}",iso,ISO 3166-2 depth and parent,
4074,NZ,Bay of Plenty,NZ-BOP,changed,"{""level"": null}","{""level"": 1}",iso,ISO 3166-2 depth and parent,
4075,NZ,Hawke's Bay,NZ-HKB,changed,"{""level"": null}","{""level"": 1}",iso,ISO 3166-2 depth and parent,
3047,OM,Ad Dhahirah,OM-ZA,changed,"{""level"": null}","{""level"": 1}",iso,ISO 3166-2 depth and parent,
3048,OM,Al Batinah North,OM-BS,changed,"{""level"": null}","{""level"": 1}",iso,ISO 3166-2 depth and parent,
3049,OM,Al Batinah South,OM-BJ,changed,"{""level"": null}","{""level"": 1}",iso,ISO 3166-2 depth and parent,
3052,OM,Musandam,OM-MU,changed,"{""level"": null}","{""level"": 1}",iso,ISO 3166-2 depth and parent,
3053,OM,Ash Sharqiyah North,OM-SS,changed,"{""level"": null}","{""level"": 1}",iso,ISO 3166-2 depth and parent,
3054,OM,Ash Sharqiyah South,OM-SJ,changed,"{""level"": null}","{""level"": 1}",iso,ISO 3166-2 depth and parent,
3055,OM,Muscat,OM-MA,changed,"{""level"": null}","{""level"": 1}",iso,ISO 3166-2 depth and parent,
3056,OM,Al Wusta,OM-WU,changed,"{""level"": null}","{""level"": 1}",iso,ISO 3166-2 depth and parent,
3057,OM,Dhofar,OM-ZU,changed,"{""level"": null}","{""level"": 1}",iso,ISO 3166-2 depth and parent,
3058,OM,Ad Dakhiliyah,OM-DA,changed,"{""level"": null}","{""level"": 1}",iso,ISO 3166-2 depth and parent,
3059,OM,Al Buraimi,OM-BU,changed,"{""level"": null}","{""level"": 1}",iso,ISO 3166-2 depth and parent,
1385,PA,Darién,PA-5,changed,"{""level"": null}","{""level"": 1}",iso,ISO 3166-2 depth and parent,
1386,PA,Colón,PA-3,changed,"{""level"": null}","{""level"": 1}",iso,ISO 3166-2 depth and parent,
1387,PA,Coclé,PA-2,changed,"{""level"": null}","{""level"": 1}",iso,ISO 3166-2 depth and parent,
1388,PA,Guna,PA-KY,changed,"{""level"": null}","{""level"": 1}",iso,ISO 3166-2 depth and parent,
1389,PA,Herrera,PA-6,changed,"{""level"": null}","{""level"": 1}",iso,ISO 3166-2 depth and parent,
1390,PA,Los Santos,PA-7,changed,"{""level"": null}","{""level"": 1}",iso,ISO 3166-2 depth and parent,
1391,PA,Ngöbe-Buglé Comarca,PA-NB,changed,"{""level"": null}","{""level"": 1}",iso,ISO 3166-2 depth and parent,
1392,PA,Veraguas,PA-9,changed,"{""level"": null}","{""level"": 1}",iso,ISO 3166-2 depth and parent,
1393,PA,Bocas del Toro,PA-1,changed,"{""level"": null}","{""level"": 1}",iso,ISO 3166-2 depth and parent,
1394,PA,Panamá Oeste,PA-10,changed,"{""level"": null}","{""level"": 1}",iso,ISO 3166-2 depth and parent,
1395,PA,Panamá,PA-8,changed,"{""level"": null}","{""level"": 1}",iso,ISO 3166-2 depth and parent,
1396,PA,Emberá-Wounaan Comarca,PA-EM,changed,"{""level"": null}","{""level"": 1}",iso,ISO 3166-2 depth and parent,
1397,PA,Chiriquí Province,PA-4,changed,"{""level"": null}","{""level"": 1}",iso,ISO 3166-2 depth and parent,
5686,PA,Naso Tjër Di,PA-NT,changed,"{""level"": null}","{""level"": 1}",iso,ISO 3166-2 depth and parent,
3678,PE,Madre de Dios,PE-MDD,changed,"{""level"": null}","{""level"": 1}",iso,ISO 3166-2 depth and parent,
3679,PE,Huancavelica,PE-HUV,changed,"{""level"": null}","{""level"": 1}",iso,ISO 3166-2 depth and parent,
3680,PE,Áncash,PE-ANC,changed,"{""level"": null}","{""level"": 1}",iso,ISO 3166-2 depth and parent,
3681,PE,Arequipa,PE-ARE,changed,"{""level"": null}","{""level"": 1}",iso,ISO 3166-2 depth and parent,
3682,PE,Puno,PE-PUN,changed,"{""level"": null}","{""level"": 1}",iso,ISO 3166-2 depth and parent,
3683,PE,La Libertad,PE-LAL,changed,"{""level"": null}","{""level"": 1}",iso,ISO 3166-2 depth and parent,
3684,PE,Ucayali,PE-UCA,changed,"{""level"": null}","{""level"": 1}",iso,ISO 3166-2 depth and parent,
3685,PE,Amazonas,PE-AMA,changed,"{""level"": null}","{""level"": 1}",iso,ISO 3166-2 depth and parent,
3686,PE,Pasco,PE-PAS,changed,"{""level"": null}","{""level"": 1}",iso,ISO 3166-2 depth and parent,
3687,PE,Huanuco,PE-HUC,changed,"{""level"": null}","{""level"": 1}",iso,ISO 3166-2 depth and parent,
3688,PE,Cajamarca,PE-CAJ,changed,"{""level"": null}","{""level"": 1}",iso,ISO 3166-2 depth and parent,
3689,PE,Tumbes,PE-TUM,changed,"{""level"": null}","{""level"": 1}",iso,ISO 3166-2 depth and parent,
3691,PE,Cusco,PE-CUS,changed,"{""level"": null}","{""level"": 1}",iso,ISO 3166-2 depth and parent,
3692,PE,Ayacucho,PE-AYA,changed,"{""level"": null}","{""level"": 1}",iso,ISO 3166-2 depth and parent,
3693,PE,Junín,PE-JUN,changed,"{""level"": null}","{""level"": 1}",iso,ISO 3166-2 depth and parent,
3694,PE,San Martín,PE-SAM,changed,"{""level"": null}","{""level"": 1}",iso,ISO 3166-2 depth and parent,
3695,PE,Lima,PE-LIM,changed,"{""level"": null}","{""level"": 1}",iso,ISO 3166-2 depth and parent,
3696,PE,Tacna,PE-TAC,changed,"{""level"": null}","{""level"": 1}",iso,ISO 3166-2 depth and parent,
3697,PE,Piura,PE-PIU,changed,"{""level"": null}","{""level"": 1}",iso,ISO 3166-2 depth and parent,
3698,PE,Moquegua,PE-MOQ,changed,"{""level"": null}","{""level"": 1}",iso,ISO 3166-2 depth and parent,
3699,PE,Apurímac,PE-APU,changed,"{""level"": null}","{""level"": 1}",iso,ISO 3166-2 depth and parent,
3700,PE,Ica,PE-ICA,changed,"{""level"": null}","{""level"": 1}",iso,ISO 3166-2 depth and parent,
3701,PE,Callao,PE-CAL,changed,"{""level"": null}","{""level"": 1}",iso,ISO 3166-2 depth and parent,
3702,PE,Lambayeque,PE-LAM,changed,"{""level"": null}","{""level"": 1}",iso,ISO 3166-2 depth and parent,
4922,PE,Loreto,PE-LOR,changed,"{""level"": null}","{""level"": 1}",iso,ISO 3166-2 depth and parent,
5687,PE,Municipalidad Metropolitana de Lima,PE-LMA,changed,"{""level"": null}","{""level"": 1}",iso,ISO 3166-2 depth and parent,
5369,PF,Austral Islands,PF-01,held,"{""level"": null, ""parent_id"": null}",,held_unverified,No current official national source establishing this row's hierarchy was verified; absent from the supplied ISO mirror. Retain existing level and parent; code/identity review is outside this round.,https://github.com/dr5hn/countries-states-cities-database/blob/85fb8848193db488eb7156d5b7c4d70f395a1c9f/.github/fixes-docs/FIX_1643_SUMMARY.md
5370,PF,Leeward Islands,PF-02,held,"{""level"": null, ""parent_id"": null}",,held_unverified,No current official national source establishing this row's hierarchy was verified; absent from the supplied ISO mirror. Retain existing level and parent; code/identity review is outside this round.,https://github.com/dr5hn/countries-states-cities-database/blob/85fb8848193db488eb7156d5b7c4d70f395a1c9f/.github/fixes-docs/FIX_1643_SUMMARY.md
5371,PF,Marquesas Islands,PF-03,held,"{""level"": null, ""parent_id"": null}",,held_unverified,No current official national source establishing this row's hierarchy was verified; absent from the supplied ISO mirror. Retain existing level and parent; code/identity review is outside this round.,https://github.com/dr5hn/countries-states-cities-database/blob/85fb8848193db488eb7156d5b7c4d70f395a1c9f/.github/fixes-docs/FIX_1643_SUMMARY.md
5372,PF,Tuamotu-Gambier,PF-04,held,"{""level"": null, ""parent_id"": null}",,held_unverified,No current official national source establishing this row's hierarchy was verified; absent from the supplied ISO mirror. Retain existing level and parent; code/identity review is outside this round.,https://github.com/dr5hn/countries-states-cities-database/blob/85fb8848193db488eb7156d5b7c4d70f395a1c9f/.github/fixes-docs/FIX_1643_SUMMARY.md
5373,PF,Windward Islands,PF-05,held,"{""level"": null, ""parent_id"": null}",,held_unverified,No current official national source establishing this row's hierarchy was verified; absent from the supplied ISO mirror. Retain existing level and parent; code/identity review is outside this round.,https://github.com/dr5hn/countries-states-cities-database/blob/85fb8848193db488eb7156d5b7c4d70f395a1c9f/.github/fixes-docs/FIX_1643_SUMMARY.md
4830,PG,West New Britain,PG-WBK,changed,"{""level"": null}","{""level"": 1}",iso,ISO 3166-2 depth and parent,
4831,PG,Bougainville,PG-NSB,changed,"{""level"": null}","{""level"": 1}",iso,ISO 3166-2 depth and parent,
4832,PG,Jiwaka,PG-JWK,changed,"{""level"": null}","{""level"": 1}",iso,ISO 3166-2 depth and parent,
4833,PG,Hela,PG-HLA,changed,"{""level"": null}","{""level"": 1}",iso,ISO 3166-2 depth and parent,
4834,PG,East New Britain,PG-EBR,changed,"{""level"": null}","{""level"": 1}",iso,ISO 3166-2 depth and parent,
4835,PG,Morobe,PG-MPL,changed,"{""level"": null}","{""level"": 1}",iso,ISO 3166-2 depth and parent,
4836,PG,Sandaun,PG-SAN,changed,"{""level"": null}","{""level"": 1}",iso,ISO 3166-2 depth and parent,
4837,PG,Port Moresby,PG-NCD,changed,"{""level"": null}","{""level"": 1}",iso,ISO 3166-2 depth and parent,
4838,PG,Oro,PG-NPP,changed,"{""level"": null}","{""level"": 1}",iso,ISO 3166-2 depth and parent,
4839,PG,Gulf,PG-GPK,changed,"{""level"": null}","{""level"": 1}",iso,ISO 3166-2 depth and parent,
4840,PG,Western Highlands,PG-WHM,changed,"{""level"": null}","{""level"": 1}",iso,ISO 3166-2 depth and parent,
4841,PG,New Ireland,PG-NIK,changed,"{""level"": null}","{""level"": 1}",iso,ISO 3166-2 depth and parent,
4842,PG,Manus,PG-MRL,changed,"{""level"": null}","{""level"": 1}",iso,ISO 3166-2 depth and parent,
4843,PG,Madang,PG-MPM,changed,"{""level"": null}","{""level"": 1}",iso,ISO 3166-2 depth and parent,
4844,PG,Southern Highlands,PG-SHM,changed,"{""level"": null}","{""level"": 1}",iso,ISO 3166-2 depth and parent,
4845,PG,Eastern Highlands,PG-EHG,changed,"{""level"": null}","{""level"": 1}",iso,ISO 3166-2 depth and parent,
4846,PG,Chimbu,PG-CPK,changed,"{""level"": null}","{""level"": 1}",iso,ISO 3166-2 depth and parent,
4847,PG,Central,PG-CPM,changed,"{""level"": null}","{""level"": 1}",iso,ISO 3166-2 depth and parent,
4848,PG,Enga,PG-EPW,changed,"{""level"": null}","{""level"": 1}",iso,ISO 3166-2 depth and parent,
4849,PG,Milne Bay,PG-MBA,changed,"{""level"": null}","{""level"": 1}",iso,ISO 3166-2 depth and parent,
4850,PG,Western,PG-WPD,changed,"{""level"": null}","{""level"": 1}",iso,ISO 3166-2 depth and parent,
1269,PH,Romblon,PH-ROM,changed,"{""level"": 1}","{""level"": 2}",iso,ISO 3166-2 depth and parent,
1270,PH,Bukidnon,PH-BUK,changed,"{""level"": 1}","{""level"": 2}",iso,ISO 3166-2 depth and parent,
1271,PH,Rizal,PH-RIZ,changed,"{""level"": 1}","{""level"": 2}",iso,ISO 3166-2 depth and parent,
1272,PH,Bohol,PH-BOH,changed,"{""level"": 1}","{""level"": 2}",iso,ISO 3166-2 depth and parent,
1273,PH,Quirino,PH-QUI,changed,"{""level"": 1}","{""level"": 2}",iso,ISO 3166-2 depth and parent,
1274,PH,Biliran,PH-BIL,changed,"{""level"": 1}","{""level"": 2}",iso,ISO 3166-2 depth and parent,
1275,PH,Quezon,PH-QUE,changed,"{""level"": 1}","{""level"": 2}",iso,ISO 3166-2 depth and parent,
1276,PH,Siquijor,PH-SIG,changed,"{""level"": 1, ""parent_id"": 1308}","{""level"": 2, ""parent_id"": null}",national,"Province (PSA register); RA 12000 moved it to the Negros Island Region, which has no state record, so the stale Central Visayas parent is cleared.",https://psa.gov.ph/classification/psgc/provinces?vcode=82 https://elibrary.judiciary.gov.ph/thebookshelf/showdocs/2/97490
1277,PH,Sarangani,PH-SAR,changed,"{""level"": 1}","{""level"": 2}",national,Province under a level-1 region (PSA register).,https://psa.gov.ph/classification/psgc/provinces?vcode=82
1278,PH,Bulacan,PH-BUL,changed,"{""level"": 1}","{""level"": 2}",iso,ISO 3166-2 depth and parent,
1279,PH,Cagayan,PH-CAG,changed,"{""level"": 1}","{""level"": 2}",iso,ISO 3166-2 depth and parent,
1280,PH,South Cotabato,PH-SCO,changed,"{""level"": 1}","{""level"": 2}",national,Province under a level-1 region (PSA register).,https://psa.gov.ph/classification/psgc/provinces?vcode=82
1281,PH,Sorsogon,PH-SOR,changed,"{""level"": 1}","{""level"": 2}",iso,ISO 3166-2 depth and parent,
1282,PH,Sultan Kudarat,PH-SUK,changed,"{""level"": 1}","{""level"": 2}",iso,ISO 3166-2 depth and parent,
1283,PH,Camarines Norte,PH-CAN,changed,"{""level"": 1}","{""level"": 2}",iso,ISO 3166-2 depth and parent,
1284,PH,Southern Leyte,PH-SLE,changed,"{""level"": 1}","{""level"": 2}",iso,ISO 3166-2 depth and parent,
1285,PH,Camiguin,PH-CAM,changed,"{""level"": 1}","{""level"": 2}",iso,ISO 3166-2 depth and parent,
1286,PH,Surigao del Norte,PH-SUN,changed,"{""level"": 1}","{""level"": 2}",iso,ISO 3166-2 depth and parent,
1287,PH,Camarines Sur,PH-CAS,changed,"{""level"": 1}","{""level"": 2}",iso,ISO 3166-2 depth and parent,
1288,PH,Sulu,PH-SLU,changed,"{""level"": 1}","{""level"": 2}",national,Province under a level-1 region (PSA register; transferred to Region IX).,https://psa.gov.ph/classification/psgc/provinces?vcode=82 https://psa.gov.ph/content/province-sulu-officially-transferred-region-ix-zamboanga-peninsula
1289,PH,Davao Oriental,PH-DAO,changed,"{""level"": 1}","{""level"": 2}",iso,ISO 3166-2 depth and parent,
1290,PH,Eastern Samar,PH-EAS,changed,"{""level"": 1}","{""level"": 2}",iso,ISO 3166-2 depth and parent,
1291,PH,Dinagat Islands,PH-DIN,changed,"{""level"": 1}","{""level"": 2}",iso,ISO 3166-2 depth and parent,
1292,PH,Capiz,PH-CAP,changed,"{""level"": 1}","{""level"": 2}",iso,ISO 3166-2 depth and parent,
1293,PH,Tawi-Tawi,PH-TAW,changed,"{""level"": 1}","{""level"": 2}",iso,ISO 3166-2 depth and parent,
1294,PH,Calabarzon,PH-40,changed,"{""level"": null}","{""level"": 1}",iso,ISO 3166-2 depth and parent,
1295,PH,Tarlac,PH-TAR,changed,"{""level"": 1}","{""level"": 2}",iso,ISO 3166-2 depth and parent,
1296,PH,Surigao del Sur,PH-SUR,changed,"{""level"": 1}","{""level"": 2}",iso,ISO 3166-2 depth and parent,
1297,PH,Zambales,PH-ZMB,changed,"{""level"": 1}","{""level"": 2}",iso,ISO 3166-2 depth and parent,
1298,PH,Ilocos Norte,PH-ILN,changed,"{""level"": 1}","{""level"": 2}",iso,ISO 3166-2 depth and parent,
1299,PH,Mimaropa,PH-41,changed,"{""level"": null}","{""level"": 1}",iso,ISO 3166-2 depth and parent,
1300,PH,Ifugao,PH-IFU,changed,"{""level"": 1}","{""level"": 2}",iso,ISO 3166-2 depth and parent,
1301,PH,Catanduanes,PH-CAT,changed,"{""level"": 1}","{""level"": 2}",iso,ISO 3166-2 depth and parent,
1302,PH,Zamboanga del Norte,PH-ZAN,changed,"{""level"": 1}","{""level"": 2}",iso,ISO 3166-2 depth and parent,
1303,PH,Guimaras,PH-GUI,changed,"{""level"": 1}","{""level"": 2}",iso,ISO 3166-2 depth and parent,
1304,PH,Bicol,PH-05,changed,"{""level"": null}","{""level"": 1}",iso,ISO 3166-2 depth and parent,
1305,PH,Western Visayas,PH-06,changed,"{""level"": null}","{""level"": 1}",iso,ISO 3166-2 depth and parent,
1306,PH,Cebu,PH-CEB,changed,"{""level"": 1}","{""level"": 2}",iso,ISO 3166-2 depth and parent,
1307,PH,Cavite,PH-CAV,changed,"{""level"": 1}","{""level"": 2}",iso,ISO 3166-2 depth and parent,
1308,PH,Central Visayas,PH-07,changed,"{""level"": null}","{""level"": 1}",iso,ISO 3166-2 depth and parent,
1309,PH,Davao Occidental,PH-DVO,changed,"{""level"": 1}","{""level"": 2}",iso,ISO 3166-2 depth and parent,
1310,PH,Soccsksargen,PH-12,changed,"{""level"": null}","{""level"": 1}",iso,ISO 3166-2 depth and parent,
1311,PH,Davao de Oro,PH-COM,changed,"{""level"": 1}","{""level"": 2}",iso,ISO 3166-2 depth and parent,
1312,PH,Kalinga,PH-KAL,changed,"{""level"": 1}","{""level"": 2}",iso,ISO 3166-2 depth and parent,
1313,PH,Isabela,PH-ISA,changed,"{""level"": 1}","{""level"": 2}",iso,ISO 3166-2 depth and parent,
1314,PH,Caraga,PH-13,changed,"{""level"": null}","{""level"": 1}",iso,ISO 3166-2 depth and parent,
1315,PH,Iloilo,PH-ILI,changed,"{""level"": 1}","{""level"": 2}",iso,ISO 3166-2 depth and parent,
1316,PH,Autonomous Region in Muslim Mindanao,PH-14,changed,"{""level"": null}","{""level"": 1}",iso,ISO 3166-2 depth and parent,
1317,PH,La Union,PH-LUN,changed,"{""level"": 1}","{""level"": 2}",iso,ISO 3166-2 depth and parent,
1318,PH,Davao del Sur,PH-DAS,changed,"{""level"": 1}","{""level"": 2}",iso,ISO 3166-2 depth and parent,
1319,PH,Davao del Norte,PH-DAV,changed,"{""level"": 1}","{""level"": 2}",iso,ISO 3166-2 depth and parent,
1320,PH,Cotabato,PH-NCO,changed,"{""level"": 1}","{""level"": 2}",iso,ISO 3166-2 depth and parent,
1321,PH,Ilocos Sur,PH-ILS,changed,"{""level"": 1}","{""level"": 2}",iso,ISO 3166-2 depth and parent,
1322,PH,Eastern Visayas,PH-08,changed,"{""level"": null}","{""level"": 1}",iso,ISO 3166-2 depth and parent,
1323,PH,Agusan del Norte,PH-AGN,changed,"{""level"": 1}","{""level"": 2}",iso,ISO 3166-2 depth and parent,
1324,PH,Abra,PH-ABR,changed,"{""level"": 1}","{""level"": 2}",iso,ISO 3166-2 depth and parent,
1325,PH,Zamboanga Peninsula,PH-09,changed,"{""level"": null}","{""level"": 1}",iso,ISO 3166-2 depth and parent,
1326,PH,Agusan del Sur,PH-AGS,changed,"{""level"": 1}","{""level"": 2}",iso,ISO 3166-2 depth and parent,
1327,PH,Lanao del Norte,PH-LAN,changed,"{""level"": 1}","{""level"": 2}",national,Province under a level-1 region (PSA register).,https://psa.gov.ph/classification/psgc/provinces?vcode=82
1328,PH,Laguna,PH-LAG,changed,"{""level"": 1}","{""level"": 2}",iso,ISO 3166-2 depth and parent,
1329,PH,Marinduque,PH-MAD,changed,"{""level"": 1}","{""level"": 2}",iso,ISO 3166-2 depth and parent,
1330,PH,Maguindanao del Norte,PH-MGN,changed,"{""level"": 1}","{""level"": 2}",iso,ISO 3166-2 depth and parent,
1331,PH,Aklan,PH-AKL,changed,"{""level"": 1}","{""level"": 2}",iso,ISO 3166-2 depth and parent,
1332,PH,Leyte,PH-LEY,changed,"{""level"": 1}","{""level"": 2}",iso,ISO 3166-2 depth and parent,
1333,PH,Lanao del Sur,PH-LAS,changed,"{""level"": 1}","{""level"": 2}",iso,ISO 3166-2 depth and parent,
1334,PH,Apayao,PH-APA,changed,"{""level"": 1}","{""level"": 2}",iso,ISO 3166-2 depth and parent,
1335,PH,Cordillera Administrative,PH-15,changed,"{""level"": null}","{""level"": 1}",iso,ISO 3166-2 depth and parent,
1336,PH,Antique,PH-ANT,changed,"{""level"": 1}","{""level"": 2}",iso,ISO 3166-2 depth and parent,
1337,PH,Albay,PH-ALB,changed,"{""level"": 1}","{""level"": 2}",iso,ISO 3166-2 depth and parent,
1338,PH,Masbate,PH-MAS,changed,"{""level"": 1}","{""level"": 2}",iso,ISO 3166-2 depth and parent,
1339,PH,Northern Mindanao,PH-10,changed,"{""level"": null}","{""level"": 1}",iso,ISO 3166-2 depth and parent,
1340,PH,Davao,PH-11,changed,"{""level"": null}","{""level"": 1}",iso,ISO 3166-2 depth and parent,
1341,PH,Aurora,PH-AUR,changed,"{""level"": 1}","{""level"": 2}",iso,ISO 3166-2 depth and parent,
1342,PH,Cagayan Valley,PH-02,changed,"{""level"": null}","{""level"": 1}",iso,ISO 3166-2 depth and parent,
1343,PH,Misamis Occidental,PH-MSC,changed,"{""level"": 1}","{""level"": 2}",iso,ISO 3166-2 depth and parent,
1344,PH,Bataan,PH-BAN,changed,"{""level"": 1}","{""level"": 2}",iso,ISO 3166-2 depth and parent,
1345,PH,Central Luzon,PH-03,changed,"{""level"": null}","{""level"": 1}",iso,ISO 3166-2 depth and parent,
1346,PH,Basilan,PH-BAS,changed,"{""level"": 1}","{""level"": 2}",national,Province under a level-1 region (PSA register).,https://psa.gov.ph/classification/psgc/provinces?vcode=82
1347,PH,Maguindanao del Sur,PH-MGS,changed,"{""level"": 1}","{""level"": 2}",iso,ISO 3166-2 depth and parent,
1348,PH,Misamis Oriental,PH-MSR,changed,"{""level"": 1}","{""level"": 2}",iso,ISO 3166-2 depth and parent,
1349,PH,Northern Samar,PH-NSA,changed,"{""level"": 1}","{""level"": 2}",iso,ISO 3166-2 depth and parent,
1350,PH,Negros Oriental,PH-NER,changed,"{""level"": 1, ""parent_id"": 1308}","{""level"": 2, ""parent_id"": null}",national,"Province (PSA register); RA 12000 moved it to the Negros Island Region, which has no state record, so the stale Central Visayas parent is cleared.",https://psa.gov.ph/classification/psgc/provinces?vcode=82 https://elibrary.judiciary.gov.ph/thebookshelf/showdocs/2/97490
1351,PH,Negros Occidental,PH-NEC,changed,"{""level"": 1, ""parent_id"": 1305}","{""level"": 2, ""parent_id"": null}",national,"Province (PSA register); RA 12000 moved it to the Negros Island Region, which has no state record, so the stale Western Visayas parent is cleared.",https://psa.gov.ph/classification/psgc/provinces?vcode=82 https://elibrary.judiciary.gov.ph/thebookshelf/showdocs/2/97490
1352,PH,Batanes,PH-BTN,changed,"{""level"": 1}","{""level"": 2}",iso,ISO 3166-2 depth and parent,
1353,PH,Mountain Province,PH-MOU,changed,"{""level"": 1}","{""level"": 2}",iso,ISO 3166-2 depth and parent,
1354,PH,Oriental Mindoro,PH-MDR,changed,"{""level"": 1}","{""level"": 2}",iso,ISO 3166-2 depth and parent,
1355,PH,Ilocos,PH-01,changed,"{""level"": null}","{""level"": 1}",iso,ISO 3166-2 depth and parent,
1356,PH,Occidental Mindoro,PH-MDC,changed,"{""level"": 1}","{""level"": 2}",iso,ISO 3166-2 depth and parent,
1357,PH,Zamboanga del Sur,PH-ZAS,changed,"{""level"": 1}","{""level"": 2}",iso,ISO 3166-2 depth and parent,
1358,PH,Nueva Vizcaya,PH-NUV,changed,"{""level"": 1}","{""level"": 2}",iso,ISO 3166-2 depth and parent,
1359,PH,Batangas,PH-BTG,changed,"{""level"": 1}","{""level"": 2}",iso,ISO 3166-2 depth and parent,
1360,PH,Nueva Ecija,PH-NUE,changed,"{""level"": 1}","{""level"": 2}",iso,ISO 3166-2 depth and parent,
1361,PH,Palawan,PH-PLW,changed,"{""level"": 1}","{""level"": 2}",iso,ISO 3166-2 depth and parent,
1362,PH,Zamboanga Sibugay,PH-ZSI,changed,"{""level"": 1}","{""level"": 2}",iso,ISO 3166-2 depth and parent,
1363,PH,Benguet,PH-BEN,changed,"{""level"": 1}","{""level"": 2}",iso,ISO 3166-2 depth and parent,
1364,PH,Pangasinan,PH-PAN,changed,"{""level"": 1}","{""level"": 2}",iso,ISO 3166-2 depth and parent,
1365,PH,Pampanga,PH-PAM,changed,"{""level"": 1}","{""level"": 2}",iso,ISO 3166-2 depth and parent,
5115,PH,Western Samar,PH-WSA,changed,"{""level"": 1}","{""level"": 2}",iso,ISO 3166-2 depth and parent,
5829,PH,Special Geographic Area,,changed,"{""level"": 1}","{""level"": null}",national,"Inside BARMM (level 1), so level 1 is wrong; it is not a province and its own depth is unresolved.",https://parliament.bangsamoro.gov.ph/2025/11/18/bill-filed-to-create-two-parliamentary-districts-in-barmms-special-geographic-area/
3169,PK,Islamabad,PK-IS,changed,"{""level"": null}","{""level"": 1}",iso,ISO 3166-2 depth and parent,
3170,PK,Gilgit-Baltistan,PK-GB,changed,"{""level"": null}","{""level"": 1}",iso,ISO 3166-2 depth and parent,
3171,PK,Khyber Pakhtunkhwa,PK-KP,changed,"{""level"": null}","{""level"": 1}",iso,ISO 3166-2 depth and parent,
3172,PK,Azad Kashmir,PK-JK,changed,"{""level"": null}","{""level"": 1}",iso,ISO 3166-2 depth and parent,
3174,PK,Balochistan,PK-BA,changed,"{""level"": null}","{""level"": 1}",iso,ISO 3166-2 depth and parent,
3175,PK,Sindh,PK-SD,changed,"{""level"": null}","{""level"": 1}",iso,ISO 3166-2 depth and parent,
3176,PK,Punjab,PK-PB,changed,"{""level"": null}","{""level"": 1}",iso,ISO 3166-2 depth and parent,
1622,PL,Upper Silesia,PL-16,changed,"{""level"": null}","{""level"": 1}",iso,ISO 3166-2 depth and parent,
1623,PL,Silesia,PL-24,changed,"{""level"": null}","{""level"": 1}",iso,ISO 3166-2 depth and parent,
1624,PL,Pomerania,PL-22,changed,"{""level"": null}","{""level"": 1}",iso,ISO 3166-2 depth and parent,
1625,PL,Kuyavia-Pomerania,PL-04,changed,"{""level"": null}","{""level"": 1}",iso,ISO 3166-2 depth and parent,
1626,PL,Subcarpathia,PL-18,changed,"{""level"": null}","{""level"": 1}",iso,ISO 3166-2 depth and parent,
1628,PL,Warmia-Masuria,PL-28,changed,"{""level"": null}","{""level"": 1}",iso,ISO 3166-2 depth and parent,
1629,PL,Lower Silesia,PL-02,changed,"{""level"": null}","{""level"": 1}",iso,ISO 3166-2 depth and parent,
1630,PL,Holy Cross,PL-26,changed,"{""level"": null}","{""level"": 1}",iso,ISO 3166-2 depth and parent,
1631,PL,Lubusz,PL-08,changed,"{""level"": null}","{""level"": 1}",iso,ISO 3166-2 depth and parent,
1632,PL,Podlaskie,PL-20,changed,"{""level"": null}","{""level"": 1}",iso,ISO 3166-2 depth and parent,
1633,PL,West Pomerania,PL-32,changed,"{""level"": null}","{""level"": 1}",iso,ISO 3166-2 depth and parent,
1634,PL,Greater Poland,PL-30,changed,"{""level"": null}","{""level"": 1}",iso,ISO 3166-2 depth and parent,
1635,PL,Lesser Poland,PL-12,changed,"{""level"": null}","{""level"": 1}",iso,ISO 3166-2 depth and parent,
1636,PL,Łódź,PL-10,changed,"{""level"": null}","{""level"": 1}",iso,ISO 3166-2 depth and parent,
1637,PL,Mazovia,PL-14,changed,"{""level"": null}","{""level"": 1}",iso,ISO 3166-2 depth and parent,
1638,PL,Lublin,PL-06,changed,"{""level"": null}","{""level"": 1}",iso,ISO 3166-2 depth and parent,
5821,PM,Saint-Pierre and Miquelon,FR-PM,held,"{""level"": null, ""parent_id"": null}",,held_conflict,Dual-territory alias uses a foreign-prefix ISO code. Country-relative hierarchy needs explicit reconciliation with the parallel FR row; do not treat foreign code membership as a domestic hierarchy certificate.,https://github.com/dr5hn/countries-states-cities-database/blob/85fb8848193db488eb7156d5b7c4d70f395a1c9f/MULTI_LEVEL_TERRITORIES.md
5134,PR,Adjuntas,PR-001,changed,"{""level"": 3}","{""level"": 1}",national,"See national_evidence.PR; country-relative target {""level"": 1, ""parent_id"": null}",https://bvirtualogp.pr.gov/ogp/Bvirtual/LeyesOrganicas/pdf/107-2020.pdf#page=8
5135,PR,Aguada,PR-003,changed,"{""level"": 3}","{""level"": 1}",national,"See national_evidence.PR; country-relative target {""level"": 1, ""parent_id"": null}",https://bvirtualogp.pr.gov/ogp/Bvirtual/LeyesOrganicas/pdf/107-2020.pdf#page=8
5136,PR,Aguadilla,PR-005,changed,"{""level"": 3}","{""level"": 1}",national,"See national_evidence.PR; country-relative target {""level"": 1, ""parent_id"": null}",https://bvirtualogp.pr.gov/ogp/Bvirtual/LeyesOrganicas/pdf/107-2020.pdf#page=8
5137,PR,Aguas Buenas,PR-007,changed,"{""level"": 3}","{""level"": 1}",national,"See national_evidence.PR; country-relative target {""level"": 1, ""parent_id"": null}",https://bvirtualogp.pr.gov/ogp/Bvirtual/LeyesOrganicas/pdf/107-2020.pdf#page=8
5138,PR,Aibonito,PR-009,changed,"{""level"": 3}","{""level"": 1}",national,"See national_evidence.PR; country-relative target {""level"": 1, ""parent_id"": null}",https://bvirtualogp.pr.gov/ogp/Bvirtual/LeyesOrganicas/pdf/107-2020.pdf#page=8
5139,PR,Añasco,PR-011,changed,"{""level"": 3}","{""level"": 1}",national,"See national_evidence.PR; country-relative target {""level"": 1, ""parent_id"": null}",https://bvirtualogp.pr.gov/ogp/Bvirtual/LeyesOrganicas/pdf/107-2020.pdf#page=8
5141,PR,Arroyo,PR-015,changed,"{""level"": 3}","{""level"": 1}",national,"See national_evidence.PR; country-relative target {""level"": 1, ""parent_id"": null}",https://bvirtualogp.pr.gov/ogp/Bvirtual/LeyesOrganicas/pdf/107-2020.pdf#page=8
5142,PR,Barceloneta,PR-017,changed,"{""level"": 3}","{""level"": 1}",national,"See national_evidence.PR; country-relative target {""level"": 1, ""parent_id"": null}",https://bvirtualogp.pr.gov/ogp/Bvirtual/LeyesOrganicas/pdf/107-2020.pdf#page=8
5143,PR,Barranquitas,PR-019,changed,"{""level"": 3}","{""level"": 1}",national,"See national_evidence.PR; country-relative target {""level"": 1, ""parent_id"": null}",https://bvirtualogp.pr.gov/ogp/Bvirtual/LeyesOrganicas/pdf/107-2020.pdf#page=8
5145,PR,Cabo Rojo,PR-023,changed,"{""level"": 3}","{""level"": 1}",national,"See national_evidence.PR; country-relative target {""level"": 1, ""parent_id"": null}",https://bvirtualogp.pr.gov/ogp/Bvirtual/LeyesOrganicas/pdf/107-2020.pdf#page=8
5147,PR,Camuy,PR-027,changed,"{""level"": 3}","{""level"": 1}",national,"See national_evidence.PR; country-relative target {""level"": 1, ""parent_id"": null}",https://bvirtualogp.pr.gov/ogp/Bvirtual/LeyesOrganicas/pdf/107-2020.pdf#page=8
5148,PR,Canóvanas,PR-029,changed,"{""level"": 3}","{""level"": 1}",national,"See national_evidence.PR; country-relative target {""level"": 1, ""parent_id"": null}",https://bvirtualogp.pr.gov/ogp/Bvirtual/LeyesOrganicas/pdf/107-2020.pdf#page=8
5150,PR,Cataño,PR-033,changed,"{""level"": 3}","{""level"": 1}",national,"See national_evidence.PR; country-relative target {""level"": 1, ""parent_id"": null}",https://bvirtualogp.pr.gov/ogp/Bvirtual/LeyesOrganicas/pdf/107-2020.pdf#page=8
5151,PR,Cayey,PR-035,changed,"{""level"": 3}","{""level"": 1}",national,"See national_evidence.PR; country-relative target {""level"": 1, ""parent_id"": null}",https://bvirtualogp.pr.gov/ogp/Bvirtual/LeyesOrganicas/pdf/107-2020.pdf#page=8
5152,PR,Ceiba,PR-037,changed,"{""level"": 3}","{""level"": 1}",national,"See national_evidence.PR; country-relative target {""level"": 1, ""parent_id"": null}",https://bvirtualogp.pr.gov/ogp/Bvirtual/LeyesOrganicas/pdf/107-2020.pdf#page=8
5153,PR,Ciales,PR-039,changed,"{""level"": 3}","{""level"": 1}",national,"See national_evidence.PR; country-relative target {""level"": 1, ""parent_id"": null}",https://bvirtualogp.pr.gov/ogp/Bvirtual/LeyesOrganicas/pdf/107-2020.pdf#page=8
5154,PR,Cidra,PR-041,changed,"{""level"": 3}","{""level"": 1}",national,"See national_evidence.PR; country-relative target {""level"": 1, ""parent_id"": null}",https://bvirtualogp.pr.gov/ogp/Bvirtual/LeyesOrganicas/pdf/107-2020.pdf#page=8
5155,PR,Coamo,PR-043,changed,"{""level"": 3}","{""level"": 1}",national,"See national_evidence.PR; country-relative target {""level"": 1, ""parent_id"": null}",https://bvirtualogp.pr.gov/ogp/Bvirtual/LeyesOrganicas/pdf/107-2020.pdf#page=8
5156,PR,Comerío,PR-045,changed,"{""level"": 3}","{""level"": 1}",national,"See national_evidence.PR; country-relative target {""level"": 1, ""parent_id"": null}",https://bvirtualogp.pr.gov/ogp/Bvirtual/LeyesOrganicas/pdf/107-2020.pdf#page=8
5157,PR,Corozal,PR-047,changed,"{""level"": 3}","{""level"": 1}",national,"See national_evidence.PR; country-relative target {""level"": 1, ""parent_id"": null}",https://bvirtualogp.pr.gov/ogp/Bvirtual/LeyesOrganicas/pdf/107-2020.pdf#page=8
5158,PR,Culebra,PR-049,changed,"{""level"": 3}","{""level"": 1}",national,"See national_evidence.PR; country-relative target {""level"": 1, ""parent_id"": null}",https://bvirtualogp.pr.gov/ogp/Bvirtual/LeyesOrganicas/pdf/107-2020.pdf#page=8
5159,PR,Dorado,PR-051,changed,"{""level"": 3}","{""level"": 1}",national,"See national_evidence.PR; country-relative target {""level"": 1, ""parent_id"": null}",https://bvirtualogp.pr.gov/ogp/Bvirtual/LeyesOrganicas/pdf/107-2020.pdf#page=8
5160,PR,Fajardo,PR-053,changed,"{""level"": 3}","{""level"": 1}",national,"See national_evidence.PR; country-relative target {""level"": 1, ""parent_id"": null}",https://bvirtualogp.pr.gov/ogp/Bvirtual/LeyesOrganicas/pdf/107-2020.pdf#page=8
5161,PR,Florida,PR-054,changed,"{""level"": 3}","{""level"": 1}",national,"See national_evidence.PR; country-relative target {""level"": 1, ""parent_id"": null}",https://bvirtualogp.pr.gov/ogp/Bvirtual/LeyesOrganicas/pdf/107-2020.pdf#page=8
5162,PR,Guánica,PR-055,changed,"{""level"": 3}","{""level"": 1}",national,"See national_evidence.PR; country-relative target {""level"": 1, ""parent_id"": null}",https://bvirtualogp.pr.gov/ogp/Bvirtual/LeyesOrganicas/pdf/107-2020.pdf#page=8
5163,PR,Guayama,PR-057,changed,"{""level"": 3}","{""level"": 1}",national,"See national_evidence.PR; country-relative target {""level"": 1, ""parent_id"": null}",https://bvirtualogp.pr.gov/ogp/Bvirtual/LeyesOrganicas/pdf/107-2020.pdf#page=8
5164,PR,Guayanilla,PR-059,changed,"{""level"": 3}","{""level"": 1}",national,"See national_evidence.PR; country-relative target {""level"": 1, ""parent_id"": null}",https://bvirtualogp.pr.gov/ogp/Bvirtual/LeyesOrganicas/pdf/107-2020.pdf#page=8
5166,PR,Gurabo,PR-063,changed,"{""level"": 3}","{""level"": 1}",national,"See national_evidence.PR; country-relative target {""level"": 1, ""parent_id"": null}",https://bvirtualogp.pr.gov/ogp/Bvirtual/LeyesOrganicas/pdf/107-2020.pdf#page=8
5167,PR,Hatillo,PR-065,changed,"{""level"": 3}","{""level"": 1}",national,"See national_evidence.PR; country-relative target {""level"": 1, ""parent_id"": null}",https://bvirtualogp.pr.gov/ogp/Bvirtual/LeyesOrganicas/pdf/107-2020.pdf#page=8
5168,PR,Hormigueros,PR-067,changed,"{""level"": 3}","{""level"": 1}",national,"See national_evidence.PR; country-relative target {""level"": 1, ""parent_id"": null}",https://bvirtualogp.pr.gov/ogp/Bvirtual/LeyesOrganicas/pdf/107-2020.pdf#page=8
5169,PR,Humacao,PR-069,changed,"{""level"": 3}","{""level"": 1}",national,"See national_evidence.PR; country-relative target {""level"": 1, ""parent_id"": null}",https://bvirtualogp.pr.gov/ogp/Bvirtual/LeyesOrganicas/pdf/107-2020.pdf#page=8
5170,PR,Isabela,PR-071,changed,"{""level"": 3}","{""level"": 1}",national,"See national_evidence.PR; country-relative target {""level"": 1, ""parent_id"": null}",https://bvirtualogp.pr.gov/ogp/Bvirtual/LeyesOrganicas/pdf/107-2020.pdf#page=8
5171,PR,Jayuya,PR-073,changed,"{""level"": 3}","{""level"": 1}",national,"See national_evidence.PR; country-relative target {""level"": 1, ""parent_id"": null}",https://bvirtualogp.pr.gov/ogp/Bvirtual/LeyesOrganicas/pdf/107-2020.pdf#page=8
5172,PR,Juana Díaz,PR-075,changed,"{""level"": 3}","{""level"": 1}",national,"See national_evidence.PR; country-relative target {""level"": 1, ""parent_id"": null}",https://bvirtualogp.pr.gov/ogp/Bvirtual/LeyesOrganicas/pdf/107-2020.pdf#page=8
5173,PR,Juncos,PR-077,changed,"{""level"": 3}","{""level"": 1}",national,"See national_evidence.PR; country-relative target {""level"": 1, ""parent_id"": null}",https://bvirtualogp.pr.gov/ogp/Bvirtual/LeyesOrganicas/pdf/107-2020.pdf#page=8
5174,PR,Lajas,PR-079,changed,"{""level"": 3}","{""level"": 1}",national,"See national_evidence.PR; country-relative target {""level"": 1, ""parent_id"": null}",https://bvirtualogp.pr.gov/ogp/Bvirtual/LeyesOrganicas/pdf/107-2020.pdf#page=8
5175,PR,Lares,PR-081,changed,"{""level"": 3}","{""level"": 1}",national,"See national_evidence.PR; country-relative target {""level"": 1, ""parent_id"": null}",https://bvirtualogp.pr.gov/ogp/Bvirtual/LeyesOrganicas/pdf/107-2020.pdf#page=8
5176,PR,Las Marías,PR-083,changed,"{""level"": 3}","{""level"": 1}",national,"See national_evidence.PR; country-relative target {""level"": 1, ""parent_id"": null}",https://bvirtualogp.pr.gov/ogp/Bvirtual/LeyesOrganicas/pdf/107-2020.pdf#page=8
5177,PR,Las Piedras,PR-085,changed,"{""level"": 3}","{""level"": 1}",national,"See national_evidence.PR; country-relative target {""level"": 1, ""parent_id"": null}",https://bvirtualogp.pr.gov/ogp/Bvirtual/LeyesOrganicas/pdf/107-2020.pdf#page=8
5178,PR,Loíza,PR-087,changed,"{""level"": 3}","{""level"": 1}",national,"See national_evidence.PR; country-relative target {""level"": 1, ""parent_id"": null}",https://bvirtualogp.pr.gov/ogp/Bvirtual/LeyesOrganicas/pdf/107-2020.pdf#page=8
5179,PR,Luquillo,PR-089,changed,"{""level"": 3}","{""level"": 1}",national,"See national_evidence.PR; country-relative target {""level"": 1, ""parent_id"": null}",https://bvirtualogp.pr.gov/ogp/Bvirtual/LeyesOrganicas/pdf/107-2020.pdf#page=8
5180,PR,Manatí,PR-091,changed,"{""level"": 3}","{""level"": 1}",national,"See national_evidence.PR; country-relative target {""level"": 1, ""parent_id"": null}",https://bvirtualogp.pr.gov/ogp/Bvirtual/LeyesOrganicas/pdf/107-2020.pdf#page=8
5181,PR,Maricao,PR-093,changed,"{""level"": 3}","{""level"": 1}",national,"See national_evidence.PR; country-relative target {""level"": 1, ""parent_id"": null}",https://bvirtualogp.pr.gov/ogp/Bvirtual/LeyesOrganicas/pdf/107-2020.pdf#page=8
5182,PR,Maunabo,PR-095,changed,"{""level"": 3}","{""level"": 1}",national,"See national_evidence.PR; country-relative target {""level"": 1, ""parent_id"": null}",https://bvirtualogp.pr.gov/ogp/Bvirtual/LeyesOrganicas/pdf/107-2020.pdf#page=8
5184,PR,Moca,PR-099,changed,"{""level"": 3}","{""level"": 1}",national,"See national_evidence.PR; country-relative target {""level"": 1, ""parent_id"": null}",https://bvirtualogp.pr.gov/ogp/Bvirtual/LeyesOrganicas/pdf/107-2020.pdf#page=8
5185,PR,Morovis,PR-101,changed,"{""level"": 3}","{""level"": 1}",national,"See national_evidence.PR; country-relative target {""level"": 1, ""parent_id"": null}",https://bvirtualogp.pr.gov/ogp/Bvirtual/LeyesOrganicas/pdf/107-2020.pdf#page=8
5186,PR,Naguabo,PR-103,changed,"{""level"": 3}","{""level"": 1}",national,"See national_evidence.PR; country-relative target {""level"": 1, ""parent_id"": null}",https://bvirtualogp.pr.gov/ogp/Bvirtual/LeyesOrganicas/pdf/107-2020.pdf#page=8
5187,PR,Naranjito,PR-105,changed,"{""level"": 3}","{""level"": 1}",national,"See national_evidence.PR; country-relative target {""level"": 1, ""parent_id"": null}",https://bvirtualogp.pr.gov/ogp/Bvirtual/LeyesOrganicas/pdf/107-2020.pdf#page=8
5188,PR,Orocovis,PR-107,changed,"{""level"": 3}","{""level"": 1}",national,"See national_evidence.PR; country-relative target {""level"": 1, ""parent_id"": null}",https://bvirtualogp.pr.gov/ogp/Bvirtual/LeyesOrganicas/pdf/107-2020.pdf#page=8
5189,PR,Patillas,PR-109,changed,"{""level"": 3}","{""level"": 1}",national,"See national_evidence.PR; country-relative target {""level"": 1, ""parent_id"": null}",https://bvirtualogp.pr.gov/ogp/Bvirtual/LeyesOrganicas/pdf/107-2020.pdf#page=8
5190,PR,Peñuelas,PR-111,changed,"{""level"": 3}","{""level"": 1}",national,"See national_evidence.PR; country-relative target {""level"": 1, ""parent_id"": null}",https://bvirtualogp.pr.gov/ogp/Bvirtual/LeyesOrganicas/pdf/107-2020.pdf#page=8
5192,PR,Quebradillas,PR-115,changed,"{""level"": 3}","{""level"": 1}",national,"See national_evidence.PR; country-relative target {""level"": 1, ""parent_id"": null}",https://bvirtualogp.pr.gov/ogp/Bvirtual/LeyesOrganicas/pdf/107-2020.pdf#page=8
5193,PR,Rincón,PR-117,changed,"{""level"": 3}","{""level"": 1}",national,"See national_evidence.PR; country-relative target {""level"": 1, ""parent_id"": null}",https://bvirtualogp.pr.gov/ogp/Bvirtual/LeyesOrganicas/pdf/107-2020.pdf#page=8
5194,PR,Río Grande,PR-119,changed,"{""level"": 3}","{""level"": 1}",national,"See national_evidence.PR; country-relative target {""level"": 1, ""parent_id"": null}",https://bvirtualogp.pr.gov/ogp/Bvirtual/LeyesOrganicas/pdf/107-2020.pdf#page=8
5195,PR,Sabana Grande,PR-121,changed,"{""level"": 3}","{""level"": 1}",national,"See national_evidence.PR; country-relative target {""level"": 1, ""parent_id"": null}",https://bvirtualogp.pr.gov/ogp/Bvirtual/LeyesOrganicas/pdf/107-2020.pdf#page=8
5196,PR,Salinas,PR-123,changed,"{""level"": 3}","{""level"": 1}",national,"See national_evidence.PR; country-relative target {""level"": 1, ""parent_id"": null}",https://bvirtualogp.pr.gov/ogp/Bvirtual/LeyesOrganicas/pdf/107-2020.pdf#page=8
5197,PR,San Germán,PR-125,changed,"{""level"": 3}","{""level"": 1}",national,"See national_evidence.PR; country-relative target {""level"": 1, ""parent_id"": null}",https://bvirtualogp.pr.gov/ogp/Bvirtual/LeyesOrganicas/pdf/107-2020.pdf#page=8
5199,PR,San Lorenzo,PR-129,changed,"{""level"": 3}","{""level"": 1}",national,"See national_evidence.PR; country-relative target {""level"": 1, ""parent_id"": null}",https://bvirtualogp.pr.gov/ogp/Bvirtual/LeyesOrganicas/pdf/107-2020.pdf#page=8
5200,PR,San Sebastián,PR-131,changed,"{""level"": 3}","{""level"": 1}",national,"See national_evidence.PR; country-relative target {""level"": 1, ""parent_id"": null}",https://bvirtualogp.pr.gov/ogp/Bvirtual/LeyesOrganicas/pdf/107-2020.pdf#page=8
5201,PR,Santa Isabel,PR-133,changed,"{""level"": 3}","{""level"": 1}",national,"See national_evidence.PR; country-relative target {""level"": 1, ""parent_id"": null}",https://bvirtualogp.pr.gov/ogp/Bvirtual/LeyesOrganicas/pdf/107-2020.pdf#page=8
5202,PR,Toa Alta,PR-135,changed,"{""level"": 3}","{""level"": 1}",national,"See national_evidence.PR; country-relative target {""level"": 1, ""parent_id"": null}",https://bvirtualogp.pr.gov/ogp/Bvirtual/LeyesOrganicas/pdf/107-2020.pdf#page=8
5205,PR,Utuado,PR-141,changed,"{""level"": 3}","{""level"": 1}",national,"See national_evidence.PR; country-relative target {""level"": 1, ""parent_id"": null}",https://bvirtualogp.pr.gov/ogp/Bvirtual/LeyesOrganicas/pdf/107-2020.pdf#page=8
5206,PR,Vega Alta,PR-143,changed,"{""level"": 3}","{""level"": 1}",national,"See national_evidence.PR; country-relative target {""level"": 1, ""parent_id"": null}",https://bvirtualogp.pr.gov/ogp/Bvirtual/LeyesOrganicas/pdf/107-2020.pdf#page=8
5207,PR,Vega Baja,PR-145,changed,"{""level"": 3}","{""level"": 1}",national,"See national_evidence.PR; country-relative target {""level"": 1, ""parent_id"": null}",https://bvirtualogp.pr.gov/ogp/Bvirtual/LeyesOrganicas/pdf/107-2020.pdf#page=8
5208,PR,Vieques,PR-147,changed,"{""level"": 3}","{""level"": 1}",national,"See national_evidence.PR; country-relative target {""level"": 1, ""parent_id"": null}",https://bvirtualogp.pr.gov/ogp/Bvirtual/LeyesOrganicas/pdf/107-2020.pdf#page=8
5209,PR,Villalba,PR-149,changed,"{""level"": 3}","{""level"": 1}",national,"See national_evidence.PR; country-relative target {""level"": 1, ""parent_id"": null}",https://bvirtualogp.pr.gov/ogp/Bvirtual/LeyesOrganicas/pdf/107-2020.pdf#page=8
5210,PR,Yabucoa,PR-151,changed,"{""level"": 3}","{""level"": 1}",national,"See national_evidence.PR; country-relative target {""level"": 1, ""parent_id"": null}",https://bvirtualogp.pr.gov/ogp/Bvirtual/LeyesOrganicas/pdf/107-2020.pdf#page=8
5211,PR,Yauco,PR-153,changed,"{""level"": 3}","{""level"": 1}",national,"See national_evidence.PR; country-relative target {""level"": 1, ""parent_id"": null}",https://bvirtualogp.pr.gov/ogp/Bvirtual/LeyesOrganicas/pdf/107-2020.pdf#page=8
5118,PS,Bethlehem,PS-BTH,changed,"{""level"": 2}","{""level"": 1}",iso,ISO 3166-2 depth and parent,
5119,PS,Deir El Balah,PS-DEB,changed,"{""level"": 2}","{""level"": 1}",iso,ISO 3166-2 depth and parent,
5120,PS,Gaza,PS-GZA,changed,"{""level"": 2}","{""level"": 1}",iso,ISO 3166-2 depth and parent,
5121,PS,Hebron,PS-HBN,changed,"{""level"": 2}","{""level"": 1}",iso,ISO 3166-2 depth and parent,
5122,PS,Jenin,PS-JEN,changed,"{""level"": 2}","{""level"": 1}",iso,ISO 3166-2 depth and parent,
5123,PS,Jericho ,PS-JRH,changed,"{""level"": 2}","{""level"": 1}",iso,ISO 3166-2 depth and parent,
5124,PS,Jerusalem (Quds),PS-JEM,changed,"{""level"": 2}","{""level"": 1}",iso,ISO 3166-2 depth and parent,
5125,PS,Khan Yunis,PS-KYS,changed,"{""level"": 2}","{""level"": 1}",iso,ISO 3166-2 depth and parent,
5126,PS,Nablus,PS-NBS,changed,"{""level"": 2}","{""level"": 1}",iso,ISO 3166-2 depth and parent,
5127,PS,North Gaza,PS-NGZ,changed,"{""level"": 2}","{""level"": 1}",iso,ISO 3166-2 depth and parent,
5128,PS,Qalqilya,PS-QQA,changed,"{""level"": 2}","{""level"": 1}",iso,ISO 3166-2 depth and parent,
5129,PS,Rafah,PS-RFH,changed,"{""level"": 2}","{""level"": 1}",iso,ISO 3166-2 depth and parent,
5130,PS,Ramallah,PS-RBH,changed,"{""level"": 2}","{""level"": 1}",iso,ISO 3166-2 depth and parent,
5131,PS,Salfit,PS-SLT,changed,"{""level"": 2}","{""level"": 1}",iso,ISO 3166-2 depth and parent,
5132,PS,Tubas,PS-TBS,changed,"{""level"": 2}","{""level"": 1}",iso,ISO 3166-2 depth and parent,
5133,PS,Tulkarm,PS-TKM,changed,"{""level"": 2}","{""level"": 1}",iso,ISO 3166-2 depth and parent,
2228,PT,Lisbon,PT-11,changed,"{""level"": 2}","{""level"": 1}",iso,ISO 3166-2 depth and parent,
2229,PT,Bragança,PT-04,changed,"{""level"": 2}","{""level"": 1}",iso,ISO 3166-2 depth and parent,
2230,PT,Beja,PT-02,changed,"{""level"": 2}","{""level"": 1}",iso,ISO 3166-2 depth and parent,
2232,PT,Portalegre,PT-12,changed,"{""level"": 2}","{""level"": 1}",iso,ISO 3166-2 depth and parent,
2234,PT,Vila Real,PT-17,changed,"{""level"": 2}","{""level"": 1}",iso,ISO 3166-2 depth and parent,
2235,PT,Aveiro,PT-01,changed,"{""level"": 2}","{""level"": 1}",iso,ISO 3166-2 depth and parent,
2236,PT,Évora,PT-07,changed,"{""level"": 2}","{""level"": 1}",iso,ISO 3166-2 depth and parent,
2237,PT,Viseu,PT-18,changed,"{""level"": 2}","{""level"": 1}",iso,ISO 3166-2 depth and parent,
2238,PT,Santarém,PT-14,changed,"{""level"": 2}","{""level"": 1}",iso,ISO 3166-2 depth and parent,
2239,PT,Faro,PT-08,changed,"{""level"": 2}","{""level"": 1}",iso,ISO 3166-2 depth and parent,
2240,PT,Leiria,PT-10,changed,"{""level"": 2}","{""level"": 1}",iso,ISO 3166-2 depth and parent,
2241,PT,Castelo Branco,PT-05,changed,"{""level"": 2}","{""level"": 1}",iso,ISO 3166-2 depth and parent,
2242,PT,Setúbal,PT-15,changed,"{""level"": 2}","{""level"": 1}",iso,ISO 3166-2 depth and parent,
2243,PT,Porto,PT-13,changed,"{""level"": 2}","{""level"": 1}",iso,ISO 3166-2 depth and parent,
2244,PT,Braga,PT-03,changed,"{""level"": 2}","{""level"": 1}",iso,ISO 3166-2 depth and parent,
2245,PT,Viana do Castelo,PT-16,changed,"{""level"": 2}","{""level"": 1}",iso,ISO 3166-2 depth and parent,
2246,PT,Coimbra,PT-06,changed,"{""level"": 2}","{""level"": 1}",iso,ISO 3166-2 depth and parent,
4859,PT,Guarda,PT-09,changed,"{""level"": null}","{""level"": 1}",iso,ISO 3166-2 depth and parent,
4526,PW,Peleliu,PW-350,changed,"{""level"": null}","{""level"": 1}",iso,ISO 3166-2 depth and parent,
4527,PW,Ngardmau,PW-222,changed,"{""level"": null}","{""level"": 1}",iso,ISO 3166-2 depth and parent,
4528,PW,Airai,PW-004,changed,"{""level"": null}","{""level"": 1}",iso,ISO 3166-2 depth and parent,
4529,PW,Hatohobei,PW-050,changed,"{""level"": null}","{""level"": 1}",iso,ISO 3166-2 depth and parent,
4530,PW,Melekeok,PW-212,changed,"{""level"": null}","{""level"": 1}",iso,ISO 3166-2 depth and parent,
4531,PW,Ngatpang,PW-224,changed,"{""level"": null}","{""level"": 1}",iso,ISO 3166-2 depth and parent,
4532,PW,Koror,PW-150,changed,"{""level"": null}","{""level"": 1}",iso,ISO 3166-2 depth and parent,
4533,PW,Ngarchelong,PW-218,changed,"{""level"": null}","{""level"": 1}",iso,ISO 3166-2 depth and parent,
4534,PW,Ngiwal,PW-228,changed,"{""level"": null}","{""level"": 1}",iso,ISO 3166-2 depth and parent,
4535,PW,Sonsorol,PW-370,changed,"{""level"": null}","{""level"": 1}",iso,ISO 3166-2 depth and parent,
4536,PW,Ngchesar,PW-226,changed,"{""level"": null}","{""level"": 1}",iso,ISO 3166-2 depth and parent,
4537,PW,Ngaraard,PW-214,changed,"{""level"": null}","{""level"": 1}",iso,ISO 3166-2 depth and parent,
4538,PW,Angaur,PW-010,changed,"{""level"": null}","{""level"": 1}",iso,ISO 3166-2 depth and parent,
4539,PW,Kayangel,PW-100,changed,"{""level"": null}","{""level"": 1}",iso,ISO 3166-2 depth and parent,
4540,PW,Aimeliik,PW-002,changed,"{""level"": null}","{""level"": 1}",iso,ISO 3166-2 depth and parent,
4541,PW,Ngeremlengui,PW-227,changed,"{""level"": null}","{""level"": 1}",iso,ISO 3166-2 depth and parent,
2770,PY,Presidente Hayes,PY-15,changed,"{""level"": null}","{""level"": 1}",iso,ISO 3166-2 depth and parent,
2771,PY,Canindeyú,PY-14,changed,"{""level"": null}","{""level"": 1}",iso,ISO 3166-2 depth and parent,
2772,PY,Guairá,PY-4,changed,"{""level"": null}","{""level"": 1}",iso,ISO 3166-2 depth and parent,
2773,PY,Caaguazú,PY-5,changed,"{""level"": null}","{""level"": 1}",iso,ISO 3166-2 depth and parent,
2774,PY,Paraguarí,PY-9,changed,"{""level"": null}","{""level"": 1}",iso,ISO 3166-2 depth and parent,
2775,PY,Caazapá,PY-6,changed,"{""level"": null}","{""level"": 1}",iso,ISO 3166-2 depth and parent,
2776,PY,San Pedro,PY-2,changed,"{""level"": null}","{""level"": 1}",iso,ISO 3166-2 depth and parent,
2777,PY,Central,PY-11,changed,"{""level"": null}","{""level"": 1}",iso,ISO 3166-2 depth and parent,
2778,PY,Itapúa,PY-7,changed,"{""level"": null}","{""level"": 1}",iso,ISO 3166-2 depth and parent,
2779,PY,Concepción,PY-1,changed,"{""level"": null}","{""level"": 1}",iso,ISO 3166-2 depth and parent,
2780,PY,Boquerón,PY-19,changed,"{""level"": null}","{""level"": 1}",iso,ISO 3166-2 depth and parent,
2781,PY,Ñeembucú,PY-12,changed,"{""level"": null}","{""level"": 1}",iso,ISO 3166-2 depth and parent,
2782,PY,Amambay,PY-13,changed,"{""level"": null}","{""level"": 1}",iso,ISO 3166-2 depth and parent,
2783,PY,Cordillera,PY-3,changed,"{""level"": null}","{""level"": 1}",iso,ISO 3166-2 depth and parent,
2784,PY,Alto Paraná,PY-10,changed,"{""level"": null}","{""level"": 1}",iso,ISO 3166-2 depth and parent,
2785,PY,Alto Paraguay,PY-16,changed,"{""level"": null}","{""level"": 1}",iso,ISO 3166-2 depth and parent,
2786,PY,Misiones,PY-8,changed,"{""level"": null}","{""level"": 1}",iso,ISO 3166-2 depth and parent,
5221,PY,Asuncion,PY-ASU,changed,"{""level"": null}","{""level"": 1}",iso,ISO 3166-2 depth and parent,
3177,QA,Al Rayyan,QA-RA,changed,"{""level"": null}","{""level"": 1}",iso,ISO 3166-2 depth and parent,
3178,QA,Al-Shahaniya,QA-SH,changed,"{""level"": null}","{""level"": 1}",iso,ISO 3166-2 depth and parent,
3179,QA,Al Wakrah,QA-WA,changed,"{""level"": null}","{""level"": 1}",iso,ISO 3166-2 depth and parent,
3180,QA,Madinat ash Shamal,QA-MS,changed,"{""level"": null}","{""level"": 1}",iso,ISO 3166-2 depth and parent,
3181,QA,Doha,QA-DA,changed,"{""level"": null}","{""level"": 1}",iso,ISO 3166-2 depth and parent,
3182,QA,Al Daayen,QA-ZA,changed,"{""level"": null}","{""level"": 1}",iso,ISO 3166-2 depth and parent,
3183,QA,Al Khor,QA-KH,changed,"{""level"": null}","{""level"": 1}",iso,ISO 3166-2 depth and parent,
3184,QA,Umm Salal,QA-US,changed,"{""level"": null}","{""level"": 1}",iso,ISO 3166-2 depth and parent,
5436,RE,Saint-Benoît,RE-01,held,"{""level"": null, ""parent_id"": null}",,held_unverified,No current official national source establishing this row's hierarchy was verified; absent from the supplied ISO mirror. Retain existing level and parent; code/identity review is outside this round.,https://github.com/dr5hn/countries-states-cities-database/blob/85fb8848193db488eb7156d5b7c4d70f395a1c9f/.github/fixes-docs/FIX_1643_SUMMARY.md
5437,RE,Saint-Denis,RE-02,held,"{""level"": null, ""parent_id"": null}",,held_unverified,No current official national source establishing this row's hierarchy was verified; absent from the supplied ISO mirror. Retain existing level and parent; code/identity review is outside this round.,https://github.com/dr5hn/countries-states-cities-database/blob/85fb8848193db488eb7156d5b7c4d70f395a1c9f/.github/fixes-docs/FIX_1643_SUMMARY.md
5438,RE,Saint-Paul,RE-03,held,"{""level"": null, ""parent_id"": null}",,held_unverified,No current official national source establishing this row's hierarchy was verified; absent from the supplied ISO mirror. Retain existing level and parent; code/identity review is outside this round.,https://github.com/dr5hn/countries-states-cities-database/blob/85fb8848193db488eb7156d5b7c4d70f395a1c9f/.github/fixes-docs/FIX_1643_SUMMARY.md
5439,RE,Saint-Pierre,RE-04,held,"{""level"": null, ""parent_id"": null}",,held_unverified,No current official national source establishing this row's hierarchy was verified; absent from the supplied ISO mirror. Retain existing level and parent; code/identity review is outside this round.,https://github.com/dr5hn/countries-states-cities-database/blob/85fb8848193db488eb7156d5b7c4d70f395a1c9f/.github/fixes-docs/FIX_1643_SUMMARY.md
4720,RO,Suceava,RO-SV,changed,"{""level"": null}","{""level"": 1}",iso,ISO 3166-2 depth and parent,
4721,RO,Hunedoara,RO-HD,changed,"{""level"": null}","{""level"": 1}",iso,ISO 3166-2 depth and parent,
4722,RO,Argeș,RO-AG,changed,"{""level"": null}","{""level"": 1}",iso,ISO 3166-2 depth and parent,
4723,RO,Bihor,RO-BH,changed,"{""level"": null}","{""level"": 1}",iso,ISO 3166-2 depth and parent,
4724,RO,Alba,RO-AB,changed,"{""level"": null}","{""level"": 1}",iso,ISO 3166-2 depth and parent,
4725,RO,Ilfov,RO-IF,changed,"{""level"": null}","{""level"": 1}",iso,ISO 3166-2 depth and parent,
4726,RO,Giurgiu,RO-GR,changed,"{""level"": null}","{""level"": 1}",iso,ISO 3166-2 depth and parent,
4727,RO,Tulcea,RO-TL,changed,"{""level"": null}","{""level"": 1}",iso,ISO 3166-2 depth and parent,
4728,RO,Teleorman,RO-TR,changed,"{""level"": null}","{""level"": 1}",iso,ISO 3166-2 depth and parent,
4729,RO,Prahova,RO-PH,changed,"{""level"": null}","{""level"": 1}",iso,ISO 3166-2 depth and parent,
4730,RO,Bucharest,RO-B,changed,"{""level"": null}","{""level"": 1}",iso,ISO 3166-2 depth and parent,
4731,RO,Neamț,RO-NT,changed,"{""level"": null}","{""level"": 1}",iso,ISO 3166-2 depth and parent,
4732,RO,Călărași,RO-CL,changed,"{""level"": null}","{""level"": 1}",iso,ISO 3166-2 depth and parent,
4733,RO,Bistrița-Năsăud,RO-BN,changed,"{""level"": null}","{""level"": 1}",iso,ISO 3166-2 depth and parent,
4734,RO,Cluj,RO-CJ,changed,"{""level"": null}","{""level"": 1}",iso,ISO 3166-2 depth and parent,
4735,RO,Iași,RO-IS,changed,"{""level"": null}","{""level"": 1}",iso,ISO 3166-2 depth and parent,
4736,RO,Brăila,RO-BR,changed,"{""level"": null}","{""level"": 1}",iso,ISO 3166-2 depth and parent,
4737,RO,Constanța,RO-CT,changed,"{""level"": null}","{""level"": 1}",iso,ISO 3166-2 depth and parent,
4738,RO,Olt,RO-OT,changed,"{""level"": null}","{""level"": 1}",iso,ISO 3166-2 depth and parent,
4739,RO,Arad,RO-AR,changed,"{""level"": null}","{""level"": 1}",iso,ISO 3166-2 depth and parent,
4740,RO,Botoșani,RO-BT,changed,"{""level"": null}","{""level"": 1}",iso,ISO 3166-2 depth and parent,
4741,RO,Sălaj,RO-SJ,changed,"{""level"": null}","{""level"": 1}",iso,ISO 3166-2 depth and parent,
4742,RO,Dolj,RO-DJ,changed,"{""level"": null}","{""level"": 1}",iso,ISO 3166-2 depth and parent,
4743,RO,Ialomița,RO-IL,changed,"{""level"": null}","{""level"": 1}",iso,ISO 3166-2 depth and parent,
4744,RO,Bacău,RO-BC,changed,"{""level"": null}","{""level"": 1}",iso,ISO 3166-2 depth and parent,
4745,RO,Dâmbovița,RO-DB,changed,"{""level"": null}","{""level"": 1}",iso,ISO 3166-2 depth and parent,
4746,RO,Satu Mare,RO-SM,changed,"{""level"": null}","{""level"": 1}",iso,ISO 3166-2 depth and parent,
4747,RO,Galați,RO-GL,changed,"{""level"": null}","{""level"": 1}",iso,ISO 3166-2 depth and parent,
4748,RO,Timiș,RO-TM,changed,"{""level"": null}","{""level"": 1}",iso,ISO 3166-2 depth and parent,
4749,RO,Harghita,RO-HR,changed,"{""level"": null}","{""level"": 1}",iso,ISO 3166-2 depth and parent,
4750,RO,Gorj,RO-GJ,changed,"{""level"": null}","{""level"": 1}",iso,ISO 3166-2 depth and parent,
4751,RO,Mehedinți,RO-MH,changed,"{""level"": null}","{""level"": 1}",iso,ISO 3166-2 depth and parent,
4752,RO,Vaslui,RO-VS,changed,"{""level"": null}","{""level"": 1}",iso,ISO 3166-2 depth and parent,
4753,RO,Caraș-Severin,RO-CS,changed,"{""level"": null}","{""level"": 1}",iso,ISO 3166-2 depth and parent,
4754,RO,Covasna,RO-CV,changed,"{""level"": null}","{""level"": 1}",iso,ISO 3166-2 depth and parent,
4755,RO,Sibiu,RO-SB,changed,"{""level"": null}","{""level"": 1}",iso,ISO 3166-2 depth and parent,
4756,RO,Buzău,RO-BZ,changed,"{""level"": null}","{""level"": 1}",iso,ISO 3166-2 depth and parent,
4757,RO,Vâlcea,RO-VL,changed,"{""level"": null}","{""level"": 1}",iso,ISO 3166-2 depth and parent,
4758,RO,Vrancea,RO-VN,changed,"{""level"": null}","{""level"": 1}",iso,ISO 3166-2 depth and parent,
4759,RO,Brașov,RO-BV,changed,"{""level"": null}","{""level"": 1}",iso,ISO 3166-2 depth and parent,
4760,RO,Maramureș,RO-MM,changed,"{""level"": null}","{""level"": 1}",iso,ISO 3166-2 depth and parent,
4915,RO,Mureș,RO-MS,changed,"{""level"": null}","{""level"": 1}",iso,ISO 3166-2 depth and parent,
3711,RS,South Bačka,RS-06,changed,"{""level"": null, ""parent_id"": null}","{""level"": 2, ""parent_id"": 3733}",iso,ISO 3166-2 depth and parent,
3712,RS,Pirot,RS-22,changed,"{""level"": null}","{""level"": 1}",iso,ISO 3166-2 depth and parent,
3713,RS,South Banat,RS-04,changed,"{""level"": null, ""parent_id"": null}","{""level"": 2, ""parent_id"": 3733}",iso,ISO 3166-2 depth and parent,
3714,RS,North Bačka,RS-01,changed,"{""level"": null, ""parent_id"": null}","{""level"": 2, ""parent_id"": 3733}",iso,ISO 3166-2 depth and parent,
3715,RS,Jablanica,RS-23,changed,"{""level"": null}","{""level"": 1}",iso,ISO 3166-2 depth and parent,
3716,RS,Central Banat,RS-02,changed,"{""level"": null, ""parent_id"": null}","{""level"": 2, ""parent_id"": 3733}",iso,ISO 3166-2 depth and parent,
3717,RS,Bor,RS-14,changed,"{""level"": null}","{""level"": 1}",iso,ISO 3166-2 depth and parent,
3718,RS,Toplica,RS-21,changed,"{""level"": null}","{""level"": 1}",iso,ISO 3166-2 depth and parent,
3719,RS,Mačva,RS-08,changed,"{""level"": null}","{""level"": 1}",iso,ISO 3166-2 depth and parent,
3720,RS,Rasina,RS-19,changed,"{""level"": null}","{""level"": 1}",iso,ISO 3166-2 depth and parent,
3721,RS,Pčinja,RS-24,changed,"{""level"": null}","{""level"": 1}",iso,ISO 3166-2 depth and parent,
3722,RS,Nišava,RS-20,changed,"{""level"": null}","{""level"": 1}",iso,ISO 3166-2 depth and parent,
3724,RS,Kolubara,RS-09,changed,"{""level"": null}","{""level"": 1}",iso,ISO 3166-2 depth and parent,
3725,RS,Raška,RS-18,changed,"{""level"": null}","{""level"": 1}",iso,ISO 3166-2 depth and parent,
3726,RS,West Bačka,RS-05,changed,"{""level"": null, ""parent_id"": null}","{""level"": 2, ""parent_id"": 3733}",iso,ISO 3166-2 depth and parent,
3727,RS,Moravica,RS-17,changed,"{""level"": null}","{""level"": 1}",iso,ISO 3166-2 depth and parent,
3728,RS,Belgrade,RS-00,changed,"{""level"": null}","{""level"": 1}",iso,ISO 3166-2 depth and parent,
3729,RS,Zlatibor,RS-16,changed,"{""level"": null}","{""level"": 1}",iso,ISO 3166-2 depth and parent,
3731,RS,Zaječar,RS-15,changed,"{""level"": null}","{""level"": 1}",iso,ISO 3166-2 depth and parent,
3732,RS,Braničevo,RS-11,changed,"{""level"": null}","{""level"": 1}",iso,ISO 3166-2 depth and parent,
3733,RS,Vojvodina,RS-VO,changed,"{""level"": null}","{""level"": 1}",iso,ISO 3166-2 depth and parent,
3734,RS,Šumadija,RS-12,changed,"{""level"": null}","{""level"": 1}",iso,ISO 3166-2 depth and parent,
3736,RS,North Banat,RS-03,changed,"{""level"": null, ""parent_id"": null}","{""level"": 2, ""parent_id"": 3733}",iso,ISO 3166-2 depth and parent,
3737,RS,Pomoravlje,RS-13,changed,"{""level"": null}","{""level"": 1}",iso,ISO 3166-2 depth and parent,
3740,RS,Srem,RS-07,changed,"{""level"": null, ""parent_id"": null}","{""level"": 2, ""parent_id"": 3733}",iso,ISO 3166-2 depth and parent,
3741,RS,Podunavlje,RS-10,changed,"{""level"": null}","{""level"": 1}",iso,ISO 3166-2 depth and parent,
5688,RS,Kosovo-Metohija,RS-KM,held,"{""level"": null, ""parent_id"": null}",,held_geopolitical,Preserve prior RS/XK territorial-policy hold. Do not assign numeric depth or a Kosovo-Metohija parent through the mirror in this round.,https://github.com/dr5hn/countries-states-cities-database/blob/85fb8848193db488eb7156d5b7c4d70f395a1c9f/ADMINISTRATIVE_STRUCTURE.md
5689,RS,Kosovo,RS-25,held,"{""level"": null, ""parent_id"": null}",,held_geopolitical,Preserve prior RS/XK territorial-policy hold. Do not assign numeric depth or a Kosovo-Metohija parent through the mirror in this round.,https://github.com/dr5hn/countries-states-cities-database/blob/85fb8848193db488eb7156d5b7c4d70f395a1c9f/ADMINISTRATIVE_STRUCTURE.md
5690,RS,Peć,RS-26,held,"{""level"": null, ""parent_id"": null}",,held_geopolitical,Preserve prior RS/XK territorial-policy hold. Do not assign numeric depth or a Kosovo-Metohija parent through the mirror in this round.,https://github.com/dr5hn/countries-states-cities-database/blob/85fb8848193db488eb7156d5b7c4d70f395a1c9f/ADMINISTRATIVE_STRUCTURE.md
5691,RS,Prizren,RS-27,held,"{""level"": null, ""parent_id"": null}",,held_geopolitical,Preserve prior RS/XK territorial-policy hold. Do not assign numeric depth or a Kosovo-Metohija parent through the mirror in this round.,https://github.com/dr5hn/countries-states-cities-database/blob/85fb8848193db488eb7156d5b7c4d70f395a1c9f/ADMINISTRATIVE_STRUCTURE.md
5692,RS,Kosovska Mitrovica,RS-28,held,"{""level"": null, ""parent_id"": null}",,held_geopolitical,Preserve prior RS/XK territorial-policy hold. Do not assign numeric depth or a Kosovo-Metohija parent through the mirror in this round.,https://github.com/dr5hn/countries-states-cities-database/blob/85fb8848193db488eb7156d5b7c4d70f395a1c9f/ADMINISTRATIVE_STRUCTURE.md
5693,RS,Kosovo-Pomoravlje,RS-29,held,"{""level"": null, ""parent_id"": null}",,held_geopolitical,Preserve prior RS/XK territorial-policy hold. Do not assign numeric depth or a Kosovo-Metohija parent through the mirror in this round.,https://github.com/dr5hn/countries-states-cities-database/blob/85fb8848193db488eb7156d5b7c4d70f395a1c9f/ADMINISTRATIVE_STRUCTURE.md
1833,RU,Primorsky,RU-PRI,changed,"{""level"": 2}","{""level"": 1}",iso,ISO 3166-2 depth and parent,
1834,RU,Novgorod,RU-NGR,changed,"{""level"": 2}","{""level"": 1}",iso,ISO 3166-2 depth and parent,
1836,RU,Nenets,RU-NEN,changed,"{""level"": 3}","{""level"": 1}",iso,ISO 3166-2 depth and parent,
1837,RU,Rostov,RU-ROS,changed,"{""level"": 2}","{""level"": 1}",iso,ISO 3166-2 depth and parent,
1838,RU,Khanty-Mansi,RU-KHM,changed,"{""level"": 2}","{""level"": 1}",iso,ISO 3166-2 depth and parent,
1839,RU,Magadan,RU-MAG,changed,"{""level"": 2}","{""level"": 1}",iso,ISO 3166-2 depth and parent,
1840,RU,Krasnoyarsk,RU-KYA,changed,"{""level"": 2}","{""level"": 1}",iso,ISO 3166-2 depth and parent,
1843,RU,Murmansk,RU-MUR,changed,"{""level"": 2}","{""level"": 1}",iso,ISO 3166-2 depth and parent,
1844,RU,Kaluga,RU-KLU,changed,"{""level"": 2}","{""level"": 1}",iso,ISO 3166-2 depth and parent,
1845,RU,Chelyabinsk,RU-CHE,changed,"{""level"": 2}","{""level"": 1}",iso,ISO 3166-2 depth and parent,
1846,RU,Omsk,RU-OMS,changed,"{""level"": 2}","{""level"": 1}",iso,ISO 3166-2 depth and parent,
1847,RU,Yamalo-Nenets,RU-YAN,changed,"{""level"": 2}","{""level"": 1}",iso,ISO 3166-2 depth and parent,
1849,RU,Arkhangelsk,RU-ARK,changed,"{""level"": 2}","{""level"": 1}",iso,ISO 3166-2 depth and parent,
1851,RU,Yaroslavl,RU-YAR,changed,"{""level"": 2}","{""level"": 1}",iso,ISO 3166-2 depth and parent,
1855,RU,Kursk,RU-KRS,changed,"{""level"": 2}","{""level"": 1}",iso,ISO 3166-2 depth and parent,
1856,RU,Ulyanovsk,RU-ULY,changed,"{""level"": 2}","{""level"": 1}",iso,ISO 3166-2 depth and parent,
1857,RU,Nizhny Novgorod,RU-NIZ,changed,"{""level"": 2}","{""level"": 1}",iso,ISO 3166-2 depth and parent,
1858,RU,Amur,RU-AMU,changed,"{""level"": 2}","{""level"": 1}",iso,ISO 3166-2 depth and parent,
1859,RU,Chukotka,RU-CHU,changed,"{""level"": 2}","{""level"": 1}",iso,ISO 3166-2 depth and parent,
1860,RU,Tver,RU-TVE,changed,"{""level"": 2}","{""level"": 1}",iso,ISO 3166-2 depth and parent,
1862,RU,Samara,RU-SAM,changed,"{""level"": 2}","{""level"": 1}",iso,ISO 3166-2 depth and parent,
1863,RU,Pskov,RU-PSK,changed,"{""level"": 2}","{""level"": 1}",iso,ISO 3166-2 depth and parent,
1864,RU,Ivanovo,RU-IVA,changed,"{""level"": 2}","{""level"": 1}",iso,ISO 3166-2 depth and parent,
1865,RU,Kamchatka,RU-KAM,changed,"{""level"": 2}","{""level"": 1}",iso,ISO 3166-2 depth and parent,
1866,RU,Astrakhan,RU-AST,changed,"{""level"": 2}","{""level"": 1}",iso,ISO 3166-2 depth and parent,
1867,RU,Bryansk,RU-BRY,changed,"{""level"": 2}","{""level"": 1}",iso,ISO 3166-2 depth and parent,
1868,RU,Stavropol,RU-STA,changed,"{""level"": 2}","{""level"": 1}",iso,ISO 3166-2 depth and parent,
1871,RU,Perm,RU-PER,changed,"{""level"": 2}","{""level"": 1}",iso,ISO 3166-2 depth and parent,
1872,RU,Tomsk,RU-TOM,changed,"{""level"": 2}","{""level"": 1}",iso,ISO 3166-2 depth and parent,
1873,RU,Khabarovsk,RU-KHA,changed,"{""level"": 2}","{""level"": 1}",iso,ISO 3166-2 depth and parent,
1874,RU,Vologda,RU-VLG,changed,"{""level"": 2}","{""level"": 1}",iso,ISO 3166-2 depth and parent,
1875,RU,Sakhalin,RU-SAK,changed,"{""level"": 2}","{""level"": 1}",iso,ISO 3166-2 depth and parent,
1878,RU,Tambov,RU-TAM,changed,"{""level"": 2}","{""level"": 1}",iso,ISO 3166-2 depth and parent,
1879,RU,Saint Petersburg,RU-SPE,changed,"{""level"": 3}","{""level"": 1}",iso,ISO 3166-2 depth and parent,
1880,RU,Irkutsk,RU-IRK,changed,"{""level"": 2}","{""level"": 1}",iso,ISO 3166-2 depth and parent,
1881,RU,Vladimir,RU-VLA,changed,"{""level"": 2}","{""level"": 1}",iso,ISO 3166-2 depth and parent,
1882,RU,Moscow,RU-MOS,changed,"{""level"": 2}","{""level"": 1}",iso,ISO 3166-2 depth and parent,
1885,RU,Smolensk,RU-SMO,changed,"{""level"": 2}","{""level"": 1}",iso,ISO 3166-2 depth and parent,
1886,RU,Orenburg,RU-ORE,changed,"{""level"": 2}","{""level"": 1}",iso,ISO 3166-2 depth and parent,
1887,RU,Saratov,RU-SAR,changed,"{""level"": 2}","{""level"": 1}",iso,ISO 3166-2 depth and parent,
1888,RU,Novosibirsk,RU-NVS,changed,"{""level"": 2}","{""level"": 1}",iso,ISO 3166-2 depth and parent,
1889,RU,Lipetsk,RU-LIP,changed,"{""level"": 2}","{""level"": 1}",iso,ISO 3166-2 depth and parent,
1890,RU,Kirov,RU-KIR,changed,"{""level"": 2}","{""level"": 1}",iso,ISO 3166-2 depth and parent,
1891,RU,Krasnodar,RU-KDA,changed,"{""level"": 2}","{""level"": 1}",iso,ISO 3166-2 depth and parent,
1894,RU,Sverdlovsk,RU-SVE,changed,"{""level"": 2}","{""level"": 1}",iso,ISO 3166-2 depth and parent,
1895,RU,Tula,RU-TUL,changed,"{""level"": 2}","{""level"": 1}",iso,ISO 3166-2 depth and parent,
1896,RU,Leningrad,RU-LEN,changed,"{""level"": 2}","{""level"": 1}",iso,ISO 3166-2 depth and parent,
1897,RU,Kemerovo,RU-KEM,changed,"{""level"": 2}","{""level"": 1}",iso,ISO 3166-2 depth and parent,
1901,RU,Moscow,RU-MOW,changed,"{""level"": 3}","{""level"": 1}",iso,ISO 3166-2 depth and parent,
1902,RU,Kaliningrad,RU-KGD,changed,"{""level"": 2}","{""level"": 1}",iso,ISO 3166-2 depth and parent,
1903,RU,Belgorod,RU-BEL,changed,"{""level"": 2}","{""level"": 1}",iso,ISO 3166-2 depth and parent,
1904,RU,Zabaykalsky,RU-ZAB,changed,"{""level"": 2}","{""level"": 1}",iso,ISO 3166-2 depth and parent,
1905,RU,Ryazan,RU-RYA,changed,"{""level"": 2}","{""level"": 1}",iso,ISO 3166-2 depth and parent,
1906,RU,Voronezh,RU-VOR,changed,"{""level"": 2}","{""level"": 1}",iso,ISO 3166-2 depth and parent,
1907,RU,Tyumen,RU-TYU,changed,"{""level"": 2}","{""level"": 1}",iso,ISO 3166-2 depth and parent,
1908,RU,Oryol,RU-ORL,changed,"{""level"": 2}","{""level"": 1}",iso,ISO 3166-2 depth and parent,
1909,RU,Penza,RU-PNZ,changed,"{""level"": 2}","{""level"": 1}",iso,ISO 3166-2 depth and parent,
1910,RU,Kostroma,RU-KOS,changed,"{""level"": 2}","{""level"": 1}",iso,ISO 3166-2 depth and parent,
1911,RU,Altai,RU-ALT,changed,"{""level"": 2}","{""level"": 1}",iso,ISO 3166-2 depth and parent,
1915,RU,Kurgan,RU-KGN,changed,"{""level"": 2}","{""level"": 1}",iso,ISO 3166-2 depth and parent,
4916,RU,Volgograd Oblast,RU-VGG,changed,"{""level"": null}","{""level"": 1}",iso,ISO 3166-2 depth and parent,
259,RW,Southern,RW-05,changed,"{""level"": null}","{""level"": 1}",iso,ISO 3166-2 depth and parent,
260,RW,Western,RW-04,changed,"{""level"": null}","{""level"": 1}",iso,ISO 3166-2 depth and parent,
261,RW,Eastern,RW-02,changed,"{""level"": null}","{""level"": 1}",iso,ISO 3166-2 depth and parent,
262,RW,Kigali,RW-01,changed,"{""level"": null}","{""level"": 1}",iso,ISO 3166-2 depth and parent,
263,RW,Northern,RW-03,changed,"{""level"": null}","{""level"": 1}",iso,ISO 3166-2 depth and parent,
2849,SA,Riyadh,SA-01,changed,"{""level"": null}","{""level"": 1}",iso,ISO 3166-2 depth and parent,
2850,SA,Makkah,SA-02,changed,"{""level"": null}","{""level"": 1}",iso,ISO 3166-2 depth and parent,
2851,SA,Al Madinah,SA-03,changed,"{""level"": null}","{""level"": 1}",iso,ISO 3166-2 depth and parent,
2852,SA,Tabuk,SA-07,changed,"{""level"": null}","{""level"": 1}",iso,ISO 3166-2 depth and parent,
2853,SA,Asir,SA-14,changed,"{""level"": null}","{""level"": 1}",iso,ISO 3166-2 depth and parent,
2854,SA,Northern Borders,SA-08,changed,"{""level"": null}","{""level"": 1}",iso,ISO 3166-2 depth and parent,
2855,SA,Ha'il,SA-06,changed,"{""level"": null}","{""level"": 1}",iso,ISO 3166-2 depth and parent,
2856,SA,Eastern Province,SA-04,changed,"{""level"": null}","{""level"": 1}",iso,ISO 3166-2 depth and parent,
2857,SA,Al Jawf,SA-12,changed,"{""level"": null}","{""level"": 1}",iso,ISO 3166-2 depth and parent,
2858,SA,Jizan,SA-09,changed,"{""level"": null}","{""level"": 1}",iso,ISO 3166-2 depth and parent,
2859,SA,Al Bahah,SA-11,changed,"{""level"": null}","{""level"": 1}",iso,ISO 3166-2 depth and parent,
2860,SA,Najran,SA-10,changed,"{""level"": null}","{""level"": 1}",iso,ISO 3166-2 depth and parent,
2861,SA,Al-Qassim,SA-05,changed,"{""level"": null}","{""level"": 1}",iso,ISO 3166-2 depth and parent,
4778,SB,Honiara,SB-CT,changed,"{""level"": null}","{""level"": 1}",iso,ISO 3166-2 depth and parent,
4779,SB,Temotu,SB-TE,changed,"{""level"": null}","{""level"": 1}",iso,ISO 3166-2 depth and parent,
4780,SB,Isabel,SB-IS,changed,"{""level"": null}","{""level"": 1}",iso,ISO 3166-2 depth and parent,
4781,SB,Choiseul,SB-CH,changed,"{""level"": null}","{""level"": 1}",iso,ISO 3166-2 depth and parent,
4782,SB,Makira-Ulawa,SB-MK,changed,"{""level"": null}","{""level"": 1}",iso,ISO 3166-2 depth and parent,
4783,SB,Malaita,SB-ML,changed,"{""level"": null}","{""level"": 1}",iso,ISO 3166-2 depth and parent,
4784,SB,Central,SB-CE,changed,"{""level"": null}","{""level"": 1}",iso,ISO 3166-2 depth and parent,
4785,SB,Guadalcanal,SB-GU,changed,"{""level"": null}","{""level"": 1}",iso,ISO 3166-2 depth and parent,
4786,SB,Western,SB-WE,changed,"{""level"": null}","{""level"": 1}",iso,ISO 3166-2 depth and parent,
4787,SB,Rennell and Bellona,SB-RB,changed,"{""level"": null}","{""level"": 1}",iso,ISO 3166-2 depth and parent,
494,SC,Mont Buxton,SC-17,changed,"{""level"": null}","{""level"": 1}",iso,ISO 3166-2 depth and parent,
495,SC,La Digue,SC-15,changed,"{""level"": null}","{""level"": 1}",iso,ISO 3166-2 depth and parent,
496,SC,Saint Louis,SC-22,changed,"{""level"": null}","{""level"": 1}",iso,ISO 3166-2 depth and parent,
497,SC,Baie Lazare,SC-06,changed,"{""level"": null}","{""level"": 1}",iso,ISO 3166-2 depth and parent,
498,SC,Mont Fleuri,SC-18,changed,"{""level"": null}","{""level"": 1}",iso,ISO 3166-2 depth and parent,
499,SC,Les Mamelles,SC-24,changed,"{""level"": null}","{""level"": 1}",iso,ISO 3166-2 depth and parent,
500,SC,Grand'Anse Mahé,SC-13,changed,"{""level"": null}","{""level"": 1}",iso,ISO 3166-2 depth and parent,
501,SC,Roche Caiman,SC-25,changed,"{""level"": null}","{""level"": 1}",iso,ISO 3166-2 depth and parent,
502,SC,Anse Royale,SC-05,changed,"{""level"": null}","{""level"": 1}",iso,ISO 3166-2 depth and parent,
503,SC,Glacis,SC-12,changed,"{""level"": null}","{""level"": 1}",iso,ISO 3166-2 depth and parent,
504,SC,Grand'Anse Praslin,SC-14,changed,"{""level"": null}","{""level"": 1}",iso,ISO 3166-2 depth and parent,
505,SC,Bel Ombre,SC-10,changed,"{""level"": null}","{""level"": 1}",iso,ISO 3166-2 depth and parent,
506,SC,Anse-aux-Pins,SC-01,changed,"{""level"": null}","{""level"": 1}",iso,ISO 3166-2 depth and parent,
507,SC,Port Glaud,SC-21,changed,"{""level"": null}","{""level"": 1}",iso,ISO 3166-2 depth and parent,
508,SC,Au Cap,SC-04,changed,"{""level"": null}","{""level"": 1}",iso,ISO 3166-2 depth and parent,
509,SC,Takamaka,SC-23,changed,"{""level"": null}","{""level"": 1}",iso,ISO 3166-2 depth and parent,
510,SC,Pointe La Rue,SC-20,changed,"{""level"": null}","{""level"": 1}",iso,ISO 3166-2 depth and parent,
511,SC,Plaisance,SC-19,changed,"{""level"": null}","{""level"": 1}",iso,ISO 3166-2 depth and parent,
512,SC,Beau Vallon,SC-08,changed,"{""level"": null}","{""level"": 1}",iso,ISO 3166-2 depth and parent,
513,SC,Anse Boileau,SC-02,changed,"{""level"": null}","{""level"": 1}",iso,ISO 3166-2 depth and parent,
514,SC,Baie Sainte Anne,SC-07,changed,"{""level"": null}","{""level"": 1}",iso,ISO 3166-2 depth and parent,
515,SC,Bel Air,SC-09,changed,"{""level"": null}","{""level"": 1}",iso,ISO 3166-2 depth and parent,
516,SC,La Rivière Anglaise,SC-16,changed,"{""level"": null}","{""level"": 1}",iso,ISO 3166-2 depth and parent,
517,SC,Cascade,SC-11,changed,"{""level"": null}","{""level"": 1}",iso,ISO 3166-2 depth and parent,
5694,SC,Anse Etoile,SC-03,changed,"{""level"": null}","{""level"": 1}",iso,ISO 3166-2 depth and parent,
5695,SC,Ile Perseverance I,SC-26,changed,"{""level"": null}","{""level"": 1}",iso,ISO 3166-2 depth and parent,
5696,SC,Ile Perseverance II,SC-27,changed,"{""level"": null}","{""level"": 1}",iso,ISO 3166-2 depth and parent,
879,SD,White Nile,SD-NW,changed,"{""level"": null}","{""level"": 1}",iso,ISO 3166-2 depth and parent,
880,SD,Red Sea,SD-RS,changed,"{""level"": null}","{""level"": 1}",iso,ISO 3166-2 depth and parent,
881,SD,Khartoum,SD-KH,changed,"{""level"": null}","{""level"": 1}",iso,ISO 3166-2 depth and parent,
882,SD,Sennar,SD-SI,changed,"{""level"": null}","{""level"": 1}",iso,ISO 3166-2 depth and parent,
883,SD,South Kordofan,SD-KS,changed,"{""level"": null}","{""level"": 1}",iso,ISO 3166-2 depth and parent,
884,SD,Kassala,SD-KA,changed,"{""level"": null}","{""level"": 1}",iso,ISO 3166-2 depth and parent,
885,SD,Al Jazirah,SD-GZ,changed,"{""level"": null}","{""level"": 1}",iso,ISO 3166-2 depth and parent,
886,SD,Al Qadarif,SD-GD,changed,"{""level"": null}","{""level"": 1}",iso,ISO 3166-2 depth and parent,
887,SD,Blue Nile,SD-NB,changed,"{""level"": null}","{""level"": 1}",iso,ISO 3166-2 depth and parent,
888,SD,West Darfur,SD-DW,changed,"{""level"": null}","{""level"": 1}",iso,ISO 3166-2 depth and parent,
889,SD,West Kordofan,SD-GK,changed,"{""level"": null}","{""level"": 1}",iso,ISO 3166-2 depth and parent,
890,SD,North Darfur,SD-DN,changed,"{""level"": null}","{""level"": 1}",iso,ISO 3166-2 depth and parent,
891,SD,River Nile,SD-NR,changed,"{""level"": null}","{""level"": 1}",iso,ISO 3166-2 depth and parent,
892,SD,East Darfur,SD-DE,changed,"{""level"": null}","{""level"": 1}",iso,ISO 3166-2 depth and parent,
893,SD,North Kordofan,SD-KN,changed,"{""level"": null}","{""level"": 1}",iso,ISO 3166-2 depth and parent,
894,SD,South Darfur,SD-DS,changed,"{""level"": null}","{""level"": 1}",iso,ISO 3166-2 depth and parent,
895,SD,Northern,SD-NO,changed,"{""level"": null}","{""level"": 1}",iso,ISO 3166-2 depth and parent,
896,SD,Central Darfur,SD-DC,changed,"{""level"": null}","{""level"": 1}",iso,ISO 3166-2 depth and parent,
1533,SE,Gävleborg,SE-X,changed,"{""level"": null}","{""level"": 1}",iso,ISO 3166-2 depth and parent,
1534,SE,Dalarna,SE-W,changed,"{""level"": null}","{""level"": 1}",iso,ISO 3166-2 depth and parent,
1535,SE,Värmland,SE-S,changed,"{""level"": null}","{""level"": 1}",iso,ISO 3166-2 depth and parent,
1536,SE,Östergötland,SE-E,changed,"{""level"": null}","{""level"": 1}",iso,ISO 3166-2 depth and parent,
1537,SE,Blekinge,SE-K,changed,"{""level"": null}","{""level"": 1}",iso,ISO 3166-2 depth and parent,
1538,SE,Norrbotten,SE-BD,changed,"{""level"": null}","{""level"": 1}",iso,ISO 3166-2 depth and parent,
1539,SE,Örebro,SE-T,changed,"{""level"": null}","{""level"": 1}",iso,ISO 3166-2 depth and parent,
1540,SE,Södermanland,SE-D,changed,"{""level"": null}","{""level"": 1}",iso,ISO 3166-2 depth and parent,
1541,SE,Skåne,SE-M,changed,"{""level"": null}","{""level"": 1}",iso,ISO 3166-2 depth and parent,
1542,SE,Kronoberg,SE-G,changed,"{""level"": null}","{""level"": 1}",iso,ISO 3166-2 depth and parent,
1543,SE,Västerbotten,SE-AC,changed,"{""level"": null}","{""level"": 1}",iso,ISO 3166-2 depth and parent,
1544,SE,Kalmar,SE-H,changed,"{""level"": null}","{""level"": 1}",iso,ISO 3166-2 depth and parent,
1545,SE,Uppsala,SE-C,changed,"{""level"": null}","{""level"": 1}",iso,ISO 3166-2 depth and parent,
1546,SE,Gotland,SE-I,changed,"{""level"": null}","{""level"": 1}",iso,ISO 3166-2 depth and parent,
1547,SE,Västra Götaland,SE-O,changed,"{""level"": null}","{""level"": 1}",iso,ISO 3166-2 depth and parent,
1548,SE,Halland,SE-N,changed,"{""level"": null}","{""level"": 1}",iso,ISO 3166-2 depth and parent,
1549,SE,Västmanland,SE-U,changed,"{""level"": null}","{""level"": 1}",iso,ISO 3166-2 depth and parent,
1550,SE,Jönköping,SE-F,changed,"{""level"": null}","{""level"": 1}",iso,ISO 3166-2 depth and parent,
1551,SE,Stockholm,SE-AB,changed,"{""level"": null}","{""level"": 1}",iso,ISO 3166-2 depth and parent,
1552,SE,Västernorrland,SE-Y,changed,"{""level"": null}","{""level"": 1}",iso,ISO 3166-2 depth and parent,
5117,SE,Jämtland,SE-Z,changed,"{""level"": 2}","{""level"": 1}",iso,ISO 3166-2 depth and parent,
4649,SG,North East,SG-02,changed,"{""level"": null}","{""level"": 1}",iso,ISO 3166-2 depth and parent,
4650,SG,South East,SG-04,changed,"{""level"": null}","{""level"": 1}",iso,ISO 3166-2 depth and parent,
4651,SG,Central Singapore,SG-01,changed,"{""level"": null}","{""level"": 1}",iso,ISO 3166-2 depth and parent,
4652,SG,South West,SG-05,changed,"{""level"": null}","{""level"": 1}",iso,ISO 3166-2 depth and parent,
4653,SG,North West,SG-03,changed,"{""level"": null}","{""level"": 1}",iso,ISO 3166-2 depth and parent,
5440,SH,Alarm Forest,SH-01,held,"{""level"": 2, ""parent_id"": 5838}",,held_unverified,Merged state_structure already set district level 2 and SH-HL parent. Preserve it; no fresh official district hierarchy provision retrieved in this session (prior merge is not independent evidence).,https://github.com/dr5hn/countries-states-cities-database/blob/85fb8848193db488eb7156d5b7c4d70f395a1c9f/.github/fixes-docs/FIX_1643_SUMMARY.md
5441,SH,Blue Hill,SH-02,held,"{""level"": 2, ""parent_id"": 5838}",,held_unverified,Merged state_structure already set district level 2 and SH-HL parent. Preserve it; no fresh official district hierarchy provision retrieved in this session (prior merge is not independent evidence).,https://github.com/dr5hn/countries-states-cities-database/blob/85fb8848193db488eb7156d5b7c4d70f395a1c9f/.github/fixes-docs/FIX_1643_SUMMARY.md
5442,SH,Half Tree Hollow,SH-03,held,"{""level"": 2, ""parent_id"": 5838}",,held_unverified,Merged state_structure already set district level 2 and SH-HL parent. Preserve it; no fresh official district hierarchy provision retrieved in this session (prior merge is not independent evidence).,https://github.com/dr5hn/countries-states-cities-database/blob/85fb8848193db488eb7156d5b7c4d70f395a1c9f/.github/fixes-docs/FIX_1643_SUMMARY.md
5443,SH,Jamestown,SH-04,held,"{""level"": 2, ""parent_id"": 5838}",,held_unverified,Merged state_structure already set district level 2 and SH-HL parent. Preserve it; no fresh official district hierarchy provision retrieved in this session (prior merge is not independent evidence).,https://github.com/dr5hn/countries-states-cities-database/blob/85fb8848193db488eb7156d5b7c4d70f395a1c9f/.github/fixes-docs/FIX_1643_SUMMARY.md
5444,SH,Levelwood,SH-05,held,"{""level"": 2, ""parent_id"": 5838}",,held_unverified,Merged state_structure already set district level 2 and SH-HL parent. Preserve it; no fresh official district hierarchy provision retrieved in this session (prior merge is not independent evidence).,https://github.com/dr5hn/countries-states-cities-database/blob/85fb8848193db488eb7156d5b7c4d70f395a1c9f/.github/fixes-docs/FIX_1643_SUMMARY.md
5445,SH,Longwood,SH-06,held,"{""level"": 2, ""parent_id"": 5838}",,held_unverified,Merged state_structure already set district level 2 and SH-HL parent. Preserve it; no fresh official district hierarchy provision retrieved in this session (prior merge is not independent evidence).,https://github.com/dr5hn/countries-states-cities-database/blob/85fb8848193db488eb7156d5b7c4d70f395a1c9f/.github/fixes-docs/FIX_1643_SUMMARY.md
5446,SH,Sandy Bay,SH-07,held,"{""level"": 2, ""parent_id"": 5838}",,held_unverified,Merged state_structure already set district level 2 and SH-HL parent. Preserve it; no fresh official district hierarchy provision retrieved in this session (prior merge is not independent evidence).,https://github.com/dr5hn/countries-states-cities-database/blob/85fb8848193db488eb7156d5b7c4d70f395a1c9f/.github/fixes-docs/FIX_1643_SUMMARY.md
5447,SH,Saint Paul's,SH-08,held,"{""level"": 2, ""parent_id"": 5838}",,held_unverified,Merged state_structure already set district level 2 and SH-HL parent. Preserve it; no fresh official district hierarchy provision retrieved in this session (prior merge is not independent evidence).,https://github.com/dr5hn/countries-states-cities-database/blob/85fb8848193db488eb7156d5b7c4d70f395a1c9f/.github/fixes-docs/FIX_1643_SUMMARY.md
4141,SI,Braslovče,SI-151,changed,"{""level"": null}","{""level"": 1}",iso,ISO 3166-2 depth and parent,
4142,SI,Lenart,SI-058,changed,"{""level"": null}","{""level"": 1}",iso,ISO 3166-2 depth and parent,
4143,SI,Oplotnica,SI-171,changed,"{""level"": null}","{""level"": 1}",iso,ISO 3166-2 depth and parent,
4144,SI,Velike Lašče,SI-134,changed,"{""level"": null}","{""level"": 1}",iso,ISO 3166-2 depth and parent,
4145,SI,Hajdina,SI-159,changed,"{""level"": null}","{""level"": 1}",iso,ISO 3166-2 depth and parent,
4146,SI,Podčetrtek,SI-092,changed,"{""level"": null}","{""level"": 1}",iso,ISO 3166-2 depth and parent,
4147,SI,Cankova,SI-152,changed,"{""level"": null}","{""level"": 1}",iso,ISO 3166-2 depth and parent,
4148,SI,Vitanje,SI-137,changed,"{""level"": null}","{""level"": 1}",iso,ISO 3166-2 depth and parent,
4149,SI,Sežana,SI-111,changed,"{""level"": null}","{""level"": 1}",iso,ISO 3166-2 depth and parent,
4150,SI,Kidričevo,SI-045,changed,"{""level"": null}","{""level"": 1}",iso,ISO 3166-2 depth and parent,
4151,SI,Črenšovci,SI-015,changed,"{""level"": null}","{""level"": 1}",iso,ISO 3166-2 depth and parent,
4152,SI,Idrija,SI-036,changed,"{""level"": null}","{""level"": 1}",iso,ISO 3166-2 depth and parent,
4153,SI,Trnovska Vas,SI-185,changed,"{""level"": null}","{""level"": 1}",iso,ISO 3166-2 depth and parent,
4154,SI,Vodice,SI-138,changed,"{""level"": null}","{""level"": 1}",iso,ISO 3166-2 depth and parent,
4155,SI,Ravne na Koroškem,SI-103,changed,"{""level"": null}","{""level"": 1}",iso,ISO 3166-2 depth and parent,
4156,SI,Lovrenc na Pohorju,SI-167,changed,"{""level"": null}","{""level"": 1}",iso,ISO 3166-2 depth and parent,
4157,SI,Majšperk,SI-069,changed,"{""level"": null}","{""level"": 1}",iso,ISO 3166-2 depth and parent,
4158,SI,Loški Potok,SI-066,changed,"{""level"": null}","{""level"": 1}",iso,ISO 3166-2 depth and parent,
4159,SI,Domžale,SI-023,changed,"{""level"": null}","{""level"": 1}",iso,ISO 3166-2 depth and parent,
4160,SI,Rečica ob Savinji,SI-209,changed,"{""level"": null}","{""level"": 1}",iso,ISO 3166-2 depth and parent,
4161,SI,Podlehnik,SI-172,changed,"{""level"": null}","{""level"": 1}",iso,ISO 3166-2 depth and parent,
4162,SI,Cerknica,SI-013,changed,"{""level"": null}","{""level"": 1}",iso,ISO 3166-2 depth and parent,
4163,SI,Vransko,SI-189,changed,"{""level"": null}","{""level"": 1}",iso,ISO 3166-2 depth and parent,
4164,SI,Sveta Ana,SI-181,changed,"{""level"": null}","{""level"": 1}",iso,ISO 3166-2 depth and parent,
4165,SI,Brezovica,SI-008,changed,"{""level"": null}","{""level"": 1}",iso,ISO 3166-2 depth and parent,
4166,SI,Benedikt,SI-148,changed,"{""level"": null}","{""level"": 1}",iso,ISO 3166-2 depth and parent,
4167,SI,Divača,SI-019,changed,"{""level"": null}","{""level"": 1}",iso,ISO 3166-2 depth and parent,
4168,SI,Moravče,SI-077,changed,"{""level"": null}","{""level"": 1}",iso,ISO 3166-2 depth and parent,
4169,SI,Slovenj Gradec,SI-112,changed,"{""level"": null}","{""level"": 1}",iso,ISO 3166-2 depth and parent,
4170,SI,Škocjan,SI-121,changed,"{""level"": null}","{""level"": 1}",iso,ISO 3166-2 depth and parent,
4171,SI,Šentjur,SI-120,changed,"{""level"": null}","{""level"": 1}",iso,ISO 3166-2 depth and parent,
4172,SI,Pesnica,SI-089,changed,"{""level"": null}","{""level"": 1}",iso,ISO 3166-2 depth and parent,
4173,SI,Dol pri Ljubljani,SI-022,changed,"{""level"": null}","{""level"": 1}",iso,ISO 3166-2 depth and parent,
4174,SI,Loška Dolina,SI-065,changed,"{""level"": null}","{""level"": 1}",iso,ISO 3166-2 depth and parent,
4175,SI,Hoče–Slivnica,SI-160,changed,"{""level"": null}","{""level"": 1}",iso,ISO 3166-2 depth and parent,
4176,SI,Cerkvenjak,SI-153,changed,"{""level"": null}","{""level"": 1}",iso,ISO 3166-2 depth and parent,
4177,SI,Naklo,SI-082,changed,"{""level"": null}","{""level"": 1}",iso,ISO 3166-2 depth and parent,
4178,SI,Cerkno,SI-014,changed,"{""level"": null}","{""level"": 1}",iso,ISO 3166-2 depth and parent,
4179,SI,Bistrica ob Sotli,SI-149,changed,"{""level"": null}","{""level"": 1}",iso,ISO 3166-2 depth and parent,
4180,SI,Kamnik,SI-043,changed,"{""level"": null}","{""level"": 1}",iso,ISO 3166-2 depth and parent,
4181,SI,Bovec,SI-006,changed,"{""level"": null}","{""level"": 1}",iso,ISO 3166-2 depth and parent,
4182,SI,Zavrč,SI-143,changed,"{""level"": null}","{""level"": 1}",iso,ISO 3166-2 depth and parent,
4183,SI,Ajdovščina,SI-001,changed,"{""level"": null}","{""level"": 1}",iso,ISO 3166-2 depth and parent,
4184,SI,Pivka,SI-091,changed,"{""level"": null}","{""level"": 1}",iso,ISO 3166-2 depth and parent,
4185,SI,Štore,SI-127,changed,"{""level"": null}","{""level"": 1}",iso,ISO 3166-2 depth and parent,
4186,SI,Kozje,SI-051,changed,"{""level"": null}","{""level"": 1}",iso,ISO 3166-2 depth and parent,
4187,SI,Škofljica,SI-123,changed,"{""level"": null}","{""level"": 1}",iso,ISO 3166-2 depth and parent,
4188,SI,Prebold,SI-174,changed,"{""level"": null}","{""level"": 1}",iso,ISO 3166-2 depth and parent,
4189,SI,Dobrovnik,SI-156,changed,"{""level"": null}","{""level"": 1}",iso,ISO 3166-2 depth and parent,
4190,SI,Mozirje,SI-079,changed,"{""level"": null}","{""level"": 1}",iso,ISO 3166-2 depth and parent,
4191,SI,Celje,SI-011,changed,"{""level"": null}","{""level"": 1}",iso,ISO 3166-2 depth and parent,
4192,SI,Žiri,SI-147,changed,"{""level"": null}","{""level"": 1}",iso,ISO 3166-2 depth and parent,
4193,SI,Horjul,SI-162,changed,"{""level"": null}","{""level"": 1}",iso,ISO 3166-2 depth and parent,
4194,SI,Tabor,SI-184,changed,"{""level"": null}","{""level"": 1}",iso,ISO 3166-2 depth and parent,
4195,SI,Radeče,SI-099,changed,"{""level"": null}","{""level"": 1}",iso,ISO 3166-2 depth and parent,
4196,SI,Vipava,SI-136,changed,"{""level"": null}","{""level"": 1}",iso,ISO 3166-2 depth and parent,
4197,SI,Kungota,SI-055,changed,"{""level"": null}","{""level"": 1}",iso,ISO 3166-2 depth and parent,
4198,SI,Slovenske Konjice,SI-114,changed,"{""level"": null}","{""level"": 1}",iso,ISO 3166-2 depth and parent,
4199,SI,Osilnica,SI-088,changed,"{""level"": null}","{""level"": 1}",iso,ISO 3166-2 depth and parent,
4200,SI,Borovnica,SI-005,changed,"{""level"": null}","{""level"": 1}",iso,ISO 3166-2 depth and parent,
4201,SI,Piran,SI-090,changed,"{""level"": null}","{""level"": 1}",iso,ISO 3166-2 depth and parent,
4202,SI,Bled,SI-003,changed,"{""level"": null}","{""level"": 1}",iso,ISO 3166-2 depth and parent,
4203,SI,Jezersko,SI-163,changed,"{""level"": null}","{""level"": 1}",iso,ISO 3166-2 depth and parent,
4204,SI,Rače–Fram,SI-098,changed,"{""level"": null}","{""level"": 1}",iso,ISO 3166-2 depth and parent,
4205,SI,Nova Gorica,SI-084,changed,"{""level"": null}","{""level"": 1}",iso,ISO 3166-2 depth and parent,
4206,SI,Razkrižje,SI-176,changed,"{""level"": null}","{""level"": 1}",iso,ISO 3166-2 depth and parent,
4207,SI,Ribnica na Pohorju,SI-177,changed,"{""level"": null}","{""level"": 1}",iso,ISO 3166-2 depth and parent,
4208,SI,Muta,SI-081,changed,"{""level"": null}","{""level"": 1}",iso,ISO 3166-2 depth and parent,
4209,SI,Rogatec,SI-107,changed,"{""level"": null}","{""level"": 1}",iso,ISO 3166-2 depth and parent,
4210,SI,Gorišnica,SI-028,changed,"{""level"": null}","{""level"": 1}",iso,ISO 3166-2 depth and parent,
4211,SI,Kuzma,SI-056,changed,"{""level"": null}","{""level"": 1}",iso,ISO 3166-2 depth and parent,
4212,SI,Mislinja,SI-076,changed,"{""level"": null}","{""level"": 1}",iso,ISO 3166-2 depth and parent,
4213,SI,Duplek,SI-026,changed,"{""level"": null}","{""level"": 1}",iso,ISO 3166-2 depth and parent,
4214,SI,Trebnje,SI-130,changed,"{""level"": null}","{""level"": 1}",iso,ISO 3166-2 depth and parent,
4215,SI,Brežice,SI-009,changed,"{""level"": null}","{""level"": 1}",iso,ISO 3166-2 depth and parent,
4216,SI,Dobrepolje,SI-020,changed,"{""level"": null}","{""level"": 1}",iso,ISO 3166-2 depth and parent,
4217,SI,Grad,SI-158,changed,"{""level"": null}","{""level"": 1}",iso,ISO 3166-2 depth and parent,
4218,SI,Moravske Toplice,SI-078,changed,"{""level"": null}","{""level"": 1}",iso,ISO 3166-2 depth and parent,
4219,SI,Luče,SI-067,changed,"{""level"": null}","{""level"": 1}",iso,ISO 3166-2 depth and parent,
4220,SI,Miren–Kostanjevica,SI-075,changed,"{""level"": null}","{""level"": 1}",iso,ISO 3166-2 depth and parent,
4221,SI,Ormož,SI-087,changed,"{""level"": null}","{""level"": 1}",iso,ISO 3166-2 depth and parent,
4222,SI,Šalovci,SI-033,changed,"{""level"": null}","{""level"": 1}",iso,ISO 3166-2 depth and parent,
4223,SI,Miklavž na Dravskem Polju,SI-169,changed,"{""level"": null}","{""level"": 1}",iso,ISO 3166-2 depth and parent,
4224,SI,Makole,SI-198,changed,"{""level"": null}","{""level"": 1}",iso,ISO 3166-2 depth and parent,
4225,SI,Lendava,SI-059,changed,"{""level"": null}","{""level"": 1}",iso,ISO 3166-2 depth and parent,
4226,SI,Vuzenica,SI-141,changed,"{""level"": null}","{""level"": 1}",iso,ISO 3166-2 depth and parent,
4227,SI,Kanal ob Soči,SI-044,changed,"{""level"": null}","{""level"": 1}",iso,ISO 3166-2 depth and parent,
4228,SI,Ptuj,SI-096,changed,"{""level"": null}","{""level"": 1}",iso,ISO 3166-2 depth and parent,
4229,SI,Sveti Andraž v Slovenskih Goricah,SI-182,changed,"{""level"": null}","{""level"": 1}",iso,ISO 3166-2 depth and parent,
4230,SI,Selnica ob Dravi,SI-178,changed,"{""level"": null}","{""level"": 1}",iso,ISO 3166-2 depth and parent,
4231,SI,Radovljica,SI-102,changed,"{""level"": null}","{""level"": 1}",iso,ISO 3166-2 depth and parent,
4232,SI,Črna na Koroškem,SI-016,changed,"{""level"": null}","{""level"": 1}",iso,ISO 3166-2 depth and parent,
4233,SI,Rogaška Slatina,SI-106,changed,"{""level"": null}","{""level"": 1}",iso,ISO 3166-2 depth and parent,
4234,SI,Podvelka,SI-093,changed,"{""level"": null}","{""level"": 1}",iso,ISO 3166-2 depth and parent,
4235,SI,Ribnica,SI-104,changed,"{""level"": null}","{""level"": 1}",iso,ISO 3166-2 depth and parent,
4236,SI,Novo Mesto,SI-085,changed,"{""level"": null}","{""level"": 1}",iso,ISO 3166-2 depth and parent,
4237,SI,Mirna Peč,SI-170,changed,"{""level"": null}","{""level"": 1}",iso,ISO 3166-2 depth and parent,
4238,SI,Križevci,SI-166,changed,"{""level"": null}","{""level"": 1}",iso,ISO 3166-2 depth and parent,
4239,SI,Poljčane,SI-200,changed,"{""level"": null}","{""level"": 1}",iso,ISO 3166-2 depth and parent,
4240,SI,Brda,SI-007,changed,"{""level"": null}","{""level"": 1}",iso,ISO 3166-2 depth and parent,
4241,SI,Šentjernej,SI-119,changed,"{""level"": null}","{""level"": 1}",iso,ISO 3166-2 depth and parent,
4242,SI,Maribor,SI-070,changed,"{""level"": null}","{""level"": 1}",iso,ISO 3166-2 depth and parent,
4243,SI,Kobarid,SI-046,changed,"{""level"": null}","{""level"": 1}",iso,ISO 3166-2 depth and parent,
4244,SI,Markovci,SI-168,changed,"{""level"": null}","{""level"": 1}",iso,ISO 3166-2 depth and parent,
4245,SI,Vojnik,SI-139,changed,"{""level"": null}","{""level"": 1}",iso,ISO 3166-2 depth and parent,
4246,SI,Trbovlje,SI-129,changed,"{""level"": null}","{""level"": 1}",iso,ISO 3166-2 depth and parent,
4247,SI,Tolmin,SI-128,changed,"{""level"": null}","{""level"": 1}",iso,ISO 3166-2 depth and parent,
4248,SI,Šoštanj,SI-126,changed,"{""level"": null}","{""level"": 1}",iso,ISO 3166-2 depth and parent,
4249,SI,Žetale,SI-191,changed,"{""level"": null}","{""level"": 1}",iso,ISO 3166-2 depth and parent,
4250,SI,Tržič,SI-131,changed,"{""level"": null}","{""level"": 1}",iso,ISO 3166-2 depth and parent,
4251,SI,Turnišče,SI-132,changed,"{""level"": null}","{""level"": 1}",iso,ISO 3166-2 depth and parent,
4252,SI,Dobrna,SI-155,changed,"{""level"": null}","{""level"": 1}",iso,ISO 3166-2 depth and parent,
4253,SI,Renče–Vogrsko,SI-201,changed,"{""level"": null}","{""level"": 1}",iso,ISO 3166-2 depth and parent,
4254,SI,Kostanjevica na Krki,SI-197,changed,"{""level"": null}","{""level"": 1}",iso,ISO 3166-2 depth and parent,
4255,SI,Sveti Jurij ob Ščavnici,SI-116,changed,"{""level"": null}","{""level"": 1}",iso,ISO 3166-2 depth and parent,
4256,SI,Železniki,SI-146,changed,"{""level"": null}","{""level"": 1}",iso,ISO 3166-2 depth and parent,
4257,SI,Veržej,SI-188,changed,"{""level"": null}","{""level"": 1}",iso,ISO 3166-2 depth and parent,
4258,SI,Žalec,SI-190,changed,"{""level"": null}","{""level"": 1}",iso,ISO 3166-2 depth and parent,
4259,SI,Starše,SI-115,changed,"{""level"": null}","{""level"": 1}",iso,ISO 3166-2 depth and parent,
4260,SI,Sveta Trojica v Slovenskih Goricah,SI-204,changed,"{""level"": null}","{""level"": 1}",iso,ISO 3166-2 depth and parent,
4261,SI,Solčava,SI-180,changed,"{""level"": null}","{""level"": 1}",iso,ISO 3166-2 depth and parent,
4262,SI,Vrhnika,SI-140,changed,"{""level"": null}","{""level"": 1}",iso,ISO 3166-2 depth and parent,
4263,SI,Središče ob Dravi,SI-202,changed,"{""level"": null}","{""level"": 1}",iso,ISO 3166-2 depth and parent,
4264,SI,Rogašovci,SI-105,changed,"{""level"": null}","{""level"": 1}",iso,ISO 3166-2 depth and parent,
4265,SI,Mežica,SI-074,changed,"{""level"": null}","{""level"": 1}",iso,ISO 3166-2 depth and parent,
4266,SI,Juršinci,SI-042,changed,"{""level"": null}","{""level"": 1}",iso,ISO 3166-2 depth and parent,
4267,SI,Velika Polana,SI-187,changed,"{""level"": null}","{""level"": 1}",iso,ISO 3166-2 depth and parent,
4268,SI,Sevnica,SI-110,changed,"{""level"": null}","{""level"": 1}",iso,ISO 3166-2 depth and parent,
4269,SI,Zagorje ob Savi,SI-142,changed,"{""level"": null}","{""level"": 1}",iso,ISO 3166-2 depth and parent,
4270,SI,Ljubljana,SI-061,changed,"{""level"": null}","{""level"": 1}",iso,ISO 3166-2 depth and parent,
4271,SI,Gornji Petrovci,SI-031,changed,"{""level"": null}","{""level"": 1}",iso,ISO 3166-2 depth and parent,
4272,SI,Polzela,SI-173,changed,"{""level"": null}","{""level"": 1}",iso,ISO 3166-2 depth and parent,
4273,SI,Sveti Tomaž,SI-205,changed,"{""level"": null}","{""level"": 1}",iso,ISO 3166-2 depth and parent,
4274,SI,Prevalje,SI-175,changed,"{""level"": null}","{""level"": 1}",iso,ISO 3166-2 depth and parent,
4275,SI,Radlje ob Dravi,SI-101,changed,"{""level"": null}","{""level"": 1}",iso,ISO 3166-2 depth and parent,
4276,SI,Žirovnica,SI-192,changed,"{""level"": null}","{""level"": 1}",iso,ISO 3166-2 depth and parent,
4277,SI,Sodražica,SI-179,changed,"{""level"": null}","{""level"": 1}",iso,ISO 3166-2 depth and parent,
4278,SI,Bloke,SI-150,changed,"{""level"": null}","{""level"": 1}",iso,ISO 3166-2 depth and parent,
4279,SI,Šmartno pri Litiji,SI-194,changed,"{""level"": null}","{""level"": 1}",iso,ISO 3166-2 depth and parent,
4280,SI,Ruše,SI-108,changed,"{""level"": null}","{""level"": 1}",iso,ISO 3166-2 depth and parent,
4281,SI,Dolenjske Toplice,SI-157,changed,"{""level"": null}","{""level"": 1}",iso,ISO 3166-2 depth and parent,
4282,SI,Bohinj,SI-004,changed,"{""level"": null}","{""level"": 1}",iso,ISO 3166-2 depth and parent,
4283,SI,Komenda,SI-164,changed,"{""level"": null}","{""level"": 1}",iso,ISO 3166-2 depth and parent,
4284,SI,Gorje,SI-207,changed,"{""level"": null}","{""level"": 1}",iso,ISO 3166-2 depth and parent,
4285,SI,Šmarje pri Jelšah,SI-124,changed,"{""level"": null}","{""level"": 1}",iso,ISO 3166-2 depth and parent,
4286,SI,Ig,SI-037,changed,"{""level"": null}","{""level"": 1}",iso,ISO 3166-2 depth and parent,
4287,SI,Kranj,SI-052,changed,"{""level"": null}","{""level"": 1}",iso,ISO 3166-2 depth and parent,
4288,SI,Puconci,SI-097,changed,"{""level"": null}","{""level"": 1}",iso,ISO 3166-2 depth and parent,
4289,SI,Šmarješke Toplice,SI-206,changed,"{""level"": null}","{""level"": 1}",iso,ISO 3166-2 depth and parent,
4290,SI,Dornava,SI-024,changed,"{""level"": null}","{""level"": 1}",iso,ISO 3166-2 depth and parent,
4291,SI,Črnomelj,SI-017,changed,"{""level"": null}","{""level"": 1}",iso,ISO 3166-2 depth and parent,
4292,SI,Radenci,SI-100,changed,"{""level"": null}","{""level"": 1}",iso,ISO 3166-2 depth and parent,
4293,SI,Gorenja Vas–Poljane,SI-027,changed,"{""level"": null}","{""level"": 1}",iso,ISO 3166-2 depth and parent,
4294,SI,Ljubno,SI-062,changed,"{""level"": null}","{""level"": 1}",iso,ISO 3166-2 depth and parent,
4295,SI,Dobje,SI-154,changed,"{""level"": null}","{""level"": 1}",iso,ISO 3166-2 depth and parent,
4296,SI,Šmartno ob Paki,SI-125,changed,"{""level"": null}","{""level"": 1}",iso,ISO 3166-2 depth and parent,
4297,SI,Mokronog–Trebelno,SI-199,changed,"{""level"": null}","{""level"": 1}",iso,ISO 3166-2 depth and parent,
4298,SI,Mirna,SI-212,changed,"{""level"": null}","{""level"": 1}",iso,ISO 3166-2 depth and parent,
4299,SI,Šenčur,SI-117,changed,"{""level"": null}","{""level"": 1}",iso,ISO 3166-2 depth and parent,
4300,SI,Videm,SI-135,changed,"{""level"": null}","{""level"": 1}",iso,ISO 3166-2 depth and parent,
4301,SI,Beltinci,SI-002,changed,"{""level"": null}","{""level"": 1}",iso,ISO 3166-2 depth and parent,
4302,SI,Lukovica,SI-068,changed,"{""level"": null}","{""level"": 1}",iso,ISO 3166-2 depth and parent,
4303,SI,Preddvor,SI-095,changed,"{""level"": null}","{""level"": 1}",iso,ISO 3166-2 depth and parent,
4304,SI,Destrnik,SI-018,changed,"{""level"": null}","{""level"": 1}",iso,ISO 3166-2 depth and parent,
4305,SI,Ivančna Gorica,SI-039,changed,"{""level"": null}","{""level"": 1}",iso,ISO 3166-2 depth and parent,
4306,SI,Log–Dragomer,SI-208,changed,"{""level"": null}","{""level"": 1}",iso,ISO 3166-2 depth and parent,
4307,SI,Žužemberk,SI-193,changed,"{""level"": null}","{""level"": 1}",iso,ISO 3166-2 depth and parent,
4308,SI,Dobrova–Polhov Gradec,SI-021,changed,"{""level"": null}","{""level"": 1}",iso,ISO 3166-2 depth and parent,
4309,SI,Cirkulane,SI-196,changed,"{""level"": null}","{""level"": 1}",iso,ISO 3166-2 depth and parent,
4310,SI,Cerklje na Gorenjskem,SI-012,changed,"{""level"": null}","{""level"": 1}",iso,ISO 3166-2 depth and parent,
4311,SI,Šentrupert,SI-211,changed,"{""level"": null}","{""level"": 1}",iso,ISO 3166-2 depth and parent,
4312,SI,Tišina,SI-010,changed,"{""level"": null}","{""level"": 1}",iso,ISO 3166-2 depth and parent,
4313,SI,Murska Sobota,SI-080,changed,"{""level"": null}","{""level"": 1}",iso,ISO 3166-2 depth and parent,
4314,SI,Krško,SI-054,changed,"{""level"": null}","{""level"": 1}",iso,ISO 3166-2 depth and parent,
4315,SI,Komen,SI-049,changed,"{""level"": null}","{""level"": 1}",iso,ISO 3166-2 depth and parent,
4316,SI,Škofja Loka,SI-122,changed,"{""level"": null}","{""level"": 1}",iso,ISO 3166-2 depth and parent,
4317,SI,Šempeter–Vrtojba,SI-183,changed,"{""level"": null}","{""level"": 1}",iso,ISO 3166-2 depth and parent,
4318,SI,Apače,SI-195,changed,"{""level"": null}","{""level"": 1}",iso,ISO 3166-2 depth and parent,
4319,SI,Koper,SI-050,changed,"{""level"": null}","{""level"": 1}",iso,ISO 3166-2 depth and parent,
4320,SI,Odranci,SI-086,changed,"{""level"": null}","{""level"": 1}",iso,ISO 3166-2 depth and parent,
4321,SI,Hrpelje–Kozina,SI-035,changed,"{""level"": null}","{""level"": 1}",iso,ISO 3166-2 depth and parent,
4322,SI,Izola,SI-040,changed,"{""level"": null}","{""level"": 1}",iso,ISO 3166-2 depth and parent,
4323,SI,Metlika,SI-073,changed,"{""level"": null}","{""level"": 1}",iso,ISO 3166-2 depth and parent,
4324,SI,Šentilj,SI-118,changed,"{""level"": null}","{""level"": 1}",iso,ISO 3166-2 depth and parent,
4325,SI,Kobilje,SI-047,changed,"{""level"": null}","{""level"": 1}",iso,ISO 3166-2 depth and parent,
4326,SI,Ankaran,SI-213,changed,"{""level"": null}","{""level"": 1}",iso,ISO 3166-2 depth and parent,
4327,SI,Hodoš,SI-161,changed,"{""level"": null}","{""level"": 1}",iso,ISO 3166-2 depth and parent,
4328,SI,Sveti Jurij v Slovenskih Goricah,SI-210,changed,"{""level"": null}","{""level"": 1}",iso,ISO 3166-2 depth and parent,
4329,SI,Nazarje,SI-083,changed,"{""level"": null}","{""level"": 1}",iso,ISO 3166-2 depth and parent,
4330,SI,Postojna,SI-094,changed,"{""level"": null}","{""level"": 1}",iso,ISO 3166-2 depth and parent,
4331,SI,Kostel,SI-165,changed,"{""level"": null}","{""level"": 1}",iso,ISO 3166-2 depth and parent,
4332,SI,Slovenska Bistrica,SI-113,changed,"{""level"": null}","{""level"": 1}",iso,ISO 3166-2 depth and parent,
4333,SI,Straža,SI-203,changed,"{""level"": null}","{""level"": 1}",iso,ISO 3166-2 depth and parent,
4334,SI,Trzin,SI-186,changed,"{""level"": null}","{""level"": 1}",iso,ISO 3166-2 depth and parent,
4335,SI,Kočevje,SI-048,changed,"{""level"": null}","{""level"": 1}",iso,ISO 3166-2 depth and parent,
4336,SI,Grosuplje,SI-032,changed,"{""level"": null}","{""level"": 1}",iso,ISO 3166-2 depth and parent,
4337,SI,Jesenice,SI-041,changed,"{""level"": null}","{""level"": 1}",iso,ISO 3166-2 depth and parent,
4338,SI,Laško,SI-057,changed,"{""level"": null}","{""level"": 1}",iso,ISO 3166-2 depth and parent,
4339,SI,Gornji Grad,SI-030,changed,"{""level"": null}","{""level"": 1}",iso,ISO 3166-2 depth and parent,
4340,SI,Kranjska Gora,SI-053,changed,"{""level"": null}","{""level"": 1}",iso,ISO 3166-2 depth and parent,
4341,SI,Hrastnik,SI-034,changed,"{""level"": null}","{""level"": 1}",iso,ISO 3166-2 depth and parent,
4342,SI,Zreče,SI-144,changed,"{""level"": null}","{""level"": 1}",iso,ISO 3166-2 depth and parent,
4343,SI,Gornja Radgona,SI-029,changed,"{""level"": null}","{""level"": 1}",iso,ISO 3166-2 depth and parent,
4344,SI,Ilirska Bistrica,SI-038,changed,"{""level"": null}","{""level"": 1}",iso,ISO 3166-2 depth and parent,
4345,SI,Dravograd,SI-025,changed,"{""level"": null}","{""level"": 1}",iso,ISO 3166-2 depth and parent,
4346,SI,Semič,SI-109,changed,"{""level"": null}","{""level"": 1}",iso,ISO 3166-2 depth and parent,
4347,SI,Litija,SI-060,changed,"{""level"": null}","{""level"": 1}",iso,ISO 3166-2 depth and parent,
4348,SI,Mengeš,SI-072,changed,"{""level"": null}","{""level"": 1}",iso,ISO 3166-2 depth and parent,
4349,SI,Medvode,SI-071,changed,"{""level"": null}","{""level"": 1}",iso,ISO 3166-2 depth and parent,
4350,SI,Logatec,SI-064,changed,"{""level"": null}","{""level"": 1}",iso,ISO 3166-2 depth and parent,
4351,SI,Ljutomer,SI-063,changed,"{""level"": null}","{""level"": 1}",iso,ISO 3166-2 depth and parent,
5698,SI,Velenje,SI-133,changed,"{""level"": null}","{""level"": 1}",iso,ISO 3166-2 depth and parent,
4352,SK,Banská Bystrica,SK-BC,changed,"{""level"": null}","{""level"": 1}",iso,ISO 3166-2 depth and parent,
4353,SK,Košice,SK-KI,changed,"{""level"": null}","{""level"": 1}",iso,ISO 3166-2 depth and parent,
4354,SK,Prešov,SK-PV,changed,"{""level"": null}","{""level"": 1}",iso,ISO 3166-2 depth and parent,
4355,SK,Trnava,SK-TA,changed,"{""level"": null}","{""level"": 1}",iso,ISO 3166-2 depth and parent,
4356,SK,Bratislava,SK-BL,changed,"{""level"": null}","{""level"": 1}",iso,ISO 3166-2 depth and parent,
4357,SK,Nitra,SK-NI,changed,"{""level"": null}","{""level"": 1}",iso,ISO 3166-2 depth and parent,
4358,SK,Trenčín,SK-TC,changed,"{""level"": null}","{""level"": 1}",iso,ISO 3166-2 depth and parent,
4359,SK,Žilina,SK-ZI,changed,"{""level"": null}","{""level"": 1}",iso,ISO 3166-2 depth and parent,
911,SL,Northern,SL-N,changed,"{""level"": null}","{""level"": 1}",iso,ISO 3166-2 depth and parent,
912,SL,Southern,SL-S,changed,"{""level"": null}","{""level"": 1}",iso,ISO 3166-2 depth and parent,
913,SL,Western,SL-W,changed,"{""level"": null}","{""level"": 1}",iso,ISO 3166-2 depth and parent,
914,SL,Eastern,SL-E,changed,"{""level"": null}","{""level"": 1}",iso,ISO 3166-2 depth and parent,
5697,SL,North Western,SL-NW,changed,"{""level"": null}","{""level"": 1}",iso,ISO 3166-2 depth and parent,
58,SM,San Marino,SM-07,changed,"{""level"": null}","{""level"": 1}",iso,ISO 3166-2 depth and parent,
59,SM,Acquaviva,SM-01,changed,"{""level"": null}","{""level"": 1}",iso,ISO 3166-2 depth and parent,
60,SM,Chiesanuova,SM-02,changed,"{""level"": null}","{""level"": 1}",iso,ISO 3166-2 depth and parent,
61,SM,Borgo Maggiore,SM-06,changed,"{""level"": null}","{""level"": 1}",iso,ISO 3166-2 depth and parent,
62,SM,Faetano,SM-04,changed,"{""level"": null}","{""level"": 1}",iso,ISO 3166-2 depth and parent,
63,SM,Montegiardino,SM-08,changed,"{""level"": null}","{""level"": 1}",iso,ISO 3166-2 depth and parent,
64,SM,Domagnano,SM-03,changed,"{""level"": null}","{""level"": 1}",iso,ISO 3166-2 depth and parent,
65,SM,Serravalle,SM-09,changed,"{""level"": null}","{""level"": 1}",iso,ISO 3166-2 depth and parent,
66,SM,Fiorentino,SM-05,changed,"{""level"": null}","{""level"": 1}",iso,ISO 3166-2 depth and parent,
473,SN,Dakar,SN-DK,changed,"{""level"": null}","{""level"": 1}",iso,ISO 3166-2 depth and parent,
474,SN,Kolda,SN-KD,changed,"{""level"": null}","{""level"": 1}",iso,ISO 3166-2 depth and parent,
475,SN,Kaffrine,SN-KA,changed,"{""level"": null}","{""level"": 1}",iso,ISO 3166-2 depth and parent,
476,SN,Matam,SN-MT,changed,"{""level"": null}","{""level"": 1}",iso,ISO 3166-2 depth and parent,
477,SN,Saint-Louis,SN-SL,changed,"{""level"": null}","{""level"": 1}",iso,ISO 3166-2 depth and parent,
478,SN,Ziguinchor,SN-ZG,changed,"{""level"": null}","{""level"": 1}",iso,ISO 3166-2 depth and parent,
479,SN,Fatick,SN-FK,changed,"{""level"": null}","{""level"": 1}",iso,ISO 3166-2 depth and parent,
480,SN,Diourbel Region,SN-DB,changed,"{""level"": null}","{""level"": 1}",iso,ISO 3166-2 depth and parent,
481,SN,Kédougou,SN-KE,changed,"{""level"": null}","{""level"": 1}",iso,ISO 3166-2 depth and parent,
482,SN,Sédhiou,SN-SE,changed,"{""level"": null}","{""level"": 1}",iso,ISO 3166-2 depth and parent,
483,SN,Kaolack,SN-KL,changed,"{""level"": null}","{""level"": 1}",iso,ISO 3166-2 depth and parent,
484,SN,Thiès Region,SN-TH,changed,"{""level"": null}","{""level"": 1}",iso,ISO 3166-2 depth and parent,
485,SN,Louga,SN-LG,changed,"{""level"": null}","{""level"": 1}",iso,ISO 3166-2 depth and parent,
486,SN,Tambacounda Region,SN-TC,changed,"{""level"": null}","{""level"": 1}",iso,ISO 3166-2 depth and parent,
915,SO,Hiran,SO-HI,changed,"{""level"": null}","{""level"": 1}",iso,ISO 3166-2 depth and parent,
916,SO,Mudug,SO-MU,changed,"{""level"": null}","{""level"": 1}",iso,ISO 3166-2 depth and parent,
917,SO,Bakool,SO-BK,changed,"{""level"": null}","{""level"": 1}",iso,ISO 3166-2 depth and parent,
918,SO,Galguduud,SO-GA,changed,"{""level"": null}","{""level"": 1}",iso,ISO 3166-2 depth and parent,
919,SO,Sanaag,SO-SA,changed,"{""level"": null}","{""level"": 1}",iso,ISO 3166-2 depth and parent,
920,SO,Nugal,SO-NU,changed,"{""level"": null}","{""level"": 1}",iso,ISO 3166-2 depth and parent,
921,SO,Lower Shebelle,SO-SH,changed,"{""level"": null}","{""level"": 1}",iso,ISO 3166-2 depth and parent,
922,SO,Middle Juba,SO-JD,changed,"{""level"": null}","{""level"": 1}",iso,ISO 3166-2 depth and parent,
923,SO,Middle Shebelle,SO-SD,changed,"{""level"": null}","{""level"": 1}",iso,ISO 3166-2 depth and parent,
924,SO,Lower Juba,SO-JH,changed,"{""level"": null}","{""level"": 1}",iso,ISO 3166-2 depth and parent,
925,SO,Awdal,SO-AW,changed,"{""level"": null}","{""level"": 1}",iso,ISO 3166-2 depth and parent,
926,SO,Bay,SO-BY,changed,"{""level"": null}","{""level"": 1}",iso,ISO 3166-2 depth and parent,
927,SO,Banaadir,SO-BN,changed,"{""level"": null}","{""level"": 1}",iso,ISO 3166-2 depth and parent,
928,SO,Gedo,SO-GE,changed,"{""level"": null}","{""level"": 1}",iso,ISO 3166-2 depth and parent,
929,SO,Togdheer,SO-TO,changed,"{""level"": null}","{""level"": 1}",iso,ISO 3166-2 depth and parent,
930,SO,Bari,SO-BR,changed,"{""level"": null}","{""level"": 1}",iso,ISO 3166-2 depth and parent,
5699,SO,Sool,SO-SO,changed,"{""level"": null}","{""level"": 1}",iso,ISO 3166-2 depth and parent,
5700,SO,Woqooyi Galbeed,SO-WO,changed,"{""level"": null}","{""level"": 1}",iso,ISO 3166-2 depth and parent,
2839,SR,Commewijne,SR-CM,changed,"{""level"": null}","{""level"": 1}",iso,ISO 3166-2 depth and parent,
2840,SR,Nickerie,SR-NI,changed,"{""level"": null}","{""level"": 1}",iso,ISO 3166-2 depth and parent,
2841,SR,Para,SR-PR,changed,"{""level"": null}","{""level"": 1}",iso,ISO 3166-2 depth and parent,
2842,SR,Coronie,SR-CR,changed,"{""level"": null}","{""level"": 1}",iso,ISO 3166-2 depth and parent,
2843,SR,Paramaribo,SR-PM,changed,"{""level"": null}","{""level"": 1}",iso,ISO 3166-2 depth and parent,
2844,SR,Wanica,SR-WA,changed,"{""level"": null}","{""level"": 1}",iso,ISO 3166-2 depth and parent,
2845,SR,Marowijne,SR-MA,changed,"{""level"": null}","{""level"": 1}",iso,ISO 3166-2 depth and parent,
2846,SR,Brokopondo,SR-BR,changed,"{""level"": null}","{""level"": 1}",iso,ISO 3166-2 depth and parent,
2847,SR,Sipaliwini,SR-SI,changed,"{""level"": null}","{""level"": 1}",iso,ISO 3166-2 depth and parent,
2848,SR,Saramacca,SR-SA,changed,"{""level"": null}","{""level"": 1}",iso,ISO 3166-2 depth and parent,
5728,ST,Água Grande,ST-01,changed,"{""level"": null}","{""level"": 1}",iso,ISO 3166-2 depth and parent,
5729,ST,Cantagalo,ST-02,changed,"{""level"": null}","{""level"": 1}",iso,ISO 3166-2 depth and parent,
5730,ST,Caué,ST-03,changed,"{""level"": null}","{""level"": 1}",iso,ISO 3166-2 depth and parent,
5731,ST,Lemba,ST-04,changed,"{""level"": null}","{""level"": 1}",iso,ISO 3166-2 depth and parent,
5732,ST,Lobata,ST-05,changed,"{""level"": null}","{""level"": 1}",iso,ISO 3166-2 depth and parent,
5733,ST,Mé-Zóchi,ST-06,changed,"{""level"": null}","{""level"": 1}",iso,ISO 3166-2 depth and parent,
5734,ST,Príncipe,ST-P,changed,"{""level"": null}","{""level"": 1}",iso,ISO 3166-2 depth and parent,
4127,SV,San Vicente,SV-SV,changed,"{""level"": null}","{""level"": 1}",iso,ISO 3166-2 depth and parent,
4128,SV,Santa Ana,SV-SA,changed,"{""level"": null}","{""level"": 1}",iso,ISO 3166-2 depth and parent,
4129,SV,Usulután,SV-US,changed,"{""level"": null}","{""level"": 1}",iso,ISO 3166-2 depth and parent,
4130,SV,Morazán,SV-MO,changed,"{""level"": null}","{""level"": 1}",iso,ISO 3166-2 depth and parent,
4131,SV,Chalatenango,SV-CH,changed,"{""level"": null}","{""level"": 1}",iso,ISO 3166-2 depth and parent,
4132,SV,Cabañas,SV-CA,changed,"{""level"": null}","{""level"": 1}",iso,ISO 3166-2 depth and parent,
4133,SV,San Salvador,SV-SS,changed,"{""level"": null}","{""level"": 1}",iso,ISO 3166-2 depth and parent,
4134,SV,La Libertad,SV-LI,changed,"{""level"": null}","{""level"": 1}",iso,ISO 3166-2 depth and parent,
4135,SV,San Miguel,SV-SM,changed,"{""level"": null}","{""level"": 1}",iso,ISO 3166-2 depth and parent,
4136,SV,La Paz,SV-PA,changed,"{""level"": null}","{""level"": 1}",iso,ISO 3166-2 depth and parent,
4137,SV,Cuscatlán,SV-CU,changed,"{""level"": null}","{""level"": 1}",iso,ISO 3166-2 depth and parent,
4138,SV,La Unión ,SV-UN,changed,"{""level"": null}","{""level"": 1}",iso,ISO 3166-2 depth and parent,
4139,SV,Ahuachapán,SV-AH,changed,"{""level"": null}","{""level"": 1}",iso,ISO 3166-2 depth and parent,
4140,SV,Sonsonate,SV-SO,changed,"{""level"": null}","{""level"": 1}",iso,ISO 3166-2 depth and parent,
2934,SY,Hama,SY-HM,changed,"{""level"": null}","{""level"": 1}",iso,ISO 3166-2 depth and parent,
2935,SY,Rif Dimashq,SY-RD,changed,"{""level"": null}","{""level"": 1}",iso,ISO 3166-2 depth and parent,
2936,SY,As-Suwayda,SY-SU,changed,"{""level"": null}","{""level"": 1}",iso,ISO 3166-2 depth and parent,
2937,SY,Deir ez-Zor,SY-DY,changed,"{""level"": null}","{""level"": 1}",iso,ISO 3166-2 depth and parent,
2938,SY,Latakia,SY-LA,changed,"{""level"": null}","{""level"": 1}",iso,ISO 3166-2 depth and parent,
2939,SY,Damascus,SY-DI,changed,"{""level"": null}","{""level"": 1}",iso,ISO 3166-2 depth and parent,
2940,SY,Idlib,SY-ID,changed,"{""level"": null}","{""level"": 1}",iso,ISO 3166-2 depth and parent,
2941,SY,Al-Hasakah,SY-HA,changed,"{""level"": null}","{""level"": 1}",iso,ISO 3166-2 depth and parent,
2942,SY,Homs,SY-HI,changed,"{""level"": null}","{""level"": 1}",iso,ISO 3166-2 depth and parent,
2943,SY,Quneitra,SY-QU,changed,"{""level"": null}","{""level"": 1}",iso,ISO 3166-2 depth and parent,
2944,SY,Al-Raqqah,SY-RA,changed,"{""level"": null}","{""level"": 1}",iso,ISO 3166-2 depth and parent,
2945,SY,Daraa,SY-DR,changed,"{""level"": null}","{""level"": 1}",iso,ISO 3166-2 depth and parent,
2946,SY,Aleppo,SY-HL,changed,"{""level"": null}","{""level"": 1}",iso,ISO 3166-2 depth and parent,
2947,SY,Tartus,SY-TA,changed,"{""level"": null}","{""level"": 1}",iso,ISO 3166-2 depth and parent,
968,SZ,Manzini,SZ-MA,changed,"{""level"": null}","{""level"": 1}",iso,ISO 3166-2 depth and parent,
969,SZ,Hhohho,SZ-HH,changed,"{""level"": null}","{""level"": 1}",iso,ISO 3166-2 depth and parent,
970,SZ,Lubombo,SZ-LU,changed,"{""level"": null}","{""level"": 1}",iso,ISO 3166-2 depth and parent,
971,SZ,Shiselweni,SZ-SH,changed,"{""level"": null}","{""level"": 1}",iso,ISO 3166-2 depth and parent,
5363,TC,Providenciales,TC-01,held,"{""level"": null, ""parent_id"": null}",,held_unverified,No current official national source establishing this row's hierarchy was verified; absent from the supplied ISO mirror. Retain existing level and parent; code/identity review is outside this round.,https://github.com/dr5hn/countries-states-cities-database/blob/85fb8848193db488eb7156d5b7c4d70f395a1c9f/.github/fixes-docs/FIX_1643_SUMMARY.md
5364,TC,North Caicos,TC-02,held,"{""level"": null, ""parent_id"": null}",,held_unverified,No current official national source establishing this row's hierarchy was verified; absent from the supplied ISO mirror. Retain existing level and parent; code/identity review is outside this round.,https://github.com/dr5hn/countries-states-cities-database/blob/85fb8848193db488eb7156d5b7c4d70f395a1c9f/.github/fixes-docs/FIX_1643_SUMMARY.md
5365,TC,Middle Caicos,TC-03,held,"{""level"": null, ""parent_id"": null}",,held_unverified,No current official national source establishing this row's hierarchy was verified; absent from the supplied ISO mirror. Retain existing level and parent; code/identity review is outside this round.,https://github.com/dr5hn/countries-states-cities-database/blob/85fb8848193db488eb7156d5b7c4d70f395a1c9f/.github/fixes-docs/FIX_1643_SUMMARY.md
5366,TC,South Caicos,TC-04,held,"{""level"": null, ""parent_id"": null}",,held_unverified,No current official national source establishing this row's hierarchy was verified; absent from the supplied ISO mirror. Retain existing level and parent; code/identity review is outside this round.,https://github.com/dr5hn/countries-states-cities-database/blob/85fb8848193db488eb7156d5b7c4d70f395a1c9f/.github/fixes-docs/FIX_1643_SUMMARY.md
5367,TC,Grand Turk,TC-05,held,"{""level"": null, ""parent_id"": null}",,held_unverified,No current official national source establishing this row's hierarchy was verified; absent from the supplied ISO mirror. Retain existing level and parent; code/identity review is outside this round.,https://github.com/dr5hn/countries-states-cities-database/blob/85fb8848193db488eb7156d5b7c4d70f395a1c9f/.github/fixes-docs/FIX_1643_SUMMARY.md
5368,TC,Salt Cay,TC-06,held,"{""level"": null, ""parent_id"": null}",,held_unverified,No current official national source establishing this row's hierarchy was verified; absent from the supplied ISO mirror. Retain existing level and parent; code/identity review is outside this round.,https://github.com/dr5hn/countries-states-cities-database/blob/85fb8848193db488eb7156d5b7c4d70f395a1c9f/.github/fixes-docs/FIX_1643_SUMMARY.md
3570,TD,Moyen-Chari,TD-MC,changed,"{""level"": null}","{""level"": 1}",iso,ISO 3166-2 depth and parent,
3571,TD,Mayo-Kebbi Ouest,TD-MO,changed,"{""level"": null}","{""level"": 1}",iso,ISO 3166-2 depth and parent,
3572,TD,Sila,TD-SI,changed,"{""level"": null}","{""level"": 1}",iso,ISO 3166-2 depth and parent,
3573,TD,Hadjer-Lamis,TD-HL,changed,"{""level"": null}","{""level"": 1}",iso,ISO 3166-2 depth and parent,
3574,TD,Borkou,TD-BO,changed,"{""level"": null}","{""level"": 1}",iso,ISO 3166-2 depth and parent,
3575,TD,Ennedi-Est,TD-EE,changed,"{""level"": null}","{""level"": 1}",iso,ISO 3166-2 depth and parent,
3576,TD,Guéra,TD-GR,changed,"{""level"": null}","{""level"": 1}",iso,ISO 3166-2 depth and parent,
3577,TD,Lac,TD-LC,changed,"{""level"": null}","{""level"": 1}",iso,ISO 3166-2 depth and parent,
3579,TD,Tandjilé,TD-TA,changed,"{""level"": null}","{""level"": 1}",iso,ISO 3166-2 depth and parent,
3580,TD,Mayo-Kebbi Est,TD-ME,changed,"{""level"": null}","{""level"": 1}",iso,ISO 3166-2 depth and parent,
3581,TD,Wadi Fira,TD-WF,changed,"{""level"": null}","{""level"": 1}",iso,ISO 3166-2 depth and parent,
3582,TD,Ouaddaï,TD-OD,changed,"{""level"": null}","{""level"": 1}",iso,ISO 3166-2 depth and parent,
3583,TD,Bahr el Gazel,TD-BG,changed,"{""level"": null}","{""level"": 1}",iso,ISO 3166-2 depth and parent,
3584,TD,Ennedi-Ouest,TD-EO,changed,"{""level"": null}","{""level"": 1}",iso,ISO 3166-2 depth and parent,
3585,TD,Logone Occidental,TD-LO,changed,"{""level"": null}","{""level"": 1}",iso,ISO 3166-2 depth and parent,
3586,TD,N'Djamena,TD-ND,changed,"{""level"": null}","{""level"": 1}",iso,ISO 3166-2 depth and parent,
3587,TD,Tibesti,TD-TI,changed,"{""level"": null}","{""level"": 1}",iso,ISO 3166-2 depth and parent,
3588,TD,Kanem,TD-KA,changed,"{""level"": null}","{""level"": 1}",iso,ISO 3166-2 depth and parent,
3589,TD,Mandoul,TD-MA,changed,"{""level"": null}","{""level"": 1}",iso,ISO 3166-2 depth and parent,
3590,TD,Batha,TD-BA,changed,"{""level"": null}","{""level"": 1}",iso,ISO 3166-2 depth and parent,
3591,TD,Logone Oriental,TD-LR,changed,"{""level"": null}","{""level"": 1}",iso,ISO 3166-2 depth and parent,
3592,TD,Salamat,TD-SA,changed,"{""level"": null}","{""level"": 1}",iso,ISO 3166-2 depth and parent,
5822,TF,Adélie Land,,held,"{""level"": null, ""parent_id"": null}",,held_unverified,Intentional null-ISO local extension from prior audits; no fresh operative hierarchy provision verified in this round. Preserve existing values and do not recode ISO/local keys.,https://github.com/dr5hn/countries-states-cities-database/blob/85fb8848193db488eb7156d5b7c4d70f395a1c9f/.github/fixes-docs/FIX_1643_SUMMARY.md
5823,TF,Crozet Islands,,held,"{""level"": null, ""parent_id"": null}",,held_unverified,Intentional null-ISO local extension from prior audits; no fresh operative hierarchy provision verified in this round. Preserve existing values and do not recode ISO/local keys.,https://github.com/dr5hn/countries-states-cities-database/blob/85fb8848193db488eb7156d5b7c4d70f395a1c9f/.github/fixes-docs/FIX_1643_SUMMARY.md
5824,TF,Kerguelen Islands,,held,"{""level"": null, ""parent_id"": null}",,held_unverified,Intentional null-ISO local extension from prior audits; no fresh operative hierarchy provision verified in this round. Preserve existing values and do not recode ISO/local keys.,https://github.com/dr5hn/countries-states-cities-database/blob/85fb8848193db488eb7156d5b7c4d70f395a1c9f/.github/fixes-docs/FIX_1643_SUMMARY.md
5825,TF,Saint-Paul and Amsterdam Islands,,held,"{""level"": null, ""parent_id"": null}",,held_unverified,Intentional null-ISO local extension from prior audits; no fresh operative hierarchy provision verified in this round. Preserve existing values and do not recode ISO/local keys.,https://github.com/dr5hn/countries-states-cities-database/blob/85fb8848193db488eb7156d5b7c4d70f395a1c9f/.github/fixes-docs/FIX_1643_SUMMARY.md
5826,TF,Scattered Islands,,held,"{""level"": null, ""parent_id"": null}",,held_unverified,Intentional null-ISO local extension from prior audits; no fresh operative hierarchy provision verified in this round. Preserve existing values and do not recode ISO/local keys.,https://github.com/dr5hn/countries-states-cities-database/blob/85fb8848193db488eb7156d5b7c4d70f395a1c9f/.github/fixes-docs/FIX_1643_SUMMARY.md
3478,TH,Krabi,TH-81,changed,"{""level"": null}","{""level"": 1}",iso,ISO 3166-2 depth and parent,
3479,TH,Ranong,TH-85,changed,"{""level"": null}","{""level"": 1}",iso,ISO 3166-2 depth and parent,
3480,TH,Nong Bua Lam Phu,TH-39,changed,"{""level"": null}","{""level"": 1}",iso,ISO 3166-2 depth and parent,
3481,TH,Samut Prakan,TH-11,changed,"{""level"": null}","{""level"": 1}",iso,ISO 3166-2 depth and parent,
3482,TH,Surat Thani,TH-84,changed,"{""level"": null}","{""level"": 1}",iso,ISO 3166-2 depth and parent,
3483,TH,Lamphun,TH-51,changed,"{""level"": null}","{""level"": 1}",iso,ISO 3166-2 depth and parent,
3484,TH,Nong Khai,TH-43,changed,"{""level"": null}","{""level"": 1}",iso,ISO 3166-2 depth and parent,
3485,TH,Khon Kaen,TH-40,changed,"{""level"": null}","{""level"": 1}",iso,ISO 3166-2 depth and parent,
3486,TH,Chanthaburi,TH-22,changed,"{""level"": null}","{""level"": 1}",iso,ISO 3166-2 depth and parent,
3487,TH,Saraburi,TH-19,changed,"{""level"": null}","{""level"": 1}",iso,ISO 3166-2 depth and parent,
3488,TH,Phatthalung,TH-93,changed,"{""level"": null}","{""level"": 1}",iso,ISO 3166-2 depth and parent,
3489,TH,Uttaradit,TH-53,changed,"{""level"": null}","{""level"": 1}",iso,ISO 3166-2 depth and parent,
3490,TH,Sing Buri,TH-17,changed,"{""level"": null}","{""level"": 1}",iso,ISO 3166-2 depth and parent,
3491,TH,Chiang Mai,TH-50,changed,"{""level"": null}","{""level"": 1}",iso,ISO 3166-2 depth and parent,
3492,TH,Nakhon Sawan,TH-60,changed,"{""level"": null}","{""level"": 1}",iso,ISO 3166-2 depth and parent,
3493,TH,Yala,TH-95,changed,"{""level"": null}","{""level"": 1}",iso,ISO 3166-2 depth and parent,
3494,TH,Phra Nakhon Si Ayutthaya,TH-14,changed,"{""level"": null}","{""level"": 1}",iso,ISO 3166-2 depth and parent,
3495,TH,Nonthaburi,TH-12,changed,"{""level"": null}","{""level"": 1}",iso,ISO 3166-2 depth and parent,
3496,TH,Trat,TH-23,changed,"{""level"": null}","{""level"": 1}",iso,ISO 3166-2 depth and parent,
3497,TH,Nakhon Ratchasima,TH-30,changed,"{""level"": null}","{""level"": 1}",iso,ISO 3166-2 depth and parent,
3498,TH,Chiang Rai,TH-57,changed,"{""level"": null}","{""level"": 1}",iso,ISO 3166-2 depth and parent,
3499,TH,Ratchaburi,TH-70,changed,"{""level"": null}","{""level"": 1}",iso,ISO 3166-2 depth and parent,
3500,TH,Pathum Thani,TH-13,changed,"{""level"": null}","{""level"": 1}",iso,ISO 3166-2 depth and parent,
3501,TH,Sakon Nakhon,TH-47,changed,"{""level"": null}","{""level"": 1}",iso,ISO 3166-2 depth and parent,
3502,TH,Samut Songkhram,TH-75,changed,"{""level"": null}","{""level"": 1}",iso,ISO 3166-2 depth and parent,
3503,TH,Nakhon Pathom,TH-73,changed,"{""level"": null}","{""level"": 1}",iso,ISO 3166-2 depth and parent,
3504,TH,Samut Sakhon,TH-74,changed,"{""level"": null}","{""level"": 1}",iso,ISO 3166-2 depth and parent,
3505,TH,Mae Hong Son,TH-58,changed,"{""level"": null}","{""level"": 1}",iso,ISO 3166-2 depth and parent,
3506,TH,Phitsanulok,TH-65,changed,"{""level"": null}","{""level"": 1}",iso,ISO 3166-2 depth and parent,
3507,TH,Pattaya,TH-S,changed,"{""level"": null}","{""level"": 1}",iso,ISO 3166-2 depth and parent,
3508,TH,Prachuap Khiri Khan,TH-77,changed,"{""level"": null}","{""level"": 1}",iso,ISO 3166-2 depth and parent,
3509,TH,Loei,TH-42,changed,"{""level"": null}","{""level"": 1}",iso,ISO 3166-2 depth and parent,
3510,TH,Roi Et,TH-45,changed,"{""level"": null}","{""level"": 1}",iso,ISO 3166-2 depth and parent,
3511,TH,Kanchanaburi,TH-71,changed,"{""level"": null}","{""level"": 1}",iso,ISO 3166-2 depth and parent,
3512,TH,Ubon Ratchathani,TH-34,changed,"{""level"": null}","{""level"": 1}",iso,ISO 3166-2 depth and parent,
3513,TH,Chon Buri,TH-20,changed,"{""level"": null}","{""level"": 1}",iso,ISO 3166-2 depth and parent,
3514,TH,Phichit,TH-66,changed,"{""level"": null}","{""level"": 1}",iso,ISO 3166-2 depth and parent,
3515,TH,Phetchabun,TH-67,changed,"{""level"": null}","{""level"": 1}",iso,ISO 3166-2 depth and parent,
3516,TH,Kamphaeng Phet,TH-62,changed,"{""level"": null}","{""level"": 1}",iso,ISO 3166-2 depth and parent,
3517,TH,Maha Sarakham,TH-44,changed,"{""level"": null}","{""level"": 1}",iso,ISO 3166-2 depth and parent,
3518,TH,Rayong,TH-21,changed,"{""level"": null}","{""level"": 1}",iso,ISO 3166-2 depth and parent,
3519,TH,Ang Thong,TH-15,changed,"{""level"": null}","{""level"": 1}",iso,ISO 3166-2 depth and parent,
3520,TH,Nakhon Si Thammarat,TH-80,changed,"{""level"": null}","{""level"": 1}",iso,ISO 3166-2 depth and parent,
3521,TH,Yasothon,TH-35,changed,"{""level"": null}","{""level"": 1}",iso,ISO 3166-2 depth and parent,
3522,TH,Chai Nat,TH-18,changed,"{""level"": null}","{""level"": 1}",iso,ISO 3166-2 depth and parent,
3523,TH,Amnat Charoen,TH-37,changed,"{""level"": null}","{""level"": 1}",iso,ISO 3166-2 depth and parent,
3524,TH,Suphan Buri,TH-72,changed,"{""level"": null}","{""level"": 1}",iso,ISO 3166-2 depth and parent,
3525,TH,Tak,TH-63,changed,"{""level"": null}","{""level"": 1}",iso,ISO 3166-2 depth and parent,
3526,TH,Chumphon,TH-86,changed,"{""level"": null}","{""level"": 1}",iso,ISO 3166-2 depth and parent,
3527,TH,Udon Thani,TH-41,changed,"{""level"": null}","{""level"": 1}",iso,ISO 3166-2 depth and parent,
3528,TH,Phrae,TH-54,changed,"{""level"": null}","{""level"": 1}",iso,ISO 3166-2 depth and parent,
3529,TH,Sa Kaeo,TH-27,changed,"{""level"": null}","{""level"": 1}",iso,ISO 3166-2 depth and parent,
3530,TH,Nan,TH-55,changed,"{""level"": null}","{""level"": 1}",iso,ISO 3166-2 depth and parent,
3531,TH,Surin,TH-32,changed,"{""level"": null}","{""level"": 1}",iso,ISO 3166-2 depth and parent,
3532,TH,Phetchaburi,TH-76,changed,"{""level"": null}","{""level"": 1}",iso,ISO 3166-2 depth and parent,
3533,TH,Bueng Kan,TH-38,changed,"{""level"": null}","{""level"": 1}",iso,ISO 3166-2 depth and parent,
3534,TH,Buri Ram,TH-31,changed,"{""level"": null}","{""level"": 1}",iso,ISO 3166-2 depth and parent,
3535,TH,Nakhon Nayok,TH-26,changed,"{""level"": null}","{""level"": 1}",iso,ISO 3166-2 depth and parent,
3536,TH,Phuket,TH-83,changed,"{""level"": null}","{""level"": 1}",iso,ISO 3166-2 depth and parent,
3537,TH,Satun,TH-91,changed,"{""level"": null}","{""level"": 1}",iso,ISO 3166-2 depth and parent,
3538,TH,Phayao,TH-56,changed,"{""level"": null}","{""level"": 1}",iso,ISO 3166-2 depth and parent,
3539,TH,Songkhla,TH-90,changed,"{""level"": null}","{""level"": 1}",iso,ISO 3166-2 depth and parent,
3540,TH,Pattani,TH-94,changed,"{""level"": null}","{""level"": 1}",iso,ISO 3166-2 depth and parent,
3541,TH,Trang,TH-92,changed,"{""level"": null}","{""level"": 1}",iso,ISO 3166-2 depth and parent,
3542,TH,Prachin Buri,TH-25,changed,"{""level"": null}","{""level"": 1}",iso,ISO 3166-2 depth and parent,
3543,TH,Lop Buri,TH-16,changed,"{""level"": null}","{""level"": 1}",iso,ISO 3166-2 depth and parent,
3544,TH,Lampang,TH-52,changed,"{""level"": null}","{""level"": 1}",iso,ISO 3166-2 depth and parent,
3545,TH,Sukhothai,TH-64,changed,"{""level"": null}","{""level"": 1}",iso,ISO 3166-2 depth and parent,
3546,TH,Mukdahan,TH-49,changed,"{""level"": null}","{""level"": 1}",iso,ISO 3166-2 depth and parent,
3547,TH,Si Sa Ket,TH-33,changed,"{""level"": null}","{""level"": 1}",iso,ISO 3166-2 depth and parent,
3548,TH,Nakhon Phanom,TH-48,changed,"{""level"": null}","{""level"": 1}",iso,ISO 3166-2 depth and parent,
3549,TH,Phangnga,TH-82,changed,"{""level"": null}","{""level"": 1}",iso,ISO 3166-2 depth and parent,
3550,TH,Kalasin,TH-46,changed,"{""level"": null}","{""level"": 1}",iso,ISO 3166-2 depth and parent,
3551,TH,Uthai Thani,TH-61,changed,"{""level"": null}","{""level"": 1}",iso,ISO 3166-2 depth and parent,
3552,TH,Chachoengsao,TH-24,changed,"{""level"": null}","{""level"": 1}",iso,ISO 3166-2 depth and parent,
3553,TH,Narathiwat,TH-96,changed,"{""level"": null}","{""level"": 1}",iso,ISO 3166-2 depth and parent,
3554,TH,Bangkok,TH-10,changed,"{""level"": null}","{""level"": 1}",iso,ISO 3166-2 depth and parent,
3397,TJ,Nohiyahoi Tobei Jumhurí ,TJ-RA,changed,"{""level"": null}","{""level"": 1}",iso,ISO 3166-2 depth and parent,
3398,TJ,Khatlon,TJ-KT,changed,"{""level"": null}","{""level"": 1}",iso,ISO 3166-2 depth and parent,
3399,TJ,Gorno-Badakhshan,TJ-GB,changed,"{""level"": null}","{""level"": 1}",iso,ISO 3166-2 depth and parent,
3400,TJ,Sughd ,TJ-SU,changed,"{""level"": null}","{""level"": 1}",iso,ISO 3166-2 depth and parent,
5706,TJ,Dushanbe,TJ-DU,changed,"{""level"": null}","{""level"": 1}",iso,ISO 3166-2 depth and parent,
4514,TL,Viqueque,TL-VI,changed,"{""level"": null}","{""level"": 1}",iso,ISO 3166-2 depth and parent,
4515,TL,Liquiçá,TL-LI,changed,"{""level"": null}","{""level"": 1}",iso,ISO 3166-2 depth and parent,
4516,TL,Ermera,TL-ER,changed,"{""level"": null}","{""level"": 1}",iso,ISO 3166-2 depth and parent,
4517,TL,Manatuto,TL-MT,changed,"{""level"": null}","{""level"": 1}",iso,ISO 3166-2 depth and parent,
4518,TL,Ainaro,TL-AN,changed,"{""level"": null}","{""level"": 1}",iso,ISO 3166-2 depth and parent,
4519,TL,Manufahi,TL-MF,changed,"{""level"": null}","{""level"": 1}",iso,ISO 3166-2 depth and parent,
4520,TL,Aileu,TL-AL,changed,"{""level"": null}","{""level"": 1}",iso,ISO 3166-2 depth and parent,
4521,TL,Baucau,TL-BA,changed,"{""level"": null}","{""level"": 1}",iso,ISO 3166-2 depth and parent,
4522,TL,Cova Lima,TL-CO,changed,"{""level"": null}","{""level"": 1}",iso,ISO 3166-2 depth and parent,
4523,TL,Lautém,TL-LA,changed,"{""level"": null}","{""level"": 1}",iso,ISO 3166-2 depth and parent,
4524,TL,Dili,TL-DI,changed,"{""level"": null}","{""level"": 1}",iso,ISO 3166-2 depth and parent,
4525,TL,Bobonaro,TL-BO,changed,"{""level"": null}","{""level"": 1}",iso,ISO 3166-2 depth and parent,
5550,TL,Oecusse,TL-OE,changed,"{""level"": null}","{""level"": 1}",iso,ISO 3166-2 depth and parent,
3369,TM,Mary,TM-M,changed,"{""level"": null}","{""level"": 1}",iso,ISO 3166-2 depth and parent,
3370,TM,Lebap,TM-L,changed,"{""level"": null}","{""level"": 1}",iso,ISO 3166-2 depth and parent,
3371,TM,Ashgabat,TM-S,changed,"{""level"": null}","{""level"": 1}",iso,ISO 3166-2 depth and parent,
3372,TM,Balkan,TM-B,changed,"{""level"": null}","{""level"": 1}",iso,ISO 3166-2 depth and parent,
3373,TM,Daşoguz,TM-D,changed,"{""level"": null}","{""level"": 1}",iso,ISO 3166-2 depth and parent,
3374,TM,Ahal,TM-A,changed,"{""level"": null}","{""level"": 1}",iso,ISO 3166-2 depth and parent,
3911,TO,Vavaʻu,TO-05,changed,"{""level"": null}","{""level"": 1}",iso,ISO 3166-2 depth and parent,
3912,TO,Tongatapu,TO-04,changed,"{""level"": null}","{""level"": 1}",iso,ISO 3166-2 depth and parent,
3913,TO,Haʻapai,TO-02,changed,"{""level"": null}","{""level"": 1}",iso,ISO 3166-2 depth and parent,
3914,TO,Niuas,TO-03,changed,"{""level"": null}","{""level"": 1}",iso,ISO 3166-2 depth and parent,
3915,TO,ʻEua,TO-01,changed,"{""level"": null}","{""level"": 1}",iso,ISO 3166-2 depth and parent,
4854,TR,Sinop,TR-57,changed,"{""level"": null}","{""level"": 1}",iso,ISO 3166-2 depth and parent,
3354,TT,Couva-Tabaquite-Talparo,TT-CTT,changed,"{""level"": null}","{""level"": 1}",iso,ISO 3166-2 depth and parent,
3356,TT,Rio Claro-Mayaro,TT-MRC,changed,"{""level"": null}","{""level"": 1}",iso,ISO 3166-2 depth and parent,
3357,TT,San Juan-Laventille,TT-SJL,changed,"{""level"": null}","{""level"": 1}",iso,ISO 3166-2 depth and parent,
3358,TT,Tunapuna-Piarco,TT-TUP,changed,"{""level"": null}","{""level"": 1}",iso,ISO 3166-2 depth and parent,
3359,TT,San Fernando,TT-SFO,changed,"{""level"": null}","{""level"": 1}",iso,ISO 3166-2 depth and parent,
3360,TT,Point Fortin,TT-PTF,changed,"{""level"": null}","{""level"": 1}",iso,ISO 3166-2 depth and parent,
3361,TT,Sangre Grande,TT-SGE,changed,"{""level"": null}","{""level"": 1}",iso,ISO 3166-2 depth and parent,
3362,TT,Arima,TT-ARI,changed,"{""level"": null}","{""level"": 1}",iso,ISO 3166-2 depth and parent,
3363,TT,Port of Spain,TT-POS,changed,"{""level"": null}","{""level"": 1}",iso,ISO 3166-2 depth and parent,
3364,TT,Siparia,TT-SIP,changed,"{""level"": null}","{""level"": 1}",iso,ISO 3166-2 depth and parent,
3365,TT,Penal-Debe,TT-PED,changed,"{""level"": null}","{""level"": 1}",iso,ISO 3166-2 depth and parent,
3366,TT,Chaguanas,TT-CHA,changed,"{""level"": null}","{""level"": 1}",iso,ISO 3166-2 depth and parent,
3367,TT,Diego Martin,TT-DMN,changed,"{""level"": null}","{""level"": 1}",iso,ISO 3166-2 depth and parent,
3368,TT,Princes Town,TT-PRT,changed,"{""level"": null}","{""level"": 1}",iso,ISO 3166-2 depth and parent,
5735,TT,Tobago,TT-TOB,changed,"{""level"": null}","{""level"": 1}",iso,ISO 3166-2 depth and parent,
3946,TV,Niutao Island Council,TV-NIT,changed,"{""level"": null}","{""level"": 1}",iso,ISO 3166-2 depth and parent,
3947,TV,Nanumanga,TV-NMG,changed,"{""level"": null}","{""level"": 1}",iso,ISO 3166-2 depth and parent,
3948,TV,Nui,TV-NUI,changed,"{""level"": null}","{""level"": 1}",iso,ISO 3166-2 depth and parent,
3949,TV,Nanumea,TV-NMA,changed,"{""level"": null}","{""level"": 1}",iso,ISO 3166-2 depth and parent,
3950,TV,Vaitupu,TV-VAI,changed,"{""level"": null}","{""level"": 1}",iso,ISO 3166-2 depth and parent,
3951,TV,Funafuti,TV-FUN,changed,"{""level"": null}","{""level"": 1}",iso,ISO 3166-2 depth and parent,
3952,TV,Nukufetau,TV-NKF,changed,"{""level"": null}","{""level"": 1}",iso,ISO 3166-2 depth and parent,
3953,TV,Nukulaelae,TV-NKL,changed,"{""level"": null}","{""level"": 1}",iso,ISO 3166-2 depth and parent,
3402,TW,Yilan,TW-ILA,changed,"{""level"": null}","{""level"": 1}",iso,ISO 3166-2 depth and parent,
3403,TW,Penghu,TW-PEN,changed,"{""level"": null}","{""level"": 1}",iso,ISO 3166-2 depth and parent,
3404,TW,Changhua,TW-CHA,changed,"{""level"": null}","{""level"": 1}",iso,ISO 3166-2 depth and parent,
3405,TW,Pingtung,TW-PIF,changed,"{""level"": null}","{""level"": 1}",iso,ISO 3166-2 depth and parent,
3406,TW,Taichung,TW-TXG,changed,"{""level"": null}","{""level"": 1}",iso,ISO 3166-2 depth and parent,
3407,TW,Nantou,TW-NAN,changed,"{""level"": null}","{""level"": 1}",iso,ISO 3166-2 depth and parent,
3408,TW,Chiayi,TW-CYI,changed,"{""level"": null}","{""level"": 1}",iso,ISO 3166-2 depth and parent,
3410,TW,Taitung,TW-TTT,changed,"{""level"": null}","{""level"": 1}",iso,ISO 3166-2 depth and parent,
3411,TW,Hualien,TW-HUA,changed,"{""level"": null}","{""level"": 1}",iso,ISO 3166-2 depth and parent,
3412,TW,Kaohsiung,TW-KHH,changed,"{""level"": null}","{""level"": 1}",iso,ISO 3166-2 depth and parent,
3413,TW,Miaoli,TW-MIA,changed,"{""level"": null}","{""level"": 1}",iso,ISO 3166-2 depth and parent,
3415,TW,Kinmen,TW-KIN,changed,"{""level"": null}","{""level"": 1}",iso,ISO 3166-2 depth and parent,
3416,TW,Yunlin,TW-YUN,changed,"{""level"": null}","{""level"": 1}",iso,ISO 3166-2 depth and parent,
3417,TW,Hsinchu,TW-HSZ,changed,"{""level"": null}","{""level"": 1}",iso,ISO 3166-2 depth and parent,
3419,TW,Taoyuan,TW-TAO,changed,"{""level"": null}","{""level"": 1}",iso,ISO 3166-2 depth and parent,
3420,TW,Lienchiang,TW-LIE,changed,"{""level"": null}","{""level"": 1}",iso,ISO 3166-2 depth and parent,
3421,TW,Tainan,TW-TNN,changed,"{""level"": null}","{""level"": 1}",iso,ISO 3166-2 depth and parent,
3422,TW,Taipei,TW-TPE,changed,"{""level"": null}","{""level"": 1}",iso,ISO 3166-2 depth and parent,
4965,TW,Keelung,TW-KEE,changed,"{""level"": 3}","{""level"": 1}",iso,ISO 3166-2 depth and parent,
4966,TW,New Taipei,TW-NWT,changed,"{""level"": 3}","{""level"": 1}",iso,ISO 3166-2 depth and parent,
5704,TW,Chiayi County,TW-CYQ,changed,"{""level"": null}","{""level"": 1}",iso,ISO 3166-2 depth and parent,
5705,TW,Hsinchu County,TW-HSQ,changed,"{""level"": null}","{""level"": 1}",iso,ISO 3166-2 depth and parent,
1463,TZ,Shinyanga,TZ-22,changed,"{""level"": null}","{""level"": 1}",iso,ISO 3166-2 depth and parent,
1464,TZ,Simiyu,TZ-30,changed,"{""level"": null}","{""level"": 1}",iso,ISO 3166-2 depth and parent,
1465,TZ,Kagera,TZ-05,changed,"{""level"": null}","{""level"": 1}",iso,ISO 3166-2 depth and parent,
1466,TZ,Dodoma,TZ-03,changed,"{""level"": null}","{""level"": 1}",iso,ISO 3166-2 depth and parent,
1467,TZ,Kilimanjaro,TZ-09,changed,"{""level"": null}","{""level"": 1}",iso,ISO 3166-2 depth and parent,
1468,TZ,Mara,TZ-13,changed,"{""level"": null}","{""level"": 1}",iso,ISO 3166-2 depth and parent,
1469,TZ,Tabora,TZ-24,changed,"{""level"": null}","{""level"": 1}",iso,ISO 3166-2 depth and parent,
1470,TZ,Morogoro,TZ-16,changed,"{""level"": null}","{""level"": 1}",iso,ISO 3166-2 depth and parent,
1471,TZ,Zanzibar South,TZ-11,changed,"{""level"": null}","{""level"": 1}",iso,ISO 3166-2 depth and parent,
1472,TZ,Pemba South,TZ-10,changed,"{""level"": null}","{""level"": 1}",iso,ISO 3166-2 depth and parent,
1473,TZ,Zanzibar North,TZ-07,changed,"{""level"": null}","{""level"": 1}",iso,ISO 3166-2 depth and parent,
1474,TZ,Singida,TZ-23,changed,"{""level"": null}","{""level"": 1}",iso,ISO 3166-2 depth and parent,
1475,TZ,Zanzibar West,TZ-15,changed,"{""level"": null}","{""level"": 1}",iso,ISO 3166-2 depth and parent,
1476,TZ,Mtwara,TZ-17,changed,"{""level"": null}","{""level"": 1}",iso,ISO 3166-2 depth and parent,
1477,TZ,Rukwa,TZ-20,changed,"{""level"": null}","{""level"": 1}",iso,ISO 3166-2 depth and parent,
1478,TZ,Kigoma,TZ-08,changed,"{""level"": null}","{""level"": 1}",iso,ISO 3166-2 depth and parent,
1479,TZ,Mwanza,TZ-18,changed,"{""level"": null}","{""level"": 1}",iso,ISO 3166-2 depth and parent,
1480,TZ,Njombe,TZ-29,changed,"{""level"": null}","{""level"": 1}",iso,ISO 3166-2 depth and parent,
1481,TZ,Geita,TZ-27,changed,"{""level"": null}","{""level"": 1}",iso,ISO 3166-2 depth and parent,
1482,TZ,Katavi,TZ-28,changed,"{""level"": null}","{""level"": 1}",iso,ISO 3166-2 depth and parent,
1483,TZ,Lindi,TZ-12,changed,"{""level"": null}","{""level"": 1}",iso,ISO 3166-2 depth and parent,
1484,TZ,Manyara,TZ-26,changed,"{""level"": null}","{""level"": 1}",iso,ISO 3166-2 depth and parent,
1485,TZ,Pwani,TZ-19,changed,"{""level"": null}","{""level"": 1}",iso,ISO 3166-2 depth and parent,
1486,TZ,Ruvuma,TZ-21,changed,"{""level"": null}","{""level"": 1}",iso,ISO 3166-2 depth and parent,
1487,TZ,Tanga,TZ-25,changed,"{""level"": null}","{""level"": 1}",iso,ISO 3166-2 depth and parent,
1488,TZ,Pemba North,TZ-06,changed,"{""level"": null}","{""level"": 1}",iso,ISO 3166-2 depth and parent,
1489,TZ,Iringa,TZ-04,changed,"{""level"": null}","{""level"": 1}",iso,ISO 3166-2 depth and parent,
1490,TZ,Dar es Salaam,TZ-02,changed,"{""level"": null}","{""level"": 1}",iso,ISO 3166-2 depth and parent,
1491,TZ,Arusha,TZ-01,changed,"{""level"": null}","{""level"": 1}",iso,ISO 3166-2 depth and parent,
1912,UA,Sevastopol,UA-40,changed,"{""level"": null}","{""level"": 1}",iso,ISO 3166-2 depth and parent,
4668,UA,Zhytomyrska,UA-18,changed,"{""level"": null}","{""level"": 1}",iso,ISO 3166-2 depth and parent,
4669,UA,Vinnytska,UA-05,changed,"{""level"": null}","{""level"": 1}",iso,ISO 3166-2 depth and parent,
4670,UA,Zakarpatska,UA-21,changed,"{""level"": null}","{""level"": 1}",iso,ISO 3166-2 depth and parent,
4671,UA,Kyivska,UA-32,changed,"{""level"": null}","{""level"": 1}",iso,ISO 3166-2 depth and parent,
4672,UA,Lvivska,UA-46,changed,"{""level"": null}","{""level"": 1}",iso,ISO 3166-2 depth and parent,
4673,UA,Luhanska,UA-09,changed,"{""level"": null}","{""level"": 1}",iso,ISO 3166-2 depth and parent,
4674,UA,Ternopilska,UA-61,changed,"{""level"": null}","{""level"": 1}",iso,ISO 3166-2 depth and parent,
4675,UA,Dnipropetrovska,UA-12,changed,"{""level"": null}","{""level"": 1}",iso,ISO 3166-2 depth and parent,
4676,UA,Kyiv,UA-30,changed,"{""level"": null}","{""level"": 1}",iso,ISO 3166-2 depth and parent,
4677,UA,Kirovohradska,UA-35,changed,"{""level"": null}","{""level"": 1}",iso,ISO 3166-2 depth and parent,
4678,UA,Chernivetska,UA-77,changed,"{""level"": null}","{""level"": 1}",iso,ISO 3166-2 depth and parent,
4679,UA,Mykolaivska,UA-48,changed,"{""level"": null}","{""level"": 1}",iso,ISO 3166-2 depth and parent,
4680,UA,Cherkaska,UA-71,changed,"{""level"": null}","{""level"": 1}",iso,ISO 3166-2 depth and parent,
4681,UA,Khmelnytska,UA-68,changed,"{""level"": null}","{""level"": 1}",iso,ISO 3166-2 depth and parent,
4682,UA,Ivano-Frankivska,UA-26,changed,"{""level"": null}","{""level"": 1}",iso,ISO 3166-2 depth and parent,
4683,UA,Rivnenska,UA-56,changed,"{""level"": null}","{""level"": 1}",iso,ISO 3166-2 depth and parent,
4684,UA,Khersonska,UA-65,changed,"{""level"": null}","{""level"": 1}",iso,ISO 3166-2 depth and parent,
4685,UA,Sumska,UA-59,changed,"{""level"": null}","{""level"": 1}",iso,ISO 3166-2 depth and parent,
4686,UA,Kharkivska,UA-63,changed,"{""level"": null}","{""level"": 1}",iso,ISO 3166-2 depth and parent,
4687,UA,Zaporizka,UA-23,changed,"{""level"": null}","{""level"": 1}",iso,ISO 3166-2 depth and parent,
4688,UA,Odeska,UA-51,changed,"{""level"": null}","{""level"": 1}",iso,ISO 3166-2 depth and parent,
4689,UA,Autonomous Republic of Crimea,UA-43,changed,"{""level"": null}","{""level"": 1}",iso,ISO 3166-2 depth and parent,
4690,UA,Volynska,UA-07,changed,"{""level"": null}","{""level"": 1}",iso,ISO 3166-2 depth and parent,
4691,UA,Donetska,UA-14,changed,"{""level"": null}","{""level"": 1}",iso,ISO 3166-2 depth and parent,
4692,UA,Chernihivska,UA-74,changed,"{""level"": null}","{""level"": 1}",iso,ISO 3166-2 depth and parent,
324,UG,Rukungiri,UG-412,held,"{""level"": 1, ""parent_id"": 370}",,held_conflict,"UBOS administrative-unit information and district/subcounty profiles do not establish the four ISO geographic regions as statutory district parents. Kampala has separate central-government status (Constitution article 5). Hold regional/depth convention, retaining existing district level 1.",https://www.ubos.org/uganda-profile/ https://github.com/dr5hn/countries-states-cities-database/blob/85fb8848193db488eb7156d5b7c4d70f395a1c9f/ADMINISTRATIVE_STRUCTURE.md
325,UG,Kyankwanzi,UG-123,held,"{""level"": 1, ""parent_id"": 396}",,held_conflict,"UBOS administrative-unit information and district/subcounty profiles do not establish the four ISO geographic regions as statutory district parents. Kampala has separate central-government status (Constitution article 5). Hold regional/depth convention, retaining existing district level 1.",https://www.ubos.org/uganda-profile/ https://github.com/dr5hn/countries-states-cities-database/blob/85fb8848193db488eb7156d5b7c4d70f395a1c9f/ADMINISTRATIVE_STRUCTURE.md
326,UG,Kabarole,UG-405,held,"{""level"": 1, ""parent_id"": 370}",,held_conflict,"UBOS administrative-unit information and district/subcounty profiles do not establish the four ISO geographic regions as statutory district parents. Kampala has separate central-government status (Constitution article 5). Hold regional/depth convention, retaining existing district level 1.",https://www.ubos.org/uganda-profile/ https://github.com/dr5hn/countries-states-cities-database/blob/85fb8848193db488eb7156d5b7c4d70f395a1c9f/ADMINISTRATIVE_STRUCTURE.md
327,UG,Mpigi,UG-106,held,"{""level"": 1, ""parent_id"": 396}",,held_conflict,"UBOS administrative-unit information and district/subcounty profiles do not establish the four ISO geographic regions as statutory district parents. Kampala has separate central-government status (Constitution article 5). Hold regional/depth convention, retaining existing district level 1.",https://www.ubos.org/uganda-profile/ https://github.com/dr5hn/countries-states-cities-database/blob/85fb8848193db488eb7156d5b7c4d70f395a1c9f/ADMINISTRATIVE_STRUCTURE.md
328,UG,Apac,UG-302,held,"{""level"": 1, ""parent_id"": 332}",,held_conflict,"UBOS administrative-unit information and district/subcounty profiles do not establish the four ISO geographic regions as statutory district parents. Kampala has separate central-government status (Constitution article 5). Hold regional/depth convention, retaining existing district level 1.",https://www.ubos.org/uganda-profile/ https://github.com/dr5hn/countries-states-cities-database/blob/85fb8848193db488eb7156d5b7c4d70f395a1c9f/ADMINISTRATIVE_STRUCTURE.md
329,UG,Abim,UG-314,held,"{""level"": 1, ""parent_id"": 332}",,held_conflict,"UBOS administrative-unit information and district/subcounty profiles do not establish the four ISO geographic regions as statutory district parents. Kampala has separate central-government status (Constitution article 5). Hold regional/depth convention, retaining existing district level 1.",https://www.ubos.org/uganda-profile/ https://github.com/dr5hn/countries-states-cities-database/blob/85fb8848193db488eb7156d5b7c4d70f395a1c9f/ADMINISTRATIVE_STRUCTURE.md
330,UG,Yumbe,UG-313,held,"{""level"": 1, ""parent_id"": 332}",,held_conflict,"UBOS administrative-unit information and district/subcounty profiles do not establish the four ISO geographic regions as statutory district parents. Kampala has separate central-government status (Constitution article 5). Hold regional/depth convention, retaining existing district level 1.",https://www.ubos.org/uganda-profile/ https://github.com/dr5hn/countries-states-cities-database/blob/85fb8848193db488eb7156d5b7c4d70f395a1c9f/ADMINISTRATIVE_STRUCTURE.md
331,UG,Rukiga,UG-431,held,"{""level"": 1, ""parent_id"": 370}",,held_conflict,"UBOS administrative-unit information and district/subcounty profiles do not establish the four ISO geographic regions as statutory district parents. Kampala has separate central-government status (Constitution article 5). Hold regional/depth convention, retaining existing district level 1.",https://www.ubos.org/uganda-profile/ https://github.com/dr5hn/countries-states-cities-database/blob/85fb8848193db488eb7156d5b7c4d70f395a1c9f/ADMINISTRATIVE_STRUCTURE.md
332,UG,Northern,UG-N,held,"{""level"": null, ""parent_id"": null}",,held_conflict,"UBOS administrative-unit information and district/subcounty profiles do not establish the four ISO geographic regions as statutory district parents. Kampala has separate central-government status (Constitution article 5). Hold regional/depth convention, retaining existing district level 1.",https://www.ubos.org/uganda-profile/ https://github.com/dr5hn/countries-states-cities-database/blob/85fb8848193db488eb7156d5b7c4d70f395a1c9f/ADMINISTRATIVE_STRUCTURE.md
333,UG,Serere,UG-232,held,"{""level"": 1, ""parent_id"": 372}",,held_conflict,"UBOS administrative-unit information and district/subcounty profiles do not establish the four ISO geographic regions as statutory district parents. Kampala has separate central-government status (Constitution article 5). Hold regional/depth convention, retaining existing district level 1.",https://www.ubos.org/uganda-profile/ https://github.com/dr5hn/countries-states-cities-database/blob/85fb8848193db488eb7156d5b7c4d70f395a1c9f/ADMINISTRATIVE_STRUCTURE.md
334,UG,Kamuli,UG-205,held,"{""level"": 1, ""parent_id"": 372}",,held_conflict,"UBOS administrative-unit information and district/subcounty profiles do not establish the four ISO geographic regions as statutory district parents. Kampala has separate central-government status (Constitution article 5). Hold regional/depth convention, retaining existing district level 1.",https://www.ubos.org/uganda-profile/ https://github.com/dr5hn/countries-states-cities-database/blob/85fb8848193db488eb7156d5b7c4d70f395a1c9f/ADMINISTRATIVE_STRUCTURE.md
335,UG,Amuru,UG-316,held,"{""level"": 1, ""parent_id"": 332}",,held_conflict,"UBOS administrative-unit information and district/subcounty profiles do not establish the four ISO geographic regions as statutory district parents. Kampala has separate central-government status (Constitution article 5). Hold regional/depth convention, retaining existing district level 1.",https://www.ubos.org/uganda-profile/ https://github.com/dr5hn/countries-states-cities-database/blob/85fb8848193db488eb7156d5b7c4d70f395a1c9f/ADMINISTRATIVE_STRUCTURE.md
336,UG,Kaberamaido,UG-213,held,"{""level"": 1, ""parent_id"": 372}",,held_conflict,"UBOS administrative-unit information and district/subcounty profiles do not establish the four ISO geographic regions as statutory district parents. Kampala has separate central-government status (Constitution article 5). Hold regional/depth convention, retaining existing district level 1.",https://www.ubos.org/uganda-profile/ https://github.com/dr5hn/countries-states-cities-database/blob/85fb8848193db488eb7156d5b7c4d70f395a1c9f/ADMINISTRATIVE_STRUCTURE.md
337,UG,Namutumba,UG-224,held,"{""level"": 1, ""parent_id"": 372}",,held_conflict,"UBOS administrative-unit information and district/subcounty profiles do not establish the four ISO geographic regions as statutory district parents. Kampala has separate central-government status (Constitution article 5). Hold regional/depth convention, retaining existing district level 1.",https://www.ubos.org/uganda-profile/ https://github.com/dr5hn/countries-states-cities-database/blob/85fb8848193db488eb7156d5b7c4d70f395a1c9f/ADMINISTRATIVE_STRUCTURE.md
338,UG,Kibuku,UG-227,held,"{""level"": 1, ""parent_id"": 372}",,held_conflict,"UBOS administrative-unit information and district/subcounty profiles do not establish the four ISO geographic regions as statutory district parents. Kampala has separate central-government status (Constitution article 5). Hold regional/depth convention, retaining existing district level 1.",https://www.ubos.org/uganda-profile/ https://github.com/dr5hn/countries-states-cities-database/blob/85fb8848193db488eb7156d5b7c4d70f395a1c9f/ADMINISTRATIVE_STRUCTURE.md
339,UG,Ibanda,UG-417,held,"{""level"": 1, ""parent_id"": 370}",,held_conflict,"UBOS administrative-unit information and district/subcounty profiles do not establish the four ISO geographic regions as statutory district parents. Kampala has separate central-government status (Constitution article 5). Hold regional/depth convention, retaining existing district level 1.",https://www.ubos.org/uganda-profile/ https://github.com/dr5hn/countries-states-cities-database/blob/85fb8848193db488eb7156d5b7c4d70f395a1c9f/ADMINISTRATIVE_STRUCTURE.md
340,UG,Iganga,UG-203,held,"{""level"": 1, ""parent_id"": 372}",,held_conflict,"UBOS administrative-unit information and district/subcounty profiles do not establish the four ISO geographic regions as statutory district parents. Kampala has separate central-government status (Constitution article 5). Hold regional/depth convention, retaining existing district level 1.",https://www.ubos.org/uganda-profile/ https://github.com/dr5hn/countries-states-cities-database/blob/85fb8848193db488eb7156d5b7c4d70f395a1c9f/ADMINISTRATIVE_STRUCTURE.md
341,UG,Dokolo,UG-317,held,"{""level"": 1, ""parent_id"": 332}",,held_conflict,"UBOS administrative-unit information and district/subcounty profiles do not establish the four ISO geographic regions as statutory district parents. Kampala has separate central-government status (Constitution article 5). Hold regional/depth convention, retaining existing district level 1.",https://www.ubos.org/uganda-profile/ https://github.com/dr5hn/countries-states-cities-database/blob/85fb8848193db488eb7156d5b7c4d70f395a1c9f/ADMINISTRATIVE_STRUCTURE.md
342,UG,Lira,UG-307,held,"{""level"": 1, ""parent_id"": 332}",,held_conflict,"UBOS administrative-unit information and district/subcounty profiles do not establish the four ISO geographic regions as statutory district parents. Kampala has separate central-government status (Constitution article 5). Hold regional/depth convention, retaining existing district level 1.",https://www.ubos.org/uganda-profile/ https://github.com/dr5hn/countries-states-cities-database/blob/85fb8848193db488eb7156d5b7c4d70f395a1c9f/ADMINISTRATIVE_STRUCTURE.md
343,UG,Bukedea,UG-219,held,"{""level"": 1, ""parent_id"": 372}",,held_conflict,"UBOS administrative-unit information and district/subcounty profiles do not establish the four ISO geographic regions as statutory district parents. Kampala has separate central-government status (Constitution article 5). Hold regional/depth convention, retaining existing district level 1.",https://www.ubos.org/uganda-profile/ https://github.com/dr5hn/countries-states-cities-database/blob/85fb8848193db488eb7156d5b7c4d70f395a1c9f/ADMINISTRATIVE_STRUCTURE.md
344,UG,Alebtong,UG-323,held,"{""level"": 1, ""parent_id"": 332}",,held_conflict,"UBOS administrative-unit information and district/subcounty profiles do not establish the four ISO geographic regions as statutory district parents. Kampala has separate central-government status (Constitution article 5). Hold regional/depth convention, retaining existing district level 1.",https://www.ubos.org/uganda-profile/ https://github.com/dr5hn/countries-states-cities-database/blob/85fb8848193db488eb7156d5b7c4d70f395a1c9f/ADMINISTRATIVE_STRUCTURE.md
345,UG,Koboko,UG-319,held,"{""level"": 1, ""parent_id"": 332}",,held_conflict,"UBOS administrative-unit information and district/subcounty profiles do not establish the four ISO geographic regions as statutory district parents. Kampala has separate central-government status (Constitution article 5). Hold regional/depth convention, retaining existing district level 1.",https://www.ubos.org/uganda-profile/ https://github.com/dr5hn/countries-states-cities-database/blob/85fb8848193db488eb7156d5b7c4d70f395a1c9f/ADMINISTRATIVE_STRUCTURE.md
346,UG,Kiryandongo,UG-421,held,"{""level"": 1, ""parent_id"": 370}",,held_conflict,"UBOS administrative-unit information and district/subcounty profiles do not establish the four ISO geographic regions as statutory district parents. Kampala has separate central-government status (Constitution article 5). Hold regional/depth convention, retaining existing district level 1.",https://www.ubos.org/uganda-profile/ https://github.com/dr5hn/countries-states-cities-database/blob/85fb8848193db488eb7156d5b7c4d70f395a1c9f/ADMINISTRATIVE_STRUCTURE.md
347,UG,Kiboga,UG-103,held,"{""level"": 1, ""parent_id"": 396}",,held_conflict,"UBOS administrative-unit information and district/subcounty profiles do not establish the four ISO geographic regions as statutory district parents. Kampala has separate central-government status (Constitution article 5). Hold regional/depth convention, retaining existing district level 1.",https://www.ubos.org/uganda-profile/ https://github.com/dr5hn/countries-states-cities-database/blob/85fb8848193db488eb7156d5b7c4d70f395a1c9f/ADMINISTRATIVE_STRUCTURE.md
348,UG,Kitgum,UG-305,held,"{""level"": 1, ""parent_id"": 332}",,held_conflict,"UBOS administrative-unit information and district/subcounty profiles do not establish the four ISO geographic regions as statutory district parents. Kampala has separate central-government status (Constitution article 5). Hold regional/depth convention, retaining existing district level 1.",https://www.ubos.org/uganda-profile/ https://github.com/dr5hn/countries-states-cities-database/blob/85fb8848193db488eb7156d5b7c4d70f395a1c9f/ADMINISTRATIVE_STRUCTURE.md
349,UG,Bududa,UG-218,held,"{""level"": 1, ""parent_id"": 372}",,held_conflict,"UBOS administrative-unit information and district/subcounty profiles do not establish the four ISO geographic regions as statutory district parents. Kampala has separate central-government status (Constitution article 5). Hold regional/depth convention, retaining existing district level 1.",https://www.ubos.org/uganda-profile/ https://github.com/dr5hn/countries-states-cities-database/blob/85fb8848193db488eb7156d5b7c4d70f395a1c9f/ADMINISTRATIVE_STRUCTURE.md
350,UG,Mbale,UG-209,held,"{""level"": 1, ""parent_id"": 372}",,held_conflict,"UBOS administrative-unit information and district/subcounty profiles do not establish the four ISO geographic regions as statutory district parents. Kampala has separate central-government status (Constitution article 5). Hold regional/depth convention, retaining existing district level 1.",https://www.ubos.org/uganda-profile/ https://github.com/dr5hn/countries-states-cities-database/blob/85fb8848193db488eb7156d5b7c4d70f395a1c9f/ADMINISTRATIVE_STRUCTURE.md
351,UG,Namayingo,UG-230,held,"{""level"": 1, ""parent_id"": 372}",,held_conflict,"UBOS administrative-unit information and district/subcounty profiles do not establish the four ISO geographic regions as statutory district parents. Kampala has separate central-government status (Constitution article 5). Hold regional/depth convention, retaining existing district level 1.",https://www.ubos.org/uganda-profile/ https://github.com/dr5hn/countries-states-cities-database/blob/85fb8848193db488eb7156d5b7c4d70f395a1c9f/ADMINISTRATIVE_STRUCTURE.md
352,UG,Amuria,UG-216,held,"{""level"": 1, ""parent_id"": 372}",,held_conflict,"UBOS administrative-unit information and district/subcounty profiles do not establish the four ISO geographic regions as statutory district parents. Kampala has separate central-government status (Constitution article 5). Hold regional/depth convention, retaining existing district level 1.",https://www.ubos.org/uganda-profile/ https://github.com/dr5hn/countries-states-cities-database/blob/85fb8848193db488eb7156d5b7c4d70f395a1c9f/ADMINISTRATIVE_STRUCTURE.md
353,UG,Amudat,UG-324,held,"{""level"": 1, ""parent_id"": 332}",,held_conflict,"UBOS administrative-unit information and district/subcounty profiles do not establish the four ISO geographic regions as statutory district parents. Kampala has separate central-government status (Constitution article 5). Hold regional/depth convention, retaining existing district level 1.",https://www.ubos.org/uganda-profile/ https://github.com/dr5hn/countries-states-cities-database/blob/85fb8848193db488eb7156d5b7c4d70f395a1c9f/ADMINISTRATIVE_STRUCTURE.md
354,UG,Masindi,UG-409,held,"{""level"": 1, ""parent_id"": 370}",,held_conflict,"UBOS administrative-unit information and district/subcounty profiles do not establish the four ISO geographic regions as statutory district parents. Kampala has separate central-government status (Constitution article 5). Hold regional/depth convention, retaining existing district level 1.",https://www.ubos.org/uganda-profile/ https://github.com/dr5hn/countries-states-cities-database/blob/85fb8848193db488eb7156d5b7c4d70f395a1c9f/ADMINISTRATIVE_STRUCTURE.md
355,UG,Kiruhura,UG-419,held,"{""level"": 1, ""parent_id"": 370}",,held_conflict,"UBOS administrative-unit information and district/subcounty profiles do not establish the four ISO geographic regions as statutory district parents. Kampala has separate central-government status (Constitution article 5). Hold regional/depth convention, retaining existing district level 1.",https://www.ubos.org/uganda-profile/ https://github.com/dr5hn/countries-states-cities-database/blob/85fb8848193db488eb7156d5b7c4d70f395a1c9f/ADMINISTRATIVE_STRUCTURE.md
356,UG,Masaka,UG-105,held,"{""level"": 1, ""parent_id"": 396}",,held_conflict,"UBOS administrative-unit information and district/subcounty profiles do not establish the four ISO geographic regions as statutory district parents. Kampala has separate central-government status (Constitution article 5). Hold regional/depth convention, retaining existing district level 1.",https://www.ubos.org/uganda-profile/ https://github.com/dr5hn/countries-states-cities-database/blob/85fb8848193db488eb7156d5b7c4d70f395a1c9f/ADMINISTRATIVE_STRUCTURE.md
357,UG,Pakwach,UG-332,held,"{""level"": 1, ""parent_id"": 332}",,held_conflict,"UBOS administrative-unit information and district/subcounty profiles do not establish the four ISO geographic regions as statutory district parents. Kampala has separate central-government status (Constitution article 5). Hold regional/depth convention, retaining existing district level 1.",https://www.ubos.org/uganda-profile/ https://github.com/dr5hn/countries-states-cities-database/blob/85fb8848193db488eb7156d5b7c4d70f395a1c9f/ADMINISTRATIVE_STRUCTURE.md
358,UG,Rubanda,UG-429,held,"{""level"": 1, ""parent_id"": 370}",,held_conflict,"UBOS administrative-unit information and district/subcounty profiles do not establish the four ISO geographic regions as statutory district parents. Kampala has separate central-government status (Constitution article 5). Hold regional/depth convention, retaining existing district level 1.",https://www.ubos.org/uganda-profile/ https://github.com/dr5hn/countries-states-cities-database/blob/85fb8848193db488eb7156d5b7c4d70f395a1c9f/ADMINISTRATIVE_STRUCTURE.md
359,UG,Tororo,UG-212,held,"{""level"": 1, ""parent_id"": 372}",,held_conflict,"UBOS administrative-unit information and district/subcounty profiles do not establish the four ISO geographic regions as statutory district parents. Kampala has separate central-government status (Constitution article 5). Hold regional/depth convention, retaining existing district level 1.",https://www.ubos.org/uganda-profile/ https://github.com/dr5hn/countries-states-cities-database/blob/85fb8848193db488eb7156d5b7c4d70f395a1c9f/ADMINISTRATIVE_STRUCTURE.md
360,UG,Kamwenge,UG-413,held,"{""level"": 1, ""parent_id"": 370}",,held_conflict,"UBOS administrative-unit information and district/subcounty profiles do not establish the four ISO geographic regions as statutory district parents. Kampala has separate central-government status (Constitution article 5). Hold regional/depth convention, retaining existing district level 1.",https://www.ubos.org/uganda-profile/ https://github.com/dr5hn/countries-states-cities-database/blob/85fb8848193db488eb7156d5b7c4d70f395a1c9f/ADMINISTRATIVE_STRUCTURE.md
361,UG,Adjumani,UG-301,held,"{""level"": 1, ""parent_id"": 332}",,held_conflict,"UBOS administrative-unit information and district/subcounty profiles do not establish the four ISO geographic regions as statutory district parents. Kampala has separate central-government status (Constitution article 5). Hold regional/depth convention, retaining existing district level 1.",https://www.ubos.org/uganda-profile/ https://github.com/dr5hn/countries-states-cities-database/blob/85fb8848193db488eb7156d5b7c4d70f395a1c9f/ADMINISTRATIVE_STRUCTURE.md
362,UG,Wakiso,UG-113,held,"{""level"": 1, ""parent_id"": 396}",,held_conflict,"UBOS administrative-unit information and district/subcounty profiles do not establish the four ISO geographic regions as statutory district parents. Kampala has separate central-government status (Constitution article 5). Hold regional/depth convention, retaining existing district level 1.",https://www.ubos.org/uganda-profile/ https://github.com/dr5hn/countries-states-cities-database/blob/85fb8848193db488eb7156d5b7c4d70f395a1c9f/ADMINISTRATIVE_STRUCTURE.md
363,UG,Moyo,UG-309,held,"{""level"": 1, ""parent_id"": 332}",,held_conflict,"UBOS administrative-unit information and district/subcounty profiles do not establish the four ISO geographic regions as statutory district parents. Kampala has separate central-government status (Constitution article 5). Hold regional/depth convention, retaining existing district level 1.",https://www.ubos.org/uganda-profile/ https://github.com/dr5hn/countries-states-cities-database/blob/85fb8848193db488eb7156d5b7c4d70f395a1c9f/ADMINISTRATIVE_STRUCTURE.md
364,UG,Mityana,UG-115,held,"{""level"": 1, ""parent_id"": 396}",,held_conflict,"UBOS administrative-unit information and district/subcounty profiles do not establish the four ISO geographic regions as statutory district parents. Kampala has separate central-government status (Constitution article 5). Hold regional/depth convention, retaining existing district level 1.",https://www.ubos.org/uganda-profile/ https://github.com/dr5hn/countries-states-cities-database/blob/85fb8848193db488eb7156d5b7c4d70f395a1c9f/ADMINISTRATIVE_STRUCTURE.md
365,UG,Butaleja,UG-221,held,"{""level"": 1, ""parent_id"": 372}",,held_conflict,"UBOS administrative-unit information and district/subcounty profiles do not establish the four ISO geographic regions as statutory district parents. Kampala has separate central-government status (Constitution article 5). Hold regional/depth convention, retaining existing district level 1.",https://www.ubos.org/uganda-profile/ https://github.com/dr5hn/countries-states-cities-database/blob/85fb8848193db488eb7156d5b7c4d70f395a1c9f/ADMINISTRATIVE_STRUCTURE.md
366,UG,Gomba,UG-121,held,"{""level"": 1, ""parent_id"": 396}",,held_conflict,"UBOS administrative-unit information and district/subcounty profiles do not establish the four ISO geographic regions as statutory district parents. Kampala has separate central-government status (Constitution article 5). Hold regional/depth convention, retaining existing district level 1.",https://www.ubos.org/uganda-profile/ https://github.com/dr5hn/countries-states-cities-database/blob/85fb8848193db488eb7156d5b7c4d70f395a1c9f/ADMINISTRATIVE_STRUCTURE.md
367,UG,Jinja,UG-204,held,"{""level"": 1, ""parent_id"": 372}",,held_conflict,"UBOS administrative-unit information and district/subcounty profiles do not establish the four ISO geographic regions as statutory district parents. Kampala has separate central-government status (Constitution article 5). Hold regional/depth convention, retaining existing district level 1.",https://www.ubos.org/uganda-profile/ https://github.com/dr5hn/countries-states-cities-database/blob/85fb8848193db488eb7156d5b7c4d70f395a1c9f/ADMINISTRATIVE_STRUCTURE.md
368,UG,Kayunga,UG-112,held,"{""level"": 1, ""parent_id"": 396}",,held_conflict,"UBOS administrative-unit information and district/subcounty profiles do not establish the four ISO geographic regions as statutory district parents. Kampala has separate central-government status (Constitution article 5). Hold regional/depth convention, retaining existing district level 1.",https://www.ubos.org/uganda-profile/ https://github.com/dr5hn/countries-states-cities-database/blob/85fb8848193db488eb7156d5b7c4d70f395a1c9f/ADMINISTRATIVE_STRUCTURE.md
369,UG,Kween,UG-228,held,"{""level"": 1, ""parent_id"": 372}",,held_conflict,"UBOS administrative-unit information and district/subcounty profiles do not establish the four ISO geographic regions as statutory district parents. Kampala has separate central-government status (Constitution article 5). Hold regional/depth convention, retaining existing district level 1.",https://www.ubos.org/uganda-profile/ https://github.com/dr5hn/countries-states-cities-database/blob/85fb8848193db488eb7156d5b7c4d70f395a1c9f/ADMINISTRATIVE_STRUCTURE.md
370,UG,Western,UG-W,held,"{""level"": null, ""parent_id"": null}",,held_conflict,"UBOS administrative-unit information and district/subcounty profiles do not establish the four ISO geographic regions as statutory district parents. Kampala has separate central-government status (Constitution article 5). Hold regional/depth convention, retaining existing district level 1.",https://www.ubos.org/uganda-profile/ https://github.com/dr5hn/countries-states-cities-database/blob/85fb8848193db488eb7156d5b7c4d70f395a1c9f/ADMINISTRATIVE_STRUCTURE.md
371,UG,Mubende,UG-107,held,"{""level"": 1, ""parent_id"": 396}",,held_conflict,"UBOS administrative-unit information and district/subcounty profiles do not establish the four ISO geographic regions as statutory district parents. Kampala has separate central-government status (Constitution article 5). Hold regional/depth convention, retaining existing district level 1.",https://www.ubos.org/uganda-profile/ https://github.com/dr5hn/countries-states-cities-database/blob/85fb8848193db488eb7156d5b7c4d70f395a1c9f/ADMINISTRATIVE_STRUCTURE.md
372,UG,Eastern,UG-E,held,"{""level"": null, ""parent_id"": null}",,held_conflict,"UBOS administrative-unit information and district/subcounty profiles do not establish the four ISO geographic regions as statutory district parents. Kampala has separate central-government status (Constitution article 5). Hold regional/depth convention, retaining existing district level 1.",https://www.ubos.org/uganda-profile/ https://github.com/dr5hn/countries-states-cities-database/blob/85fb8848193db488eb7156d5b7c4d70f395a1c9f/ADMINISTRATIVE_STRUCTURE.md
373,UG,Kanungu,UG-414,held,"{""level"": 1, ""parent_id"": 370}",,held_conflict,"UBOS administrative-unit information and district/subcounty profiles do not establish the four ISO geographic regions as statutory district parents. Kampala has separate central-government status (Constitution article 5). Hold regional/depth convention, retaining existing district level 1.",https://www.ubos.org/uganda-profile/ https://github.com/dr5hn/countries-states-cities-database/blob/85fb8848193db488eb7156d5b7c4d70f395a1c9f/ADMINISTRATIVE_STRUCTURE.md
374,UG,Omoro,UG-331,held,"{""level"": 1, ""parent_id"": 332}",,held_conflict,"UBOS administrative-unit information and district/subcounty profiles do not establish the four ISO geographic regions as statutory district parents. Kampala has separate central-government status (Constitution article 5). Hold regional/depth convention, retaining existing district level 1.",https://www.ubos.org/uganda-profile/ https://github.com/dr5hn/countries-states-cities-database/blob/85fb8848193db488eb7156d5b7c4d70f395a1c9f/ADMINISTRATIVE_STRUCTURE.md
375,UG,Bukomansimbi,UG-118,held,"{""level"": 1, ""parent_id"": 396}",,held_conflict,"UBOS administrative-unit information and district/subcounty profiles do not establish the four ISO geographic regions as statutory district parents. Kampala has separate central-government status (Constitution article 5). Hold regional/depth convention, retaining existing district level 1.",https://www.ubos.org/uganda-profile/ https://github.com/dr5hn/countries-states-cities-database/blob/85fb8848193db488eb7156d5b7c4d70f395a1c9f/ADMINISTRATIVE_STRUCTURE.md
376,UG,Lyantonde,UG-114,held,"{""level"": 1, ""parent_id"": 396}",,held_conflict,"UBOS administrative-unit information and district/subcounty profiles do not establish the four ISO geographic regions as statutory district parents. Kampala has separate central-government status (Constitution article 5). Hold regional/depth convention, retaining existing district level 1.",https://www.ubos.org/uganda-profile/ https://github.com/dr5hn/countries-states-cities-database/blob/85fb8848193db488eb7156d5b7c4d70f395a1c9f/ADMINISTRATIVE_STRUCTURE.md
377,UG,Buikwe,UG-117,held,"{""level"": 1, ""parent_id"": 396}",,held_conflict,"UBOS administrative-unit information and district/subcounty profiles do not establish the four ISO geographic regions as statutory district parents. Kampala has separate central-government status (Constitution article 5). Hold regional/depth convention, retaining existing district level 1.",https://www.ubos.org/uganda-profile/ https://github.com/dr5hn/countries-states-cities-database/blob/85fb8848193db488eb7156d5b7c4d70f395a1c9f/ADMINISTRATIVE_STRUCTURE.md
378,UG,Nwoya,UG-328,held,"{""level"": 1, ""parent_id"": 332}",,held_conflict,"UBOS administrative-unit information and district/subcounty profiles do not establish the four ISO geographic regions as statutory district parents. Kampala has separate central-government status (Constitution article 5). Hold regional/depth convention, retaining existing district level 1.",https://www.ubos.org/uganda-profile/ https://github.com/dr5hn/countries-states-cities-database/blob/85fb8848193db488eb7156d5b7c4d70f395a1c9f/ADMINISTRATIVE_STRUCTURE.md
379,UG,Zombo,UG-330,held,"{""level"": 1, ""parent_id"": 332}",,held_conflict,"UBOS administrative-unit information and district/subcounty profiles do not establish the four ISO geographic regions as statutory district parents. Kampala has separate central-government status (Constitution article 5). Hold regional/depth convention, retaining existing district level 1.",https://www.ubos.org/uganda-profile/ https://github.com/dr5hn/countries-states-cities-database/blob/85fb8848193db488eb7156d5b7c4d70f395a1c9f/ADMINISTRATIVE_STRUCTURE.md
380,UG,Buyende,UG-226,held,"{""level"": 1, ""parent_id"": 372}",,held_conflict,"UBOS administrative-unit information and district/subcounty profiles do not establish the four ISO geographic regions as statutory district parents. Kampala has separate central-government status (Constitution article 5). Hold regional/depth convention, retaining existing district level 1.",https://www.ubos.org/uganda-profile/ https://github.com/dr5hn/countries-states-cities-database/blob/85fb8848193db488eb7156d5b7c4d70f395a1c9f/ADMINISTRATIVE_STRUCTURE.md
381,UG,Bunyangabu,UG-430,held,"{""level"": 1, ""parent_id"": 370}",,held_conflict,"UBOS administrative-unit information and district/subcounty profiles do not establish the four ISO geographic regions as statutory district parents. Kampala has separate central-government status (Constitution article 5). Hold regional/depth convention, retaining existing district level 1.",https://www.ubos.org/uganda-profile/ https://github.com/dr5hn/countries-states-cities-database/blob/85fb8848193db488eb7156d5b7c4d70f395a1c9f/ADMINISTRATIVE_STRUCTURE.md
382,UG,Kampala,UG-102,held,"{""level"": 1, ""parent_id"": 396}",,held_conflict,"UBOS administrative-unit information and district/subcounty profiles do not establish the four ISO geographic regions as statutory district parents. Kampala has separate central-government status (Constitution article 5). Hold regional/depth convention, retaining existing district level 1.",https://www.ubos.org/uganda-profile/ https://github.com/dr5hn/countries-states-cities-database/blob/85fb8848193db488eb7156d5b7c4d70f395a1c9f/ADMINISTRATIVE_STRUCTURE.md
383,UG,Isingiro,UG-418,held,"{""level"": 1, ""parent_id"": 370}",,held_conflict,"UBOS administrative-unit information and district/subcounty profiles do not establish the four ISO geographic regions as statutory district parents. Kampala has separate central-government status (Constitution article 5). Hold regional/depth convention, retaining existing district level 1.",https://www.ubos.org/uganda-profile/ https://github.com/dr5hn/countries-states-cities-database/blob/85fb8848193db488eb7156d5b7c4d70f395a1c9f/ADMINISTRATIVE_STRUCTURE.md
384,UG,Butambala,UG-119,held,"{""level"": 1, ""parent_id"": 396}",,held_conflict,"UBOS administrative-unit information and district/subcounty profiles do not establish the four ISO geographic regions as statutory district parents. Kampala has separate central-government status (Constitution article 5). Hold regional/depth convention, retaining existing district level 1.",https://www.ubos.org/uganda-profile/ https://github.com/dr5hn/countries-states-cities-database/blob/85fb8848193db488eb7156d5b7c4d70f395a1c9f/ADMINISTRATIVE_STRUCTURE.md
385,UG,Bukwo,UG-220,held,"{""level"": 1, ""parent_id"": 372}",,held_conflict,"UBOS administrative-unit information and district/subcounty profiles do not establish the four ISO geographic regions as statutory district parents. Kampala has separate central-government status (Constitution article 5). Hold regional/depth convention, retaining existing district level 1.",https://www.ubos.org/uganda-profile/ https://github.com/dr5hn/countries-states-cities-database/blob/85fb8848193db488eb7156d5b7c4d70f395a1c9f/ADMINISTRATIVE_STRUCTURE.md
386,UG,Bushenyi,UG-402,held,"{""level"": 1, ""parent_id"": 370}",,held_conflict,"UBOS administrative-unit information and district/subcounty profiles do not establish the four ISO geographic regions as statutory district parents. Kampala has separate central-government status (Constitution article 5). Hold regional/depth convention, retaining existing district level 1.",https://www.ubos.org/uganda-profile/ https://github.com/dr5hn/countries-states-cities-database/blob/85fb8848193db488eb7156d5b7c4d70f395a1c9f/ADMINISTRATIVE_STRUCTURE.md
387,UG,Bugiri,UG-201,held,"{""level"": 1, ""parent_id"": 372}",,held_conflict,"UBOS administrative-unit information and district/subcounty profiles do not establish the four ISO geographic regions as statutory district parents. Kampala has separate central-government status (Constitution article 5). Hold regional/depth convention, retaining existing district level 1.",https://www.ubos.org/uganda-profile/ https://github.com/dr5hn/countries-states-cities-database/blob/85fb8848193db488eb7156d5b7c4d70f395a1c9f/ADMINISTRATIVE_STRUCTURE.md
388,UG,Butebo,UG-233,held,"{""level"": 1, ""parent_id"": 372}",,held_conflict,"UBOS administrative-unit information and district/subcounty profiles do not establish the four ISO geographic regions as statutory district parents. Kampala has separate central-government status (Constitution article 5). Hold regional/depth convention, retaining existing district level 1.",https://www.ubos.org/uganda-profile/ https://github.com/dr5hn/countries-states-cities-database/blob/85fb8848193db488eb7156d5b7c4d70f395a1c9f/ADMINISTRATIVE_STRUCTURE.md
389,UG,Buliisa,UG-416,held,"{""level"": 1, ""parent_id"": 370}",,held_conflict,"UBOS administrative-unit information and district/subcounty profiles do not establish the four ISO geographic regions as statutory district parents. Kampala has separate central-government status (Constitution article 5). Hold regional/depth convention, retaining existing district level 1.",https://www.ubos.org/uganda-profile/ https://github.com/dr5hn/countries-states-cities-database/blob/85fb8848193db488eb7156d5b7c4d70f395a1c9f/ADMINISTRATIVE_STRUCTURE.md
390,UG,Otuke,UG-329,held,"{""level"": 1, ""parent_id"": 332}",,held_conflict,"UBOS administrative-unit information and district/subcounty profiles do not establish the four ISO geographic regions as statutory district parents. Kampala has separate central-government status (Constitution article 5). Hold regional/depth convention, retaining existing district level 1.",https://www.ubos.org/uganda-profile/ https://github.com/dr5hn/countries-states-cities-database/blob/85fb8848193db488eb7156d5b7c4d70f395a1c9f/ADMINISTRATIVE_STRUCTURE.md
391,UG,Buhweju,UG-420,held,"{""level"": 1, ""parent_id"": 370}",,held_conflict,"UBOS administrative-unit information and district/subcounty profiles do not establish the four ISO geographic regions as statutory district parents. Kampala has separate central-government status (Constitution article 5). Hold regional/depth convention, retaining existing district level 1.",https://www.ubos.org/uganda-profile/ https://github.com/dr5hn/countries-states-cities-database/blob/85fb8848193db488eb7156d5b7c4d70f395a1c9f/ADMINISTRATIVE_STRUCTURE.md
392,UG,Agago,UG-322,held,"{""level"": 1, ""parent_id"": 332}",,held_conflict,"UBOS administrative-unit information and district/subcounty profiles do not establish the four ISO geographic regions as statutory district parents. Kampala has separate central-government status (Constitution article 5). Hold regional/depth convention, retaining existing district level 1.",https://www.ubos.org/uganda-profile/ https://github.com/dr5hn/countries-states-cities-database/blob/85fb8848193db488eb7156d5b7c4d70f395a1c9f/ADMINISTRATIVE_STRUCTURE.md
393,UG,Nakapiripirit,UG-311,held,"{""level"": 1, ""parent_id"": 332}",,held_conflict,"UBOS administrative-unit information and district/subcounty profiles do not establish the four ISO geographic regions as statutory district parents. Kampala has separate central-government status (Constitution article 5). Hold regional/depth convention, retaining existing district level 1.",https://www.ubos.org/uganda-profile/ https://github.com/dr5hn/countries-states-cities-database/blob/85fb8848193db488eb7156d5b7c4d70f395a1c9f/ADMINISTRATIVE_STRUCTURE.md
394,UG,Kalungu,UG-122,held,"{""level"": 1, ""parent_id"": 396}",,held_conflict,"UBOS administrative-unit information and district/subcounty profiles do not establish the four ISO geographic regions as statutory district parents. Kampala has separate central-government status (Constitution article 5). Hold regional/depth convention, retaining existing district level 1.",https://www.ubos.org/uganda-profile/ https://github.com/dr5hn/countries-states-cities-database/blob/85fb8848193db488eb7156d5b7c4d70f395a1c9f/ADMINISTRATIVE_STRUCTURE.md
395,UG,Moroto,UG-308,held,"{""level"": 1, ""parent_id"": 332}",,held_conflict,"UBOS administrative-unit information and district/subcounty profiles do not establish the four ISO geographic regions as statutory district parents. Kampala has separate central-government status (Constitution article 5). Hold regional/depth convention, retaining existing district level 1.",https://www.ubos.org/uganda-profile/ https://github.com/dr5hn/countries-states-cities-database/blob/85fb8848193db488eb7156d5b7c4d70f395a1c9f/ADMINISTRATIVE_STRUCTURE.md
396,UG,Central,UG-C,held,"{""level"": null, ""parent_id"": null}",,held_conflict,"UBOS administrative-unit information and district/subcounty profiles do not establish the four ISO geographic regions as statutory district parents. Kampala has separate central-government status (Constitution article 5). Hold regional/depth convention, retaining existing district level 1.",https://www.ubos.org/uganda-profile/ https://github.com/dr5hn/countries-states-cities-database/blob/85fb8848193db488eb7156d5b7c4d70f395a1c9f/ADMINISTRATIVE_STRUCTURE.md
397,UG,Oyam,UG-321,held,"{""level"": 1, ""parent_id"": 332}",,held_conflict,"UBOS administrative-unit information and district/subcounty profiles do not establish the four ISO geographic regions as statutory district parents. Kampala has separate central-government status (Constitution article 5). Hold regional/depth convention, retaining existing district level 1.",https://www.ubos.org/uganda-profile/ https://github.com/dr5hn/countries-states-cities-database/blob/85fb8848193db488eb7156d5b7c4d70f395a1c9f/ADMINISTRATIVE_STRUCTURE.md
398,UG,Kaliro,UG-222,held,"{""level"": 1, ""parent_id"": 372}",,held_conflict,"UBOS administrative-unit information and district/subcounty profiles do not establish the four ISO geographic regions as statutory district parents. Kampala has separate central-government status (Constitution article 5). Hold regional/depth convention, retaining existing district level 1.",https://www.ubos.org/uganda-profile/ https://github.com/dr5hn/countries-states-cities-database/blob/85fb8848193db488eb7156d5b7c4d70f395a1c9f/ADMINISTRATIVE_STRUCTURE.md
399,UG,Kakumiro,UG-428,held,"{""level"": 1, ""parent_id"": 370}",,held_conflict,"UBOS administrative-unit information and district/subcounty profiles do not establish the four ISO geographic regions as statutory district parents. Kampala has separate central-government status (Constitution article 5). Hold regional/depth convention, retaining existing district level 1.",https://www.ubos.org/uganda-profile/ https://github.com/dr5hn/countries-states-cities-database/blob/85fb8848193db488eb7156d5b7c4d70f395a1c9f/ADMINISTRATIVE_STRUCTURE.md
400,UG,Namisindwa,UG-234,held,"{""level"": 1, ""parent_id"": 372}",,held_conflict,"UBOS administrative-unit information and district/subcounty profiles do not establish the four ISO geographic regions as statutory district parents. Kampala has separate central-government status (Constitution article 5). Hold regional/depth convention, retaining existing district level 1.",https://www.ubos.org/uganda-profile/ https://github.com/dr5hn/countries-states-cities-database/blob/85fb8848193db488eb7156d5b7c4d70f395a1c9f/ADMINISTRATIVE_STRUCTURE.md
401,UG,Kole,UG-325,held,"{""level"": 1, ""parent_id"": 332}",,held_conflict,"UBOS administrative-unit information and district/subcounty profiles do not establish the four ISO geographic regions as statutory district parents. Kampala has separate central-government status (Constitution article 5). Hold regional/depth convention, retaining existing district level 1.",https://www.ubos.org/uganda-profile/ https://github.com/dr5hn/countries-states-cities-database/blob/85fb8848193db488eb7156d5b7c4d70f395a1c9f/ADMINISTRATIVE_STRUCTURE.md
402,UG,Kyenjojo,UG-415,held,"{""level"": 1, ""parent_id"": 370}",,held_conflict,"UBOS administrative-unit information and district/subcounty profiles do not establish the four ISO geographic regions as statutory district parents. Kampala has separate central-government status (Constitution article 5). Hold regional/depth convention, retaining existing district level 1.",https://www.ubos.org/uganda-profile/ https://github.com/dr5hn/countries-states-cities-database/blob/85fb8848193db488eb7156d5b7c4d70f395a1c9f/ADMINISTRATIVE_STRUCTURE.md
403,UG,Kagadi,UG-427,held,"{""level"": 1, ""parent_id"": 370}",,held_conflict,"UBOS administrative-unit information and district/subcounty profiles do not establish the four ISO geographic regions as statutory district parents. Kampala has separate central-government status (Constitution article 5). Hold regional/depth convention, retaining existing district level 1.",https://www.ubos.org/uganda-profile/ https://github.com/dr5hn/countries-states-cities-database/blob/85fb8848193db488eb7156d5b7c4d70f395a1c9f/ADMINISTRATIVE_STRUCTURE.md
404,UG,Ntungamo,UG-411,held,"{""level"": 1, ""parent_id"": 370}",,held_conflict,"UBOS administrative-unit information and district/subcounty profiles do not establish the four ISO geographic regions as statutory district parents. Kampala has separate central-government status (Constitution article 5). Hold regional/depth convention, retaining existing district level 1.",https://www.ubos.org/uganda-profile/ https://github.com/dr5hn/countries-states-cities-database/blob/85fb8848193db488eb7156d5b7c4d70f395a1c9f/ADMINISTRATIVE_STRUCTURE.md
405,UG,Kalangala,UG-101,held,"{""level"": 1, ""parent_id"": 396}",,held_conflict,"UBOS administrative-unit information and district/subcounty profiles do not establish the four ISO geographic regions as statutory district parents. Kampala has separate central-government status (Constitution article 5). Hold regional/depth convention, retaining existing district level 1.",https://www.ubos.org/uganda-profile/ https://github.com/dr5hn/countries-states-cities-database/blob/85fb8848193db488eb7156d5b7c4d70f395a1c9f/ADMINISTRATIVE_STRUCTURE.md
406,UG,Nakasongola,UG-109,held,"{""level"": 1, ""parent_id"": 396}",,held_conflict,"UBOS administrative-unit information and district/subcounty profiles do not establish the four ISO geographic regions as statutory district parents. Kampala has separate central-government status (Constitution article 5). Hold regional/depth convention, retaining existing district level 1.",https://www.ubos.org/uganda-profile/ https://github.com/dr5hn/countries-states-cities-database/blob/85fb8848193db488eb7156d5b7c4d70f395a1c9f/ADMINISTRATIVE_STRUCTURE.md
407,UG,Sheema,UG-426,held,"{""level"": 1, ""parent_id"": 370}",,held_conflict,"UBOS administrative-unit information and district/subcounty profiles do not establish the four ISO geographic regions as statutory district parents. Kampala has separate central-government status (Constitution article 5). Hold regional/depth convention, retaining existing district level 1.",https://www.ubos.org/uganda-profile/ https://github.com/dr5hn/countries-states-cities-database/blob/85fb8848193db488eb7156d5b7c4d70f395a1c9f/ADMINISTRATIVE_STRUCTURE.md
408,UG,Pader,UG-312,held,"{""level"": 1, ""parent_id"": 332}",,held_conflict,"UBOS administrative-unit information and district/subcounty profiles do not establish the four ISO geographic regions as statutory district parents. Kampala has separate central-government status (Constitution article 5). Hold regional/depth convention, retaining existing district level 1.",https://www.ubos.org/uganda-profile/ https://github.com/dr5hn/countries-states-cities-database/blob/85fb8848193db488eb7156d5b7c4d70f395a1c9f/ADMINISTRATIVE_STRUCTURE.md
409,UG,Kisoro,UG-408,held,"{""level"": 1, ""parent_id"": 370}",,held_conflict,"UBOS administrative-unit information and district/subcounty profiles do not establish the four ISO geographic regions as statutory district parents. Kampala has separate central-government status (Constitution article 5). Hold regional/depth convention, retaining existing district level 1.",https://www.ubos.org/uganda-profile/ https://github.com/dr5hn/countries-states-cities-database/blob/85fb8848193db488eb7156d5b7c4d70f395a1c9f/ADMINISTRATIVE_STRUCTURE.md
410,UG,Mukono,UG-108,held,"{""level"": 1, ""parent_id"": 396}",,held_conflict,"UBOS administrative-unit information and district/subcounty profiles do not establish the four ISO geographic regions as statutory district parents. Kampala has separate central-government status (Constitution article 5). Hold regional/depth convention, retaining existing district level 1.",https://www.ubos.org/uganda-profile/ https://github.com/dr5hn/countries-states-cities-database/blob/85fb8848193db488eb7156d5b7c4d70f395a1c9f/ADMINISTRATIVE_STRUCTURE.md
411,UG,Lamwo,UG-326,held,"{""level"": 1, ""parent_id"": 332}",,held_conflict,"UBOS administrative-unit information and district/subcounty profiles do not establish the four ISO geographic regions as statutory district parents. Kampala has separate central-government status (Constitution article 5). Hold regional/depth convention, retaining existing district level 1.",https://www.ubos.org/uganda-profile/ https://github.com/dr5hn/countries-states-cities-database/blob/85fb8848193db488eb7156d5b7c4d70f395a1c9f/ADMINISTRATIVE_STRUCTURE.md
412,UG,Pallisa,UG-210,held,"{""level"": 1, ""parent_id"": 372}",,held_conflict,"UBOS administrative-unit information and district/subcounty profiles do not establish the four ISO geographic regions as statutory district parents. Kampala has separate central-government status (Constitution article 5). Hold regional/depth convention, retaining existing district level 1.",https://www.ubos.org/uganda-profile/ https://github.com/dr5hn/countries-states-cities-database/blob/85fb8848193db488eb7156d5b7c4d70f395a1c9f/ADMINISTRATIVE_STRUCTURE.md
413,UG,Gulu,UG-304,held,"{""level"": 1, ""parent_id"": 332}",,held_conflict,"UBOS administrative-unit information and district/subcounty profiles do not establish the four ISO geographic regions as statutory district parents. Kampala has separate central-government status (Constitution article 5). Hold regional/depth convention, retaining existing district level 1.",https://www.ubos.org/uganda-profile/ https://github.com/dr5hn/countries-states-cities-database/blob/85fb8848193db488eb7156d5b7c4d70f395a1c9f/ADMINISTRATIVE_STRUCTURE.md
414,UG,Buvuma,UG-120,held,"{""level"": 1, ""parent_id"": 396}",,held_conflict,"UBOS administrative-unit information and district/subcounty profiles do not establish the four ISO geographic regions as statutory district parents. Kampala has separate central-government status (Constitution article 5). Hold regional/depth convention, retaining existing district level 1.",https://www.ubos.org/uganda-profile/ https://github.com/dr5hn/countries-states-cities-database/blob/85fb8848193db488eb7156d5b7c4d70f395a1c9f/ADMINISTRATIVE_STRUCTURE.md
415,UG,Mbarara,UG-410,held,"{""level"": 1, ""parent_id"": 370}",,held_conflict,"UBOS administrative-unit information and district/subcounty profiles do not establish the four ISO geographic regions as statutory district parents. Kampala has separate central-government status (Constitution article 5). Hold regional/depth convention, retaining existing district level 1.",https://www.ubos.org/uganda-profile/ https://github.com/dr5hn/countries-states-cities-database/blob/85fb8848193db488eb7156d5b7c4d70f395a1c9f/ADMINISTRATIVE_STRUCTURE.md
416,UG,Amolatar,UG-315,held,"{""level"": 1, ""parent_id"": 332}",,held_conflict,"UBOS administrative-unit information and district/subcounty profiles do not establish the four ISO geographic regions as statutory district parents. Kampala has separate central-government status (Constitution article 5). Hold regional/depth convention, retaining existing district level 1.",https://www.ubos.org/uganda-profile/ https://github.com/dr5hn/countries-states-cities-database/blob/85fb8848193db488eb7156d5b7c4d70f395a1c9f/ADMINISTRATIVE_STRUCTURE.md
417,UG,Lwengo,UG-124,held,"{""level"": 1, ""parent_id"": 396}",,held_conflict,"UBOS administrative-unit information and district/subcounty profiles do not establish the four ISO geographic regions as statutory district parents. Kampala has separate central-government status (Constitution article 5). Hold regional/depth convention, retaining existing district level 1.",https://www.ubos.org/uganda-profile/ https://github.com/dr5hn/countries-states-cities-database/blob/85fb8848193db488eb7156d5b7c4d70f395a1c9f/ADMINISTRATIVE_STRUCTURE.md
418,UG,Mayuge,UG-214,held,"{""level"": 1, ""parent_id"": 372}",,held_conflict,"UBOS administrative-unit information and district/subcounty profiles do not establish the four ISO geographic regions as statutory district parents. Kampala has separate central-government status (Constitution article 5). Hold regional/depth convention, retaining existing district level 1.",https://www.ubos.org/uganda-profile/ https://github.com/dr5hn/countries-states-cities-database/blob/85fb8848193db488eb7156d5b7c4d70f395a1c9f/ADMINISTRATIVE_STRUCTURE.md
419,UG,Bundibugyo,UG-401,held,"{""level"": 1, ""parent_id"": 370}",,held_conflict,"UBOS administrative-unit information and district/subcounty profiles do not establish the four ISO geographic regions as statutory district parents. Kampala has separate central-government status (Constitution article 5). Hold regional/depth convention, retaining existing district level 1.",https://www.ubos.org/uganda-profile/ https://github.com/dr5hn/countries-states-cities-database/blob/85fb8848193db488eb7156d5b7c4d70f395a1c9f/ADMINISTRATIVE_STRUCTURE.md
420,UG,Katakwi,UG-207,held,"{""level"": 1, ""parent_id"": 372}",,held_conflict,"UBOS administrative-unit information and district/subcounty profiles do not establish the four ISO geographic regions as statutory district parents. Kampala has separate central-government status (Constitution article 5). Hold regional/depth convention, retaining existing district level 1.",https://www.ubos.org/uganda-profile/ https://github.com/dr5hn/countries-states-cities-database/blob/85fb8848193db488eb7156d5b7c4d70f395a1c9f/ADMINISTRATIVE_STRUCTURE.md
421,UG,Maracha,UG-320,held,"{""level"": 1, ""parent_id"": 332}",,held_conflict,"UBOS administrative-unit information and district/subcounty profiles do not establish the four ISO geographic regions as statutory district parents. Kampala has separate central-government status (Constitution article 5). Hold regional/depth convention, retaining existing district level 1.",https://www.ubos.org/uganda-profile/ https://github.com/dr5hn/countries-states-cities-database/blob/85fb8848193db488eb7156d5b7c4d70f395a1c9f/ADMINISTRATIVE_STRUCTURE.md
422,UG,Ntoroko,UG-424,held,"{""level"": 1, ""parent_id"": 370}",,held_conflict,"UBOS administrative-unit information and district/subcounty profiles do not establish the four ISO geographic regions as statutory district parents. Kampala has separate central-government status (Constitution article 5). Hold regional/depth convention, retaining existing district level 1.",https://www.ubos.org/uganda-profile/ https://github.com/dr5hn/countries-states-cities-database/blob/85fb8848193db488eb7156d5b7c4d70f395a1c9f/ADMINISTRATIVE_STRUCTURE.md
423,UG,Nakaseke,UG-116,held,"{""level"": 1, ""parent_id"": 396}",,held_conflict,"UBOS administrative-unit information and district/subcounty profiles do not establish the four ISO geographic regions as statutory district parents. Kampala has separate central-government status (Constitution article 5). Hold regional/depth convention, retaining existing district level 1.",https://www.ubos.org/uganda-profile/ https://github.com/dr5hn/countries-states-cities-database/blob/85fb8848193db488eb7156d5b7c4d70f395a1c9f/ADMINISTRATIVE_STRUCTURE.md
424,UG,Ngora,UG-231,held,"{""level"": 1, ""parent_id"": 372}",,held_conflict,"UBOS administrative-unit information and district/subcounty profiles do not establish the four ISO geographic regions as statutory district parents. Kampala has separate central-government status (Constitution article 5). Hold regional/depth convention, retaining existing district level 1.",https://www.ubos.org/uganda-profile/ https://github.com/dr5hn/countries-states-cities-database/blob/85fb8848193db488eb7156d5b7c4d70f395a1c9f/ADMINISTRATIVE_STRUCTURE.md
425,UG,Kumi,UG-208,held,"{""level"": 1, ""parent_id"": 372}",,held_conflict,"UBOS administrative-unit information and district/subcounty profiles do not establish the four ISO geographic regions as statutory district parents. Kampala has separate central-government status (Constitution article 5). Hold regional/depth convention, retaining existing district level 1.",https://www.ubos.org/uganda-profile/ https://github.com/dr5hn/countries-states-cities-database/blob/85fb8848193db488eb7156d5b7c4d70f395a1c9f/ADMINISTRATIVE_STRUCTURE.md
426,UG,Kabale,UG-404,held,"{""level"": 1, ""parent_id"": 370}",,held_conflict,"UBOS administrative-unit information and district/subcounty profiles do not establish the four ISO geographic regions as statutory district parents. Kampala has separate central-government status (Constitution article 5). Hold regional/depth convention, retaining existing district level 1.",https://www.ubos.org/uganda-profile/ https://github.com/dr5hn/countries-states-cities-database/blob/85fb8848193db488eb7156d5b7c4d70f395a1c9f/ADMINISTRATIVE_STRUCTURE.md
427,UG,Sembabule,UG-111,held,"{""level"": 1, ""parent_id"": 396}",,held_conflict,"UBOS administrative-unit information and district/subcounty profiles do not establish the four ISO geographic regions as statutory district parents. Kampala has separate central-government status (Constitution article 5). Hold regional/depth convention, retaining existing district level 1.",https://www.ubos.org/uganda-profile/ https://github.com/dr5hn/countries-states-cities-database/blob/85fb8848193db488eb7156d5b7c4d70f395a1c9f/ADMINISTRATIVE_STRUCTURE.md
428,UG,Bulambuli,UG-225,held,"{""level"": 1, ""parent_id"": 372}",,held_conflict,"UBOS administrative-unit information and district/subcounty profiles do not establish the four ISO geographic regions as statutory district parents. Kampala has separate central-government status (Constitution article 5). Hold regional/depth convention, retaining existing district level 1.",https://www.ubos.org/uganda-profile/ https://github.com/dr5hn/countries-states-cities-database/blob/85fb8848193db488eb7156d5b7c4d70f395a1c9f/ADMINISTRATIVE_STRUCTURE.md
429,UG,Sironko,UG-215,held,"{""level"": 1, ""parent_id"": 372}",,held_conflict,"UBOS administrative-unit information and district/subcounty profiles do not establish the four ISO geographic regions as statutory district parents. Kampala has separate central-government status (Constitution article 5). Hold regional/depth convention, retaining existing district level 1.",https://www.ubos.org/uganda-profile/ https://github.com/dr5hn/countries-states-cities-database/blob/85fb8848193db488eb7156d5b7c4d70f395a1c9f/ADMINISTRATIVE_STRUCTURE.md
430,UG,Napak,UG-327,held,"{""level"": 1, ""parent_id"": 332}",,held_conflict,"UBOS administrative-unit information and district/subcounty profiles do not establish the four ISO geographic regions as statutory district parents. Kampala has separate central-government status (Constitution article 5). Hold regional/depth convention, retaining existing district level 1.",https://www.ubos.org/uganda-profile/ https://github.com/dr5hn/countries-states-cities-database/blob/85fb8848193db488eb7156d5b7c4d70f395a1c9f/ADMINISTRATIVE_STRUCTURE.md
431,UG,Busia,UG-202,held,"{""level"": 1, ""parent_id"": 372}",,held_conflict,"UBOS administrative-unit information and district/subcounty profiles do not establish the four ISO geographic regions as statutory district parents. Kampala has separate central-government status (Constitution article 5). Hold regional/depth convention, retaining existing district level 1.",https://www.ubos.org/uganda-profile/ https://github.com/dr5hn/countries-states-cities-database/blob/85fb8848193db488eb7156d5b7c4d70f395a1c9f/ADMINISTRATIVE_STRUCTURE.md
432,UG,Kapchorwa,UG-206,held,"{""level"": 1, ""parent_id"": 372}",,held_conflict,"UBOS administrative-unit information and district/subcounty profiles do not establish the four ISO geographic regions as statutory district parents. Kampala has separate central-government status (Constitution article 5). Hold regional/depth convention, retaining existing district level 1.",https://www.ubos.org/uganda-profile/ https://github.com/dr5hn/countries-states-cities-database/blob/85fb8848193db488eb7156d5b7c4d70f395a1c9f/ADMINISTRATIVE_STRUCTURE.md
433,UG,Luwero,UG-104,held,"{""level"": 1, ""parent_id"": 396}",,held_conflict,"UBOS administrative-unit information and district/subcounty profiles do not establish the four ISO geographic regions as statutory district parents. Kampala has separate central-government status (Constitution article 5). Hold regional/depth convention, retaining existing district level 1.",https://www.ubos.org/uganda-profile/ https://github.com/dr5hn/countries-states-cities-database/blob/85fb8848193db488eb7156d5b7c4d70f395a1c9f/ADMINISTRATIVE_STRUCTURE.md
434,UG,Kaabong,UG-318,held,"{""level"": 1, ""parent_id"": 332}",,held_conflict,"UBOS administrative-unit information and district/subcounty profiles do not establish the four ISO geographic regions as statutory district parents. Kampala has separate central-government status (Constitution article 5). Hold regional/depth convention, retaining existing district level 1.",https://www.ubos.org/uganda-profile/ https://github.com/dr5hn/countries-states-cities-database/blob/85fb8848193db488eb7156d5b7c4d70f395a1c9f/ADMINISTRATIVE_STRUCTURE.md
435,UG,Mitooma,UG-423,held,"{""level"": 1, ""parent_id"": 370}",,held_conflict,"UBOS administrative-unit information and district/subcounty profiles do not establish the four ISO geographic regions as statutory district parents. Kampala has separate central-government status (Constitution article 5). Hold regional/depth convention, retaining existing district level 1.",https://www.ubos.org/uganda-profile/ https://github.com/dr5hn/countries-states-cities-database/blob/85fb8848193db488eb7156d5b7c4d70f395a1c9f/ADMINISTRATIVE_STRUCTURE.md
436,UG,Kibaale,UG-407,held,"{""level"": 1, ""parent_id"": 370}",,held_conflict,"UBOS administrative-unit information and district/subcounty profiles do not establish the four ISO geographic regions as statutory district parents. Kampala has separate central-government status (Constitution article 5). Hold regional/depth convention, retaining existing district level 1.",https://www.ubos.org/uganda-profile/ https://github.com/dr5hn/countries-states-cities-database/blob/85fb8848193db488eb7156d5b7c4d70f395a1c9f/ADMINISTRATIVE_STRUCTURE.md
437,UG,Kyegegwa,UG-422,held,"{""level"": 1, ""parent_id"": 370}",,held_conflict,"UBOS administrative-unit information and district/subcounty profiles do not establish the four ISO geographic regions as statutory district parents. Kampala has separate central-government status (Constitution article 5). Hold regional/depth convention, retaining existing district level 1.",https://www.ubos.org/uganda-profile/ https://github.com/dr5hn/countries-states-cities-database/blob/85fb8848193db488eb7156d5b7c4d70f395a1c9f/ADMINISTRATIVE_STRUCTURE.md
438,UG,Manafwa,UG-223,held,"{""level"": 1, ""parent_id"": 372}",,held_conflict,"UBOS administrative-unit information and district/subcounty profiles do not establish the four ISO geographic regions as statutory district parents. Kampala has separate central-government status (Constitution article 5). Hold regional/depth convention, retaining existing district level 1.",https://www.ubos.org/uganda-profile/ https://github.com/dr5hn/countries-states-cities-database/blob/85fb8848193db488eb7156d5b7c4d70f395a1c9f/ADMINISTRATIVE_STRUCTURE.md
439,UG,Rakai,UG-110,held,"{""level"": 1, ""parent_id"": 396}",,held_conflict,"UBOS administrative-unit information and district/subcounty profiles do not establish the four ISO geographic regions as statutory district parents. Kampala has separate central-government status (Constitution article 5). Hold regional/depth convention, retaining existing district level 1.",https://www.ubos.org/uganda-profile/ https://github.com/dr5hn/countries-states-cities-database/blob/85fb8848193db488eb7156d5b7c4d70f395a1c9f/ADMINISTRATIVE_STRUCTURE.md
440,UG,Kasese,UG-406,held,"{""level"": 1, ""parent_id"": 370}",,held_conflict,"UBOS administrative-unit information and district/subcounty profiles do not establish the four ISO geographic regions as statutory district parents. Kampala has separate central-government status (Constitution article 5). Hold regional/depth convention, retaining existing district level 1.",https://www.ubos.org/uganda-profile/ https://github.com/dr5hn/countries-states-cities-database/blob/85fb8848193db488eb7156d5b7c4d70f395a1c9f/ADMINISTRATIVE_STRUCTURE.md
441,UG,Budaka,UG-217,held,"{""level"": 1, ""parent_id"": 372}",,held_conflict,"UBOS administrative-unit information and district/subcounty profiles do not establish the four ISO geographic regions as statutory district parents. Kampala has separate central-government status (Constitution article 5). Hold regional/depth convention, retaining existing district level 1.",https://www.ubos.org/uganda-profile/ https://github.com/dr5hn/countries-states-cities-database/blob/85fb8848193db488eb7156d5b7c4d70f395a1c9f/ADMINISTRATIVE_STRUCTURE.md
442,UG,Rubirizi,UG-425,held,"{""level"": 1, ""parent_id"": 370}",,held_conflict,"UBOS administrative-unit information and district/subcounty profiles do not establish the four ISO geographic regions as statutory district parents. Kampala has separate central-government status (Constitution article 5). Hold regional/depth convention, retaining existing district level 1.",https://www.ubos.org/uganda-profile/ https://github.com/dr5hn/countries-states-cities-database/blob/85fb8848193db488eb7156d5b7c4d70f395a1c9f/ADMINISTRATIVE_STRUCTURE.md
443,UG,Kotido,UG-306,held,"{""level"": 1, ""parent_id"": 332}",,held_conflict,"UBOS administrative-unit information and district/subcounty profiles do not establish the four ISO geographic regions as statutory district parents. Kampala has separate central-government status (Constitution article 5). Hold regional/depth convention, retaining existing district level 1.",https://www.ubos.org/uganda-profile/ https://github.com/dr5hn/countries-states-cities-database/blob/85fb8848193db488eb7156d5b7c4d70f395a1c9f/ADMINISTRATIVE_STRUCTURE.md
444,UG,Soroti,UG-211,held,"{""level"": 1, ""parent_id"": 372}",,held_conflict,"UBOS administrative-unit information and district/subcounty profiles do not establish the four ISO geographic regions as statutory district parents. Kampala has separate central-government status (Constitution article 5). Hold regional/depth convention, retaining existing district level 1.",https://www.ubos.org/uganda-profile/ https://github.com/dr5hn/countries-states-cities-database/blob/85fb8848193db488eb7156d5b7c4d70f395a1c9f/ADMINISTRATIVE_STRUCTURE.md
445,UG,Luuka,UG-229,held,"{""level"": 1, ""parent_id"": 372}",,held_conflict,"UBOS administrative-unit information and district/subcounty profiles do not establish the four ISO geographic regions as statutory district parents. Kampala has separate central-government status (Constitution article 5). Hold regional/depth convention, retaining existing district level 1.",https://www.ubos.org/uganda-profile/ https://github.com/dr5hn/countries-states-cities-database/blob/85fb8848193db488eb7156d5b7c4d70f395a1c9f/ADMINISTRATIVE_STRUCTURE.md
446,UG,Nebbi,UG-310,held,"{""level"": 1, ""parent_id"": 332}",,held_conflict,"UBOS administrative-unit information and district/subcounty profiles do not establish the four ISO geographic regions as statutory district parents. Kampala has separate central-government status (Constitution article 5). Hold regional/depth convention, retaining existing district level 1.",https://www.ubos.org/uganda-profile/ https://github.com/dr5hn/countries-states-cities-database/blob/85fb8848193db488eb7156d5b7c4d70f395a1c9f/ADMINISTRATIVE_STRUCTURE.md
447,UG,Arua,UG-303,held,"{""level"": 1, ""parent_id"": 332}",,held_conflict,"UBOS administrative-unit information and district/subcounty profiles do not establish the four ISO geographic regions as statutory district parents. Kampala has separate central-government status (Constitution article 5). Hold regional/depth convention, retaining existing district level 1.",https://www.ubos.org/uganda-profile/ https://github.com/dr5hn/countries-states-cities-database/blob/85fb8848193db488eb7156d5b7c4d70f395a1c9f/ADMINISTRATIVE_STRUCTURE.md
448,UG,Kyotera,UG-125,held,"{""level"": 1, ""parent_id"": 396}",,held_conflict,"UBOS administrative-unit information and district/subcounty profiles do not establish the four ISO geographic regions as statutory district parents. Kampala has separate central-government status (Constitution article 5). Hold regional/depth convention, retaining existing district level 1.",https://www.ubos.org/uganda-profile/ https://github.com/dr5hn/countries-states-cities-database/blob/85fb8848193db488eb7156d5b7c4d70f395a1c9f/ADMINISTRATIVE_STRUCTURE.md
5349,UG,Kasanda,UG-126,held,"{""level"": 1, ""parent_id"": 396}",,held_conflict,"UBOS administrative-unit information and district/subcounty profiles do not establish the four ISO geographic regions as statutory district parents. Kampala has separate central-government status (Constitution article 5). Hold regional/depth convention, retaining existing district level 1.",https://www.ubos.org/uganda-profile/ https://github.com/dr5hn/countries-states-cities-database/blob/85fb8848193db488eb7156d5b7c4d70f395a1c9f/ADMINISTRATIVE_STRUCTURE.md
5350,UG,Bugweri,UG-235,held,"{""level"": 1, ""parent_id"": 372}",,held_conflict,"UBOS administrative-unit information and district/subcounty profiles do not establish the four ISO geographic regions as statutory district parents. Kampala has separate central-government status (Constitution article 5). Hold regional/depth convention, retaining existing district level 1.",https://www.ubos.org/uganda-profile/ https://github.com/dr5hn/countries-states-cities-database/blob/85fb8848193db488eb7156d5b7c4d70f395a1c9f/ADMINISTRATIVE_STRUCTURE.md
5351,UG,Kapelebyong,UG-236,held,"{""level"": 1, ""parent_id"": 372}",,held_conflict,"UBOS administrative-unit information and district/subcounty profiles do not establish the four ISO geographic regions as statutory district parents. Kampala has separate central-government status (Constitution article 5). Hold regional/depth convention, retaining existing district level 1.",https://www.ubos.org/uganda-profile/ https://github.com/dr5hn/countries-states-cities-database/blob/85fb8848193db488eb7156d5b7c4d70f395a1c9f/ADMINISTRATIVE_STRUCTURE.md
5352,UG,Kalaki,UG-237,held,"{""level"": 1, ""parent_id"": 372}",,held_conflict,"UBOS administrative-unit information and district/subcounty profiles do not establish the four ISO geographic regions as statutory district parents. Kampala has separate central-government status (Constitution article 5). Hold regional/depth convention, retaining existing district level 1.",https://www.ubos.org/uganda-profile/ https://github.com/dr5hn/countries-states-cities-database/blob/85fb8848193db488eb7156d5b7c4d70f395a1c9f/ADMINISTRATIVE_STRUCTURE.md
5353,UG,Kwania,UG-333,held,"{""level"": 1, ""parent_id"": 332}",,held_conflict,"UBOS administrative-unit information and district/subcounty profiles do not establish the four ISO geographic regions as statutory district parents. Kampala has separate central-government status (Constitution article 5). Hold regional/depth convention, retaining existing district level 1.",https://www.ubos.org/uganda-profile/ https://github.com/dr5hn/countries-states-cities-database/blob/85fb8848193db488eb7156d5b7c4d70f395a1c9f/ADMINISTRATIVE_STRUCTURE.md
5354,UG,Nabilatuk,UG-334,held,"{""level"": 1, ""parent_id"": 332}",,held_conflict,"UBOS administrative-unit information and district/subcounty profiles do not establish the four ISO geographic regions as statutory district parents. Kampala has separate central-government status (Constitution article 5). Hold regional/depth convention, retaining existing district level 1.",https://www.ubos.org/uganda-profile/ https://github.com/dr5hn/countries-states-cities-database/blob/85fb8848193db488eb7156d5b7c4d70f395a1c9f/ADMINISTRATIVE_STRUCTURE.md
5355,UG,Karenga,UG-335,held,"{""level"": 1, ""parent_id"": 332}",,held_conflict,"UBOS administrative-unit information and district/subcounty profiles do not establish the four ISO geographic regions as statutory district parents. Kampala has separate central-government status (Constitution article 5). Hold regional/depth convention, retaining existing district level 1.",https://www.ubos.org/uganda-profile/ https://github.com/dr5hn/countries-states-cities-database/blob/85fb8848193db488eb7156d5b7c4d70f395a1c9f/ADMINISTRATIVE_STRUCTURE.md
5356,UG,Madi-Okollo,UG-336,held,"{""level"": 1, ""parent_id"": 332}",,held_conflict,"UBOS administrative-unit information and district/subcounty profiles do not establish the four ISO geographic regions as statutory district parents. Kampala has separate central-government status (Constitution article 5). Hold regional/depth convention, retaining existing district level 1.",https://www.ubos.org/uganda-profile/ https://github.com/dr5hn/countries-states-cities-database/blob/85fb8848193db488eb7156d5b7c4d70f395a1c9f/ADMINISTRATIVE_STRUCTURE.md
5357,UG,Obongi,UG-337,held,"{""level"": 1, ""parent_id"": 332}",,held_conflict,"UBOS administrative-unit information and district/subcounty profiles do not establish the four ISO geographic regions as statutory district parents. Kampala has separate central-government status (Constitution article 5). Hold regional/depth convention, retaining existing district level 1.",https://www.ubos.org/uganda-profile/ https://github.com/dr5hn/countries-states-cities-database/blob/85fb8848193db488eb7156d5b7c4d70f395a1c9f/ADMINISTRATIVE_STRUCTURE.md
5358,UG,Hoima,UG-403,held,"{""level"": 1, ""parent_id"": 370}",,held_conflict,"UBOS administrative-unit information and district/subcounty profiles do not establish the four ISO geographic regions as statutory district parents. Kampala has separate central-government status (Constitution article 5). Hold regional/depth convention, retaining existing district level 1.",https://www.ubos.org/uganda-profile/ https://github.com/dr5hn/countries-states-cities-database/blob/85fb8848193db488eb7156d5b7c4d70f395a1c9f/ADMINISTRATIVE_STRUCTURE.md
5359,UG,Kikuube,UG-432,held,"{""level"": 1, ""parent_id"": 370}",,held_conflict,"UBOS administrative-unit information and district/subcounty profiles do not establish the four ISO geographic regions as statutory district parents. Kampala has separate central-government status (Constitution article 5). Hold regional/depth convention, retaining existing district level 1.",https://www.ubos.org/uganda-profile/ https://github.com/dr5hn/countries-states-cities-database/blob/85fb8848193db488eb7156d5b7c4d70f395a1c9f/ADMINISTRATIVE_STRUCTURE.md
5360,UG,Kazo,UG-433,held,"{""level"": 1, ""parent_id"": 370}",,held_conflict,"UBOS administrative-unit information and district/subcounty profiles do not establish the four ISO geographic regions as statutory district parents. Kampala has separate central-government status (Constitution article 5). Hold regional/depth convention, retaining existing district level 1.",https://www.ubos.org/uganda-profile/ https://github.com/dr5hn/countries-states-cities-database/blob/85fb8848193db488eb7156d5b7c4d70f395a1c9f/ADMINISTRATIVE_STRUCTURE.md
5361,UG,Kitagwenda,UG-434,held,"{""level"": 1, ""parent_id"": 370}",,held_conflict,"UBOS administrative-unit information and district/subcounty profiles do not establish the four ISO geographic regions as statutory district parents. Kampala has separate central-government status (Constitution article 5). Hold regional/depth convention, retaining existing district level 1.",https://www.ubos.org/uganda-profile/ https://github.com/dr5hn/countries-states-cities-database/blob/85fb8848193db488eb7156d5b7c4d70f395a1c9f/ADMINISTRATIVE_STRUCTURE.md
5362,UG,Rwampara,UG-435,held,"{""level"": 1, ""parent_id"": 370}",,held_conflict,"UBOS administrative-unit information and district/subcounty profiles do not establish the four ISO geographic regions as statutory district parents. Kampala has separate central-government status (Constitution article 5). Hold regional/depth convention, retaining existing district level 1.",https://www.ubos.org/uganda-profile/ https://github.com/dr5hn/countries-states-cities-database/blob/85fb8848193db488eb7156d5b7c4d70f395a1c9f/ADMINISTRATIVE_STRUCTURE.md
5212,UM,Baker Island,UM-81,held,"{""level"": 4, ""parent_id"": null}",,held_conflict,Minor-outlying-island umbrella is a dual ISO grouping with separate island administrative arrangements. US pilot leaves the US-UM umbrella level unset; no uniform country-relative UM hierarchy was verified. Preserve island levels pending explicit policy.,https://github.com/dr5hn/countries-states-cities-database/blob/85fb8848193db488eb7156d5b7c4d70f395a1c9f/MULTI_LEVEL_TERRITORIES.md https://github.com/dr5hn/countries-states-cities-database/blob/85fb8848193db488eb7156d5b7c4d70f395a1c9f/.github/fixes-docs/FIX_1643_SUMMARY.md
5213,UM,Howland Island,UM-84,held,"{""level"": 4, ""parent_id"": null}",,held_conflict,Minor-outlying-island umbrella is a dual ISO grouping with separate island administrative arrangements. US pilot leaves the US-UM umbrella level unset; no uniform country-relative UM hierarchy was verified. Preserve island levels pending explicit policy.,https://github.com/dr5hn/countries-states-cities-database/blob/85fb8848193db488eb7156d5b7c4d70f395a1c9f/MULTI_LEVEL_TERRITORIES.md https://github.com/dr5hn/countries-states-cities-database/blob/85fb8848193db488eb7156d5b7c4d70f395a1c9f/.github/fixes-docs/FIX_1643_SUMMARY.md
5214,UM,Jarvis Island,UM-86,held,"{""level"": 4, ""parent_id"": null}",,held_conflict,Minor-outlying-island umbrella is a dual ISO grouping with separate island administrative arrangements. US pilot leaves the US-UM umbrella level unset; no uniform country-relative UM hierarchy was verified. Preserve island levels pending explicit policy.,https://github.com/dr5hn/countries-states-cities-database/blob/85fb8848193db488eb7156d5b7c4d70f395a1c9f/MULTI_LEVEL_TERRITORIES.md https://github.com/dr5hn/countries-states-cities-database/blob/85fb8848193db488eb7156d5b7c4d70f395a1c9f/.github/fixes-docs/FIX_1643_SUMMARY.md
5215,UM,Johnston Atoll,UM-67,held,"{""level"": 4, ""parent_id"": null}",,held_conflict,Minor-outlying-island umbrella is a dual ISO grouping with separate island administrative arrangements. US pilot leaves the US-UM umbrella level unset; no uniform country-relative UM hierarchy was verified. Preserve island levels pending explicit policy.,https://github.com/dr5hn/countries-states-cities-database/blob/85fb8848193db488eb7156d5b7c4d70f395a1c9f/MULTI_LEVEL_TERRITORIES.md https://github.com/dr5hn/countries-states-cities-database/blob/85fb8848193db488eb7156d5b7c4d70f395a1c9f/.github/fixes-docs/FIX_1643_SUMMARY.md
5216,UM,Kingman Reef,UM-89,held,"{""level"": 4, ""parent_id"": null}",,held_conflict,Minor-outlying-island umbrella is a dual ISO grouping with separate island administrative arrangements. US pilot leaves the US-UM umbrella level unset; no uniform country-relative UM hierarchy was verified. Preserve island levels pending explicit policy.,https://github.com/dr5hn/countries-states-cities-database/blob/85fb8848193db488eb7156d5b7c4d70f395a1c9f/MULTI_LEVEL_TERRITORIES.md https://github.com/dr5hn/countries-states-cities-database/blob/85fb8848193db488eb7156d5b7c4d70f395a1c9f/.github/fixes-docs/FIX_1643_SUMMARY.md
5217,UM,Midway Islands,UM-71,held,"{""level"": 4, ""parent_id"": null}",,held_conflict,Minor-outlying-island umbrella is a dual ISO grouping with separate island administrative arrangements. US pilot leaves the US-UM umbrella level unset; no uniform country-relative UM hierarchy was verified. Preserve island levels pending explicit policy.,https://github.com/dr5hn/countries-states-cities-database/blob/85fb8848193db488eb7156d5b7c4d70f395a1c9f/MULTI_LEVEL_TERRITORIES.md https://github.com/dr5hn/countries-states-cities-database/blob/85fb8848193db488eb7156d5b7c4d70f395a1c9f/.github/fixes-docs/FIX_1643_SUMMARY.md
5218,UM,Navassa Island,UM-76,held,"{""level"": 4, ""parent_id"": null}",,held_conflict,Minor-outlying-island umbrella is a dual ISO grouping with separate island administrative arrangements. US pilot leaves the US-UM umbrella level unset; no uniform country-relative UM hierarchy was verified. Preserve island levels pending explicit policy.,https://github.com/dr5hn/countries-states-cities-database/blob/85fb8848193db488eb7156d5b7c4d70f395a1c9f/MULTI_LEVEL_TERRITORIES.md https://github.com/dr5hn/countries-states-cities-database/blob/85fb8848193db488eb7156d5b7c4d70f395a1c9f/.github/fixes-docs/FIX_1643_SUMMARY.md
5219,UM,Palmyra Atoll,UM-95,held,"{""level"": 4, ""parent_id"": null}",,held_conflict,Minor-outlying-island umbrella is a dual ISO grouping with separate island administrative arrangements. US pilot leaves the US-UM umbrella level unset; no uniform country-relative UM hierarchy was verified. Preserve island levels pending explicit policy.,https://github.com/dr5hn/countries-states-cities-database/blob/85fb8848193db488eb7156d5b7c4d70f395a1c9f/MULTI_LEVEL_TERRITORIES.md https://github.com/dr5hn/countries-states-cities-database/blob/85fb8848193db488eb7156d5b7c4d70f395a1c9f/.github/fixes-docs/FIX_1643_SUMMARY.md
5220,UM,Wake Island,UM-79,held,"{""level"": 4, ""parent_id"": null}",,held_conflict,Minor-outlying-island umbrella is a dual ISO grouping with separate island administrative arrangements. US pilot leaves the US-UM umbrella level unset; no uniform country-relative UM hierarchy was verified. Preserve island levels pending explicit policy.,https://github.com/dr5hn/countries-states-cities-database/blob/85fb8848193db488eb7156d5b7c4d70f395a1c9f/MULTI_LEVEL_TERRITORIES.md https://github.com/dr5hn/countries-states-cities-database/blob/85fb8848193db488eb7156d5b7c4d70f395a1c9f/.github/fixes-docs/FIX_1643_SUMMARY.md
1432,US,United States Minor Outlying Islands,US-UM,held,"{""level"": null, ""parent_id"": null}",,held_conflict,US pilot changed 56 states/DC/inhabited territories and left this uninhabited umbrella outlying area unset. Check only; do not extend its levels through an inferred umbrella hierarchy.,https://github.com/dr5hn/countries-states-cities-database/blob/85fb8848193db488eb7156d5b7c4d70f395a1c9f/MULTI_LEVEL_TERRITORIES.md https://github.com/dr5hn/countries-states-cities-database/blob/85fb8848193db488eb7156d5b7c4d70f395a1c9f/.github/fixes-docs/FIX_1643_SUMMARY.md
5815,US,Armed Forces Europe,,held,"{""level"": null, ""parent_id"": null}",,held_unverified,"Intentional military postal routing extension, not an administrative subdivision; preserve null hierarchy and ISO fields under prior decisions.",https://github.com/dr5hn/countries-states-cities-database/blob/85fb8848193db488eb7156d5b7c4d70f395a1c9f/.github/fixes-docs/FIX_1643_SUMMARY.md
5816,US,Armed Forces of the Americas,,held,"{""level"": null, ""parent_id"": null}",,held_unverified,"Intentional military postal routing extension, not an administrative subdivision; preserve null hierarchy and ISO fields under prior decisions.",https://github.com/dr5hn/countries-states-cities-database/blob/85fb8848193db488eb7156d5b7c4d70f395a1c9f/.github/fixes-docs/FIX_1643_SUMMARY.md
5817,US,Armed Forces Pacific,,held,"{""level"": null, ""parent_id"": null}",,held_unverified,"Intentional military postal routing extension, not an administrative subdivision; preserve null hierarchy and ISO fields under prior decisions.",https://github.com/dr5hn/countries-states-cities-database/blob/85fb8848193db488eb7156d5b7c4d70f395a1c9f/.github/fixes-docs/FIX_1643_SUMMARY.md
3203,UY,Flores,UY-FS,changed,"{""level"": null}","{""level"": 1}",iso,ISO 3166-2 depth and parent,
3204,UY,San José,UY-SJ,changed,"{""level"": null}","{""level"": 1}",iso,ISO 3166-2 depth and parent,
3205,UY,Artigas,UY-AR,changed,"{""level"": null}","{""level"": 1}",iso,ISO 3166-2 depth and parent,
3206,UY,Maldonado,UY-MA,changed,"{""level"": null}","{""level"": 1}",iso,ISO 3166-2 depth and parent,
3207,UY,Rivera,UY-RV,changed,"{""level"": null}","{""level"": 1}",iso,ISO 3166-2 depth and parent,
3208,UY,Colonia,UY-CO,changed,"{""level"": null}","{""level"": 1}",iso,ISO 3166-2 depth and parent,
3209,UY,Durazno,UY-DU,changed,"{""level"": null}","{""level"": 1}",iso,ISO 3166-2 depth and parent,
3210,UY,Río Negro,UY-RN,changed,"{""level"": null}","{""level"": 1}",iso,ISO 3166-2 depth and parent,
3211,UY,Cerro Largo,UY-CL,changed,"{""level"": null}","{""level"": 1}",iso,ISO 3166-2 depth and parent,
3212,UY,Paysandú,UY-PA,changed,"{""level"": null}","{""level"": 1}",iso,ISO 3166-2 depth and parent,
3213,UY,Canelones,UY-CA,changed,"{""level"": null}","{""level"": 1}",iso,ISO 3166-2 depth and parent,
3214,UY,Treinta y Tres,UY-TT,changed,"{""level"": null}","{""level"": 1}",iso,ISO 3166-2 depth and parent,
3215,UY,Lavalleja,UY-LA,changed,"{""level"": null}","{""level"": 1}",iso,ISO 3166-2 depth and parent,
3216,UY,Rocha,UY-RO,changed,"{""level"": null}","{""level"": 1}",iso,ISO 3166-2 depth and parent,
3217,UY,Florida,UY-FD,changed,"{""level"": null}","{""level"": 1}",iso,ISO 3166-2 depth and parent,
3218,UY,Montevideo,UY-MO,changed,"{""level"": null}","{""level"": 1}",iso,ISO 3166-2 depth and parent,
3219,UY,Soriano,UY-SO,changed,"{""level"": null}","{""level"": 1}",iso,ISO 3166-2 depth and parent,
3220,UY,Salto,UY-SA,changed,"{""level"": null}","{""level"": 1}",iso,ISO 3166-2 depth and parent,
3221,UY,Tacuarembó,UY-TA,changed,"{""level"": null}","{""level"": 1}",iso,ISO 3166-2 depth and parent,
2536,UZ,Tashkent,UZ-TK,changed,"{""level"": 3}","{""level"": 1}",iso,ISO 3166-2 depth and parent,
3384,VC,Saint George,VC-04,changed,"{""level"": null}","{""level"": 1}",iso,ISO 3166-2 depth and parent,
3385,VC,Saint Patrick,VC-05,changed,"{""level"": null}","{""level"": 1}",iso,ISO 3166-2 depth and parent,
3386,VC,Saint Andrew,VC-02,changed,"{""level"": null}","{""level"": 1}",iso,ISO 3166-2 depth and parent,
3387,VC,Saint David,VC-03,changed,"{""level"": null}","{""level"": 1}",iso,ISO 3166-2 depth and parent,
3388,VC,Grenadines,VC-06,changed,"{""level"": null}","{""level"": 1}",iso,ISO 3166-2 depth and parent,
3389,VC,Charlotte,VC-01,changed,"{""level"": null}","{""level"": 1}",iso,ISO 3166-2 depth and parent,
2046,VE,Federal Dependencies,VE-W,changed,"{""level"": 2}","{""level"": 1}",iso,ISO 3166-2 depth and parent,
4855,VE,Distrito Capital,VE-A,changed,"{""level"": null}","{""level"": 1}",iso,ISO 3166-2 depth and parent,
4856,VE,Apure,VE-C,changed,"{""level"": null}","{""level"": 1}",iso,ISO 3166-2 depth and parent,
5072,VI,Saint Thomas,VI-ST,held,"{""level"": 2, ""parent_id"": null}",,held_unverified,No current official national source establishing this row's hierarchy was verified; absent from the supplied ISO mirror. Retain existing level and parent; code/identity review is outside this round.,https://github.com/dr5hn/countries-states-cities-database/blob/85fb8848193db488eb7156d5b7c4d70f395a1c9f/.github/fixes-docs/FIX_1643_SUMMARY.md
5073,VI,Saint John,VI-SJ,held,"{""level"": 2, ""parent_id"": null}",,held_unverified,No current official national source establishing this row's hierarchy was verified; absent from the supplied ISO mirror. Retain existing level and parent; code/identity review is outside this round.,https://github.com/dr5hn/countries-states-cities-database/blob/85fb8848193db488eb7156d5b7c4d70f395a1c9f/.github/fixes-docs/FIX_1643_SUMMARY.md
5074,VI,Saint Croix,VI-SC,held,"{""level"": 2, ""parent_id"": null}",,held_unverified,No current official national source establishing this row's hierarchy was verified; absent from the supplied ISO mirror. Retain existing level and parent; code/identity review is outside this round.,https://github.com/dr5hn/countries-states-cities-database/blob/85fb8848193db488eb7156d5b7c4d70f395a1c9f/.github/fixes-docs/FIX_1643_SUMMARY.md
3768,VN,Hưng Yên,VN-66,changed,"{""level"": null}","{""level"": 1}",iso,ISO 3166-2 depth and parent,
3769,VN,Đồng Tháp,VN-45,changed,"{""level"": null}","{""level"": 1}",iso,ISO 3166-2 depth and parent,
3771,VN,Thanh Hóa,VN-21,changed,"{""level"": null}","{""level"": 1}",iso,ISO 3166-2 depth and parent,
3773,VN,Điện Biên,VN-71,changed,"{""level"": null}","{""level"": 1}",iso,ISO 3166-2 depth and parent,
3778,VN,Cà Mau,VN-59,changed,"{""level"": null}","{""level"": 1}",iso,ISO 3166-2 depth and parent,
3780,VN,Nghệ An,VN-22,changed,"{""level"": null}","{""level"": 1}",iso,ISO 3166-2 depth and parent,
3782,VN,Cao Bằng,VN-04,changed,"{""level"": null}","{""level"": 1}",iso,ISO 3166-2 depth and parent,
3783,VN,Hải Phòng,VN-HP,changed,"{""level"": null}","{""level"": 1}",iso,ISO 3166-2 depth and parent,
3786,VN,Ninh Bình,VN-18,changed,"{""level"": null}","{""level"": 1}",iso,ISO 3166-2 depth and parent,
3790,VN,Vĩnh Long,VN-49,changed,"{""level"": null}","{""level"": 1}",iso,ISO 3166-2 depth and parent,
3791,VN,Bắc Ninh,VN-56,changed,"{""level"": null}","{""level"": 1}",iso,ISO 3166-2 depth and parent,
3792,VN,Lạng Sơn,VN-09,changed,"{""level"": null}","{""level"": 1}",iso,ISO 3166-2 depth and parent,
3793,VN,Khánh Hòa,VN-34,changed,"{""level"": null}","{""level"": 1}",iso,ISO 3166-2 depth and parent,
3794,VN,An Giang,VN-44,changed,"{""level"": null}","{""level"": 1}",iso,ISO 3166-2 depth and parent,
3795,VN,Tuyên Quang,VN-07,changed,"{""level"": null}","{""level"": 1}",iso,ISO 3166-2 depth and parent,
3798,VN,Huế,VN-26,changed,"{""level"": null}","{""level"": 1}",iso,ISO 3166-2 depth and parent,
3801,VN,Phú Thọ,VN-68,changed,"{""level"": null}","{""level"": 1}",iso,ISO 3166-2 depth and parent,
3803,VN,Quảng Trị,VN-25,changed,"{""level"": null}","{""level"": 1}",iso,ISO 3166-2 depth and parent,
3806,VN,Đà Nẵng,VN-DN,changed,"{""level"": null}","{""level"": 1}",iso,ISO 3166-2 depth and parent,
3807,VN,Thái Nguyên,VN-69,changed,"{""level"": null}","{""level"": 1}",iso,ISO 3166-2 depth and parent,
3810,VN,Hà Nội,VN-HN,changed,"{""level"": null}","{""level"": 1}",iso,ISO 3166-2 depth and parent,
3811,VN,Hồ Chí Minh,VN-SG,changed,"{""level"": null}","{""level"": 1}",iso,ISO 3166-2 depth and parent,
3812,VN,Sơn La,VN-05,changed,"{""level"": null}","{""level"": 1}",iso,ISO 3166-2 depth and parent,
3813,VN,Gia Lai,VN-30,changed,"{""level"": null}","{""level"": 1}",iso,ISO 3166-2 depth and parent,
3814,VN,Quảng Ninh,VN-13,changed,"{""level"": null}","{""level"": 1}",iso,ISO 3166-2 depth and parent,
3816,VN,Hà Tĩnh,VN-23,changed,"{""level"": null}","{""level"": 1}",iso,ISO 3166-2 depth and parent,
3817,VN,Lào Cai,VN-02,changed,"{""level"": null}","{""level"": 1}",iso,ISO 3166-2 depth and parent,
3818,VN,Lâm Đồng,VN-35,changed,"{""level"": null}","{""level"": 1}",iso,ISO 3166-2 depth and parent,
3821,VN,Đồng Nai,VN-39,changed,"{""level"": null}","{""level"": 1}",iso,ISO 3166-2 depth and parent,
3825,VN,Lai Châu,VN-01,changed,"{""level"": null}","{""level"": 1}",iso,ISO 3166-2 depth and parent,
3826,VN,Tây Ninh,VN-37,changed,"{""level"": null}","{""level"": 1}",iso,ISO 3166-2 depth and parent,
3828,VN,Quảng Ngãi,VN-29,changed,"{""level"": null}","{""level"": 1}",iso,ISO 3166-2 depth and parent,
3829,VN,Đắk Lắk,VN-33,changed,"{""level"": null}","{""level"": 1}",iso,ISO 3166-2 depth and parent,
4925,VN,Cần Thơ,VN-CT,changed,"{""level"": null}","{""level"": 1}",iso,ISO 3166-2 depth and parent,
4772,VU,Torba,VU-TOB,changed,"{""level"": null}","{""level"": 1}",iso,ISO 3166-2 depth and parent,
4773,VU,Penama,VU-PAM,changed,"{""level"": null}","{""level"": 1}",iso,ISO 3166-2 depth and parent,
4774,VU,Shefa,VU-SEE,changed,"{""level"": null}","{""level"": 1}",iso,ISO 3166-2 depth and parent,
4775,VU,Malampa,VU-MAP,changed,"{""level"": null}","{""level"": 1}",iso,ISO 3166-2 depth and parent,
4776,VU,Sanma,VU-SAM,changed,"{""level"": null}","{""level"": 1}",iso,ISO 3166-2 depth and parent,
4777,VU,Tafea,VU-TAE,changed,"{""level"": null}","{""level"": 1}",iso,ISO 3166-2 depth and parent,
5707,WF,Uvea,WF-UV,changed,"{""level"": null}","{""level"": 1}",iso,ISO 3166-2 depth and parent,
5708,WF,Sigave,WF-SG,changed,"{""level"": null}","{""level"": 1}",iso,ISO 3166-2 depth and parent,
5709,WF,Alo,WF-AL,changed,"{""level"": null}","{""level"": 1}",iso,ISO 3166-2 depth and parent,
4761,WS,Aiga-i-le-Tai,WS-AL,changed,"{""level"": null}","{""level"": 1}",iso,ISO 3166-2 depth and parent,
4762,WS,Satupa'itea,WS-SA,changed,"{""level"": null}","{""level"": 1}",iso,ISO 3166-2 depth and parent,
4763,WS,A'ana,WS-AA,changed,"{""level"": null}","{""level"": 1}",iso,ISO 3166-2 depth and parent,
4764,WS,Fa'asaleleaga,WS-FA,changed,"{""level"": null}","{""level"": 1}",iso,ISO 3166-2 depth and parent,
4765,WS,Atua,WS-AT,changed,"{""level"": null}","{""level"": 1}",iso,ISO 3166-2 depth and parent,
4766,WS,Vaisigano,WS-VS,changed,"{""level"": null}","{""level"": 1}",iso,ISO 3166-2 depth and parent,
4767,WS,Palauli,WS-PA,changed,"{""level"": null}","{""level"": 1}",iso,ISO 3166-2 depth and parent,
4768,WS,Va'a-o-Fonoti,WS-VF,changed,"{""level"": null}","{""level"": 1}",iso,ISO 3166-2 depth and parent,
4769,WS,Gaga'emauga,WS-GE,changed,"{""level"": null}","{""level"": 1}",iso,ISO 3166-2 depth and parent,
4770,WS,Tuamasaga,WS-TU,changed,"{""level"": null}","{""level"": 1}",iso,ISO 3166-2 depth and parent,
4771,WS,Gaga'ifomauga,WS-GI,changed,"{""level"": null}","{""level"": 1}",iso,ISO 3166-2 depth and parent,
4874,XK,Ferizaj,XK-XUF,held,"{""level"": null, ""parent_id"": null}",,held_geopolitical,Preserve prior sovereignty/territorial-policy decision for XK; no numeric depth or parent inference from another country's ISO hierarchy.,https://github.com/dr5hn/countries-states-cities-database/blob/85fb8848193db488eb7156d5b7c4d70f395a1c9f/.github/fixes-docs/FIX_1643_SUMMARY.md
4876,XK,Gjakove,XK-XDG,held,"{""level"": null, ""parent_id"": null}",,held_geopolitical,Preserve prior sovereignty/territorial-policy decision for XK; no numeric depth or parent inference from another country's ISO hierarchy.,https://github.com/dr5hn/countries-states-cities-database/blob/85fb8848193db488eb7156d5b7c4d70f395a1c9f/.github/fixes-docs/FIX_1643_SUMMARY.md
4877,XK,Gjilan,XK-XGJ,held,"{""level"": null, ""parent_id"": null}",,held_geopolitical,Preserve prior sovereignty/territorial-policy decision for XK; no numeric depth or parent inference from another country's ISO hierarchy.,https://github.com/dr5hn/countries-states-cities-database/blob/85fb8848193db488eb7156d5b7c4d70f395a1c9f/.github/fixes-docs/FIX_1643_SUMMARY.md
4878,XK,Mitrovica,XK-XKM,held,"{""level"": null, ""parent_id"": null}",,held_geopolitical,Preserve prior sovereignty/territorial-policy decision for XK; no numeric depth or parent inference from another country's ISO hierarchy.,https://github.com/dr5hn/countries-states-cities-database/blob/85fb8848193db488eb7156d5b7c4d70f395a1c9f/.github/fixes-docs/FIX_1643_SUMMARY.md
4879,XK,Pristina,XK-XPI,held,"{""level"": null, ""parent_id"": null}",,held_geopolitical,Preserve prior sovereignty/territorial-policy decision for XK; no numeric depth or parent inference from another country's ISO hierarchy.,https://github.com/dr5hn/countries-states-cities-database/blob/85fb8848193db488eb7156d5b7c4d70f395a1c9f/.github/fixes-docs/FIX_1643_SUMMARY.md
5321,XK,Peja,XK-PEJ,held,"{""level"": 2, ""parent_id"": null}",,held_geopolitical,Preserve prior sovereignty/territorial-policy decision for XK; no numeric depth or parent inference from another country's ISO hierarchy.,https://github.com/dr5hn/countries-states-cities-database/blob/85fb8848193db488eb7156d5b7c4d70f395a1c9f/.github/fixes-docs/FIX_1643_SUMMARY.md
5322,XK,Prizren,XK-PRI,held,"{""level"": 2, ""parent_id"": null}",,held_geopolitical,Preserve prior sovereignty/territorial-policy decision for XK; no numeric depth or parent inference from another country's ISO hierarchy.,https://github.com/dr5hn/countries-states-cities-database/blob/85fb8848193db488eb7156d5b7c4d70f395a1c9f/.github/fixes-docs/FIX_1643_SUMMARY.md
1231,YE,Ta'izz,YE-TA,changed,"{""level"": null}","{""level"": 1}",iso,ISO 3166-2 depth and parent,
1232,YE,Amanat Al Asimah,YE-SA,changed,"{""level"": null}","{""level"": 1}",iso,ISO 3166-2 depth and parent,
1233,YE,Ibb,YE-IB,changed,"{""level"": null}","{""level"": 1}",iso,ISO 3166-2 depth and parent,
1234,YE,Ma'rib,YE-MA,changed,"{""level"": null}","{""level"": 1}",iso,ISO 3166-2 depth and parent,
1235,YE,Al Mahwit,YE-MW,changed,"{""level"": null}","{""level"": 1}",iso,ISO 3166-2 depth and parent,
1236,YE,Sana'a,YE-SN,changed,"{""level"": null}","{""level"": 1}",iso,ISO 3166-2 depth and parent,
1237,YE,Abyan,YE-AB,changed,"{""level"": null}","{""level"": 1}",iso,ISO 3166-2 depth and parent,
1238,YE,Hadhramaut,YE-HD,changed,"{""level"": null}","{""level"": 1}",iso,ISO 3166-2 depth and parent,
1239,YE,Socotra,YE-SU,changed,"{""level"": null}","{""level"": 1}",iso,ISO 3166-2 depth and parent,
1240,YE,Al Bayda',YE-BA,changed,"{""level"": null}","{""level"": 1}",iso,ISO 3166-2 depth and parent,
1241,YE,Al Hudaydah,YE-HU,changed,"{""level"": null}","{""level"": 1}",iso,ISO 3166-2 depth and parent,
1242,YE,Adan,YE-AD,changed,"{""level"": null}","{""level"": 1}",iso,ISO 3166-2 depth and parent,
1243,YE,Al Jawf,YE-JA,changed,"{""level"": null}","{""level"": 1}",iso,ISO 3166-2 depth and parent,
1244,YE,Hajjah,YE-HJ,changed,"{""level"": null}","{""level"": 1}",iso,ISO 3166-2 depth and parent,
1245,YE,Lahij,YE-LA,changed,"{""level"": null}","{""level"": 1}",iso,ISO 3166-2 depth and parent,
1246,YE,Dhamar,YE-DH,changed,"{""level"": null}","{""level"": 1}",iso,ISO 3166-2 depth and parent,
1247,YE,Shabwah,YE-SH,changed,"{""level"": null}","{""level"": 1}",iso,ISO 3166-2 depth and parent,
1248,YE,Raymah,YE-RA,changed,"{""level"": null}","{""level"": 1}",iso,ISO 3166-2 depth and parent,
1249,YE,Saada,YE-SD,changed,"{""level"": null}","{""level"": 1}",iso,ISO 3166-2 depth and parent,
1250,YE,Amran,YE-AM,changed,"{""level"": null}","{""level"": 1}",iso,ISO 3166-2 depth and parent,
1251,YE,Al Mahrah,YE-MR,changed,"{""level"": null}","{""level"": 1}",iso,ISO 3166-2 depth and parent,
5467,YE,Ad Dali',YE-DA,changed,"{""level"": null}","{""level"": 1}",iso,ISO 3166-2 depth and parent,
5402,YT,Dzaoudzi,YT-01,held,"{""level"": null, ""parent_id"": null}",,held_unverified,No current official national source establishing this row's hierarchy was verified; absent from the supplied ISO mirror. Retain existing level and parent; code/identity review is outside this round.,https://github.com/dr5hn/countries-states-cities-database/blob/85fb8848193db488eb7156d5b7c4d70f395a1c9f/.github/fixes-docs/FIX_1643_SUMMARY.md
5403,YT,Pamandzi,YT-02,held,"{""level"": null, ""parent_id"": null}",,held_unverified,No current official national source establishing this row's hierarchy was verified; absent from the supplied ISO mirror. Retain existing level and parent; code/identity review is outside this round.,https://github.com/dr5hn/countries-states-cities-database/blob/85fb8848193db488eb7156d5b7c4d70f395a1c9f/.github/fixes-docs/FIX_1643_SUMMARY.md
5404,YT,Mamoudzou,YT-03,held,"{""level"": null, ""parent_id"": null}",,held_unverified,No current official national source establishing this row's hierarchy was verified; absent from the supplied ISO mirror. Retain existing level and parent; code/identity review is outside this round.,https://github.com/dr5hn/countries-states-cities-database/blob/85fb8848193db488eb7156d5b7c4d70f395a1c9f/.github/fixes-docs/FIX_1643_SUMMARY.md
5405,YT,Dembeni,YT-04,held,"{""level"": null, ""parent_id"": null}",,held_unverified,No current official national source establishing this row's hierarchy was verified; absent from the supplied ISO mirror. Retain existing level and parent; code/identity review is outside this round.,https://github.com/dr5hn/countries-states-cities-database/blob/85fb8848193db488eb7156d5b7c4d70f395a1c9f/.github/fixes-docs/FIX_1643_SUMMARY.md
5406,YT,Bandrélé,YT-05,held,"{""level"": null, ""parent_id"": null}",,held_unverified,No current official national source establishing this row's hierarchy was verified; absent from the supplied ISO mirror. Retain existing level and parent; code/identity review is outside this round.,https://github.com/dr5hn/countries-states-cities-database/blob/85fb8848193db488eb7156d5b7c4d70f395a1c9f/.github/fixes-docs/FIX_1643_SUMMARY.md
5407,YT,Kani Keli,YT-06,held,"{""level"": null, ""parent_id"": null}",,held_unverified,No current official national source establishing this row's hierarchy was verified; absent from the supplied ISO mirror. Retain existing level and parent; code/identity review is outside this round.,https://github.com/dr5hn/countries-states-cities-database/blob/85fb8848193db488eb7156d5b7c4d70f395a1c9f/.github/fixes-docs/FIX_1643_SUMMARY.md
5408,YT,Boueni,YT-07,held,"{""level"": null, ""parent_id"": null}",,held_unverified,No current official national source establishing this row's hierarchy was verified; absent from the supplied ISO mirror. Retain existing level and parent; code/identity review is outside this round.,https://github.com/dr5hn/countries-states-cities-database/blob/85fb8848193db488eb7156d5b7c4d70f395a1c9f/.github/fixes-docs/FIX_1643_SUMMARY.md
5409,YT,Chirongui,YT-08,held,"{""level"": null, ""parent_id"": null}",,held_unverified,No current official national source establishing this row's hierarchy was verified; absent from the supplied ISO mirror. Retain existing level and parent; code/identity review is outside this round.,https://github.com/dr5hn/countries-states-cities-database/blob/85fb8848193db488eb7156d5b7c4d70f395a1c9f/.github/fixes-docs/FIX_1643_SUMMARY.md
5410,YT,Sada,YT-09,held,"{""level"": null, ""parent_id"": null}",,held_unverified,No current official national source establishing this row's hierarchy was verified; absent from the supplied ISO mirror. Retain existing level and parent; code/identity review is outside this round.,https://github.com/dr5hn/countries-states-cities-database/blob/85fb8848193db488eb7156d5b7c4d70f395a1c9f/.github/fixes-docs/FIX_1643_SUMMARY.md
5411,YT,Ouangani,YT-10,held,"{""level"": null, ""parent_id"": null}",,held_unverified,No current official national source establishing this row's hierarchy was verified; absent from the supplied ISO mirror. Retain existing level and parent; code/identity review is outside this round.,https://github.com/dr5hn/countries-states-cities-database/blob/85fb8848193db488eb7156d5b7c4d70f395a1c9f/.github/fixes-docs/FIX_1643_SUMMARY.md
5412,YT,Chiconi,YT-11,held,"{""level"": null, ""parent_id"": null}",,held_unverified,No current official national source establishing this row's hierarchy was verified; absent from the supplied ISO mirror. Retain existing level and parent; code/identity review is outside this round.,https://github.com/dr5hn/countries-states-cities-database/blob/85fb8848193db488eb7156d5b7c4d70f395a1c9f/.github/fixes-docs/FIX_1643_SUMMARY.md
5413,YT,Tsingoni,YT-12,held,"{""level"": null, ""parent_id"": null}",,held_unverified,No current official national source establishing this row's hierarchy was verified; absent from the supplied ISO mirror. Retain existing level and parent; code/identity review is outside this round.,https://github.com/dr5hn/countries-states-cities-database/blob/85fb8848193db488eb7156d5b7c4d70f395a1c9f/.github/fixes-docs/FIX_1643_SUMMARY.md
5414,YT,M'Tsangamouji,YT-13,held,"{""level"": null, ""parent_id"": null}",,held_unverified,No current official national source establishing this row's hierarchy was verified; absent from the supplied ISO mirror. Retain existing level and parent; code/identity review is outside this round.,https://github.com/dr5hn/countries-states-cities-database/blob/85fb8848193db488eb7156d5b7c4d70f395a1c9f/.github/fixes-docs/FIX_1643_SUMMARY.md
5415,YT,Acoua,YT-14,held,"{""level"": null, ""parent_id"": null}",,held_unverified,No current official national source establishing this row's hierarchy was verified; absent from the supplied ISO mirror. Retain existing level and parent; code/identity review is outside this round.,https://github.com/dr5hn/countries-states-cities-database/blob/85fb8848193db488eb7156d5b7c4d70f395a1c9f/.github/fixes-docs/FIX_1643_SUMMARY.md
5416,YT,Mtsamboro,YT-15,held,"{""level"": null, ""parent_id"": null}",,held_unverified,No current official national source establishing this row's hierarchy was verified; absent from the supplied ISO mirror. Retain existing level and parent; code/identity review is outside this round.,https://github.com/dr5hn/countries-states-cities-database/blob/85fb8848193db488eb7156d5b7c4d70f395a1c9f/.github/fixes-docs/FIX_1643_SUMMARY.md
5417,YT,Bandraboua,YT-16,held,"{""level"": null, ""parent_id"": null}",,held_unverified,No current official national source establishing this row's hierarchy was verified; absent from the supplied ISO mirror. Retain existing level and parent; code/identity review is outside this round.,https://github.com/dr5hn/countries-states-cities-database/blob/85fb8848193db488eb7156d5b7c4d70f395a1c9f/.github/fixes-docs/FIX_1643_SUMMARY.md
5418,YT,Koungou,YT-17,held,"{""level"": null, ""parent_id"": null}",,held_unverified,No current official national source establishing this row's hierarchy was verified; absent from the supplied ISO mirror. Retain existing level and parent; code/identity review is outside this round.,https://github.com/dr5hn/countries-states-cities-database/blob/85fb8848193db488eb7156d5b7c4d70f395a1c9f/.github/fixes-docs/FIX_1643_SUMMARY.md
931,ZA,Northern Cape,ZA-NC,changed,"{""level"": null}","{""level"": 1}",iso,ISO 3166-2 depth and parent,
932,ZA,Free State,ZA-FS,changed,"{""level"": null}","{""level"": 1}",iso,ISO 3166-2 depth and parent,
933,ZA,Limpopo,ZA-LP,changed,"{""level"": null}","{""level"": 1}",iso,ISO 3166-2 depth and parent,
934,ZA,North West,ZA-NW,changed,"{""level"": null}","{""level"": 1}",iso,ISO 3166-2 depth and parent,
935,ZA,KwaZulu-Natal,ZA-KZN,changed,"{""level"": null}","{""level"": 1}",iso,ISO 3166-2 depth and parent,
936,ZA,Gauteng,ZA-GP,changed,"{""level"": null}","{""level"": 1}",iso,ISO 3166-2 depth and parent,
937,ZA,Mpumalanga,ZA-MP,changed,"{""level"": null}","{""level"": 1}",iso,ISO 3166-2 depth and parent,
938,ZA,Eastern Cape,ZA-EC,changed,"{""level"": null}","{""level"": 1}",iso,ISO 3166-2 depth and parent,
939,ZA,Western Cape,ZA-WC,changed,"{""level"": null}","{""level"": 1}",iso,ISO 3166-2 depth and parent,
